{
    "sample_index": 38495,
    "sample_id": "sample_38495",
    "dataset_index": 0,
    "image_id": "2f046970db2a42829b674816fb4ac0cd",
    "image_name": "2f046970db2a42829b674816fb4ac0cd.tif",
    "region": "Unknown",
    "temporal_baseline": "Unknown",
    "patch_number": "temp",
    "coherence_path": "C:\\Users\\ASUS\\OneDrive\\Documents\\AI_Landslide_Assessment\\data\\temp\\2f046970db2a42829b674816fb4ac0cd.tif",
    "phase_path": "C:\\Users\\ASUS\\OneDrive\\Documents\\AI_Landslide_Assessment\\data\\temp\\696d7e602bd94cbf8d0e98ef2207402a.tif",
    "ground_truth_path": null,
    "dataset_split": "Upload",
    "analysis_date": "2026-07-08 19:31:03",
    "coherence_analysis": {
        "mean": 0.5480987429618835,
        "median": 0.5495370030403137,
        "minimum": 0.3001256585121155,
        "maximum": 0.7999300360679626,
        "std": 0.14443950355052948,
        "variance": 0.020862769335508347,
        "range": 0.49980437755584717,
        "q25": 0.4226275384426117,
        "q50": 0.5495370030403137,
        "q75": 0.673627495765686,
        "skewness": 0.013166850432753563,
        "kurtosis": -1.1981899738311768,
        "low_coherence_percentage": 0.0,
        "medium_coherence_percentage": 79.78515625,
        "high_coherence_percentage": 20.21484375
    },
    "phase_analysis": {
        "mean": -0.016828343272209167,
        "median": -0.00415940023958683,
        "minimum": -3.1409664154052734,
        "maximum": 3.1408674716949463,
        "std": 1.8323758840560913,
        "variance": 3.3576014041900635,
        "range": 6.281833648681641,
        "skewness": 0.010059528984129429,
        "kurtosis": -1.1974955797195435,
        "entropy": 5.517182946977993,
        "energy": 6.844300830485539,
        "gradient_mean": 1.7188045978546143,
        "gradient_std": 0.8620239496231079
    },
    "segmentation_analysis": {
        "ground_truth_area": null,
        "predicted_area": 0,
        "difference": null,
        "area_percentage": 0.0,
        "dice": null,
        "iou": null,
        "precision": null,
        "recall": null,
        "specificity": null,
        "sensitivity": null,
        "accuracy": null,
        "f1_score": null,
        "average_probability": 0.00025101733626797795,
        "maximum_probability": 0.0036278576590120792,
        "minimum_probability": 1.2605744359461823e-07
    },
    "shape_analysis": {
        "connected_components": 0,
        "largest_component": 0,
        "smallest_component": 0,
        "average_component_area": 0.0,
        "perimeter": 0.0,
        "bounding_box": [
            0,
            0,
            0,
            0
        ],
        "centroid": [
            0,
            0
        ],
        "convex_area": 0.0,
        "solidity": 0.0,
        "aspect_ratio": 0.0,
        "circularity": 0.0,
        "shape_complexity": 0.0
    },
    "confidence_analysis": {
        "average_probability": 0.00025101733626797795,
        "maximum_probability": 0.0036278576590120792,
        "minimum_probability": 1.2605744359461823e-07,
        "confidence_variance": 7.000431168080468e-08,
        "confidence_entropy": -2047.9999991538523
    },
    "severity_assessment": {
        "severity_index": 0.24236321749446596,
        "risk_level": "Low",
        "confidence_level": "Low"
    },
    "file_paths": {
        "prediction": "predictions/sample_38495.png",
        "heatmap": "heatmaps/sample_38495.png",
        "overlay": "overlays/sample_38495.png"
    }
}