{
    "sample_index": 1151,
    "sample_id": "sample_01151",
    "dataset_index": 2886,
    "image_id": "143_43",
    "image_name": "143_43.tif",
    "region": "QueyrasPark",
    "temporal_baseline": "6days",
    "patch_number": "coherence",
    "coherence_path": "/kaggle/input/datasets/rishikeshgopal45/landslide-insar-isslide/ReadyToBeUsedDataset/6days/QueyrasPark/06Oct2018_12Oct2018/coherence/143_43.tif",
    "phase_path": "/kaggle/input/datasets/rishikeshgopal45/landslide-insar-isslide/ReadyToBeUsedDataset/6days/QueyrasPark/06Oct2018_12Oct2018/phase/143_43.tif",
    "ground_truth_path": "/kaggle/input/datasets/rishikeshgopal45/landslide-insar-isslide/ReadyToBeUsedDataset/6days/QueyrasPark/Segmentations/06Oct2018_12Oct2018/143_43.tif",
    "dataset_split": "Test",
    "analysis_date": "2026-07-06 12:43:24",
    "coherence_analysis": {
        "mean": 0.44290727376937866,
        "median": 0.35158342123031616,
        "minimum": 0.07657700031995773,
        "maximum": 0.9098467826843262,
        "std": 0.22597727179527283,
        "variance": 0.05106572434306145,
        "range": 0.8332697749137878,
        "q25": 0.25518500804901123,
        "q50": 0.35158342123031616,
        "q75": 0.677518904209137,
        "skewness": 0.5623170137405396,
        "kurtosis": -1.191960334777832,
        "low_coherence_percentage": 38.03,
        "medium_coherence_percentage": 38.879999999999995,
        "high_coherence_percentage": 23.09
    },
    "phase_analysis": {
        "mean": -1.3046278953552246,
        "median": -1.693224310874939,
        "minimum": -3.1032135486602783,
        "maximum": 3.131268262863159,
        "std": 1.198144555091858,
        "variance": 1.4355504512786865,
        "range": 6.2344818115234375,
        "skewness": 1.8900771141052246,
        "kurtosis": 3.4115476608276367,
        "entropy": 4.764146760738962,
        "energy": 20.72900789164046,
        "gradient_mean": 0.5127703547477722,
        "gradient_std": 0.7208114266395569
    },
    "segmentation_analysis": {
        "ground_truth_area": 0,
        "predicted_area": 0,
        "difference": 0,
        "area_percentage": 0.0,
        "dice": 0.0,
        "iou": 0.0,
        "precision": 0.0,
        "recall": 0.0,
        "specificity": 0.9999999999989999,
        "sensitivity": 0.0,
        "accuracy": 0.9999999999989999,
        "f1_score": 0.0,
        "average_probability": 2.5220906536560506e-05,
        "maximum_probability": 0.0011088680475950241,
        "minimum_probability": 5.6732103459467e-09
    },
    "shape_analysis": {
        "connected_components": 0,
        "largest_component": 0,
        "smallest_component": 0,
        "average_component_area": 0.0,
        "perimeter": 0.0,
        "bounding_box": [
            0,
            0,
            0,
            0
        ],
        "centroid": [
            0,
            0
        ],
        "convex_area": 0.0,
        "solidity": 0.0,
        "aspect_ratio": 0.0,
        "circularity": 0.0,
        "shape_complexity": 0.0
    },
    "confidence_analysis": {
        "average_probability": 2.5220906536560506e-05,
        "maximum_probability": 0.0011088680475950241,
        "minimum_probability": 5.6732103459467e-09,
        "confidence_variance": 2.965382384090276e-09,
        "confidence_entropy": -2047.9999991538523
    },
    "severity_assessment": {
        "severity_index": 0.2482873546534542,
        "risk_level": "Low",
        "confidence_level": "Low"
    },
    "file_paths": {
        "prediction": "predictions/sample_01151.png",
        "heatmap": "heatmaps/sample_01151.png",
        "overlay": "overlays/sample_01151.png"
    }
}