{
    "sample_index": 795,
    "sample_id": "sample_00795",
    "dataset_index": 8688,
    "image_id": "24_54",
    "image_name": "24_54.tif",
    "region": "Vanoise",
    "temporal_baseline": "12days",
    "patch_number": "coherence",
    "coherence_path": "/kaggle/input/datasets/rishikeshgopal45/landslide-insar-isslide/ReadyToBeUsedDataset/12days/Vanoise/20Jul2018_01Aug2018/coherence/24_54.tif",
    "phase_path": "/kaggle/input/datasets/rishikeshgopal45/landslide-insar-isslide/ReadyToBeUsedDataset/12days/Vanoise/20Jul2018_01Aug2018/phase/24_54.tif",
    "ground_truth_path": "/kaggle/input/datasets/rishikeshgopal45/landslide-insar-isslide/ReadyToBeUsedDataset/12days/Vanoise/Segmentations/20Jul2018_01Aug2018/24_54.tif",
    "dataset_split": "Test",
    "analysis_date": "2026-07-06 12:43:24",
    "coherence_analysis": {
        "mean": 0.6445756554603577,
        "median": 0.6779177188873291,
        "minimum": 0.11875145882368088,
        "maximum": 0.9535079598426819,
        "std": 0.16292759776115417,
        "variance": 0.02654540352523327,
        "range": 0.8347564935684204,
        "q25": 0.5448651313781738,
        "q50": 0.6779177188873291,
        "q75": 0.772057056427002,
        "skewness": -0.7555133104324341,
        "kurtosis": -0.07784438133239746,
        "low_coherence_percentage": 4.12,
        "medium_coherence_percentage": 51.370000000000005,
        "high_coherence_percentage": 44.51
    },
    "phase_analysis": {
        "mean": -0.2670704126358032,
        "median": -0.2455044537782669,
        "minimum": -2.89913010597229,
        "maximum": 3.013143301010132,
        "std": 0.284671813249588,
        "variance": 0.08103804290294647,
        "range": 5.912273406982422,
        "skewness": -0.2376450151205063,
        "kurtosis": 11.916007041931152,
        "entropy": 3.8233709015324715,
        "energy": 49.07245778191781,
        "gradient_mean": 0.07981342822313309,
        "gradient_std": 0.1308964639902115
    },
    "segmentation_analysis": {
        "ground_truth_area": 0,
        "predicted_area": 0,
        "difference": 0,
        "area_percentage": 0.0,
        "dice": 0.0,
        "iou": 0.0,
        "precision": 0.0,
        "recall": 0.0,
        "specificity": 0.9999999999989999,
        "sensitivity": 0.0,
        "accuracy": 0.9999999999989999,
        "f1_score": 0.0,
        "average_probability": 3.7127250834601e-05,
        "maximum_probability": 0.0019541438668966293,
        "minimum_probability": 8.047520427822974e-10
    },
    "shape_analysis": {
        "connected_components": 0,
        "largest_component": 0,
        "smallest_component": 0,
        "average_component_area": 0.0,
        "perimeter": 0.0,
        "bounding_box": [
            0,
            0,
            0,
            0
        ],
        "centroid": [
            0,
            0
        ],
        "convex_area": 0.0,
        "solidity": 0.0,
        "aspect_ratio": 0.0,
        "circularity": 0.0,
        "shape_complexity": 0.0
    },
    "confidence_analysis": {
        "average_probability": 3.7127250834601e-05,
        "maximum_probability": 0.0019541438668966293,
        "minimum_probability": 8.047520427822974e-10,
        "confidence_variance": 1.748203004581228e-08,
        "confidence_entropy": -2047.9999991538523
    },
    "severity_assessment": {
        "severity_index": 0.1331743019334667,
        "risk_level": "Very Low",
        "confidence_level": "Low"
    },
    "file_paths": {
        "prediction": "predictions/sample_00795.png",
        "heatmap": "heatmaps/sample_00795.png",
        "overlay": "overlays/sample_00795.png"
    }
}