{
    "sample_index": 1363,
    "sample_id": "sample_01363",
    "dataset_index": 1449,
    "image_id": "58_38",
    "image_name": "58_38.tif",
    "region": "OutsideTheBox",
    "temporal_baseline": "6days",
    "patch_number": "coherence",
    "coherence_path": "/kaggle/input/datasets/rishikeshgopal45/landslide-insar-isslide/ReadyToBeUsedDataset/6days/OutsideTheBox/06Oct2018_12Oct2018/coherence/58_38.tif",
    "phase_path": "/kaggle/input/datasets/rishikeshgopal45/landslide-insar-isslide/ReadyToBeUsedDataset/6days/OutsideTheBox/06Oct2018_12Oct2018/phase/58_38.tif",
    "ground_truth_path": "/kaggle/input/datasets/rishikeshgopal45/landslide-insar-isslide/ReadyToBeUsedDataset/6days/OutsideTheBox/Segmentations/06Oct2018_12Oct2018/58_38.tif",
    "dataset_split": "Test",
    "analysis_date": "2026-07-06 12:43:24",
    "coherence_analysis": {
        "mean": 0.3601558208465576,
        "median": 0.28502601385116577,
        "minimum": 0.07841970026493073,
        "maximum": 0.9192836284637451,
        "std": 0.19750648736953735,
        "variance": 0.039008814841508865,
        "range": 0.8408639430999756,
        "q25": 0.209949791431427,
        "q50": 0.28502601385116577,
        "q75": 0.47989389300346375,
        "skewness": 0.9831783175468445,
        "kurtosis": -0.1351630687713623,
        "low_coherence_percentage": 53.33,
        "medium_coherence_percentage": 37.730000000000004,
        "high_coherence_percentage": 8.94
    },
    "phase_analysis": {
        "mean": 0.43243643641471863,
        "median": 1.1357346773147583,
        "minimum": -3.131363868713379,
        "maximum": 3.1289877891540527,
        "std": 1.748888611793518,
        "variance": 3.0586113929748535,
        "range": 6.260351657867432,
        "skewness": -0.5445617437362671,
        "kurtosis": -0.9475812911987305,
        "entropy": 5.2487056481903,
        "energy": 10.680234799979312,
        "gradient_mean": 0.8692871332168579,
        "gradient_std": 0.9588043093681335
    },
    "segmentation_analysis": {
        "ground_truth_area": 0,
        "predicted_area": 0,
        "difference": 0,
        "area_percentage": 0.0,
        "dice": 0.0,
        "iou": 0.0,
        "precision": 0.0,
        "recall": 0.0,
        "specificity": 0.9999999999989999,
        "sensitivity": 0.0,
        "accuracy": 0.9999999999989999,
        "f1_score": 0.0,
        "average_probability": 3.0546718335244805e-05,
        "maximum_probability": 0.0014640075387433171,
        "minimum_probability": 2.836522572380318e-09
    },
    "shape_analysis": {
        "connected_components": 0,
        "largest_component": 0,
        "smallest_component": 0,
        "average_component_area": 0.0,
        "perimeter": 0.0,
        "bounding_box": [
            0,
            0,
            0,
            0
        ],
        "centroid": [
            0,
            0
        ],
        "convex_area": 0.0,
        "solidity": 0.0,
        "aspect_ratio": 0.0,
        "circularity": 0.0,
        "shape_complexity": 0.0
    },
    "confidence_analysis": {
        "average_probability": 3.0546718335244805e-05,
        "maximum_probability": 0.0014640075387433171,
        "minimum_probability": 2.836522572380318e-09,
        "confidence_variance": 6.810592534378657e-09,
        "confidence_entropy": -2047.9999991538523
    },
    "severity_assessment": {
        "severity_index": 0.28720436809293437,
        "risk_level": "Low",
        "confidence_level": "Low"
    },
    "file_paths": {
        "prediction": "predictions/sample_01363.png",
        "heatmap": "heatmaps/sample_01363.png",
        "overlay": "overlays/sample_01363.png"
    }
}