{
    "sample_index": 656,
    "sample_id": "sample_00656",
    "dataset_index": 3202,
    "image_id": "177_67",
    "image_name": "177_67.tif",
    "region": "QueyrasPark",
    "temporal_baseline": "6days",
    "patch_number": "coherence",
    "coherence_path": "/kaggle/input/datasets/rishikeshgopal45/landslide-insar-isslide/ReadyToBeUsedDataset/6days/QueyrasPark/14Jul2018_20Jul2018/coherence/177_67.tif",
    "phase_path": "/kaggle/input/datasets/rishikeshgopal45/landslide-insar-isslide/ReadyToBeUsedDataset/6days/QueyrasPark/14Jul2018_20Jul2018/phase/177_67.tif",
    "ground_truth_path": "/kaggle/input/datasets/rishikeshgopal45/landslide-insar-isslide/ReadyToBeUsedDataset/6days/QueyrasPark/Segmentations/14Jul2018_20Jul2018/177_67.tif",
    "dataset_split": "Test",
    "analysis_date": "2026-07-06 12:43:24",
    "coherence_analysis": {
        "mean": 0.5185958743095398,
        "median": 0.5226074457168579,
        "minimum": 0.12257441133260727,
        "maximum": 0.9164071679115295,
        "std": 0.1682930290699005,
        "variance": 0.028322545811533928,
        "range": 0.7938327789306641,
        "q25": 0.38549065589904785,
        "q50": 0.5226074457168579,
        "q75": 0.6537085771560669,
        "skewness": -0.04335547238588333,
        "kurtosis": -0.910325288772583,
        "low_coherence_percentage": 12.590000000000002,
        "medium_coherence_percentage": 70.89,
        "high_coherence_percentage": 16.520000000000003
    },
    "phase_analysis": {
        "mean": -1.3026593923568726,
        "median": -1.580571174621582,
        "minimum": -3.121657371520996,
        "maximum": 3.135857105255127,
        "std": 1.2780975103378296,
        "variance": 1.633533239364624,
        "range": 6.257514476776123,
        "skewness": 1.8855621814727783,
        "kurtosis": 3.626516342163086,
        "entropy": 4.7955066887826066,
        "energy": 17.84385873022673,
        "gradient_mean": 0.47356992959976196,
        "gradient_std": 0.775753378868103
    },
    "segmentation_analysis": {
        "ground_truth_area": 0,
        "predicted_area": 0,
        "difference": 0,
        "area_percentage": 0.0,
        "dice": 0.0,
        "iou": 0.0,
        "precision": 0.0,
        "recall": 0.0,
        "specificity": 0.9999999999989999,
        "sensitivity": 0.0,
        "accuracy": 0.9999999999989999,
        "f1_score": 0.0,
        "average_probability": 0.00018958994769491255,
        "maximum_probability": 0.023333372548222542,
        "minimum_probability": 5.492701779519216e-12
    },
    "shape_analysis": {
        "connected_components": 0,
        "largest_component": 0,
        "smallest_component": 0,
        "average_component_area": 0.0,
        "perimeter": 0.0,
        "bounding_box": [
            0,
            0,
            0,
            0
        ],
        "centroid": [
            0,
            0
        ],
        "convex_area": 0.0,
        "solidity": 0.0,
        "aspect_ratio": 0.0,
        "circularity": 0.0,
        "shape_complexity": 0.0
    },
    "confidence_analysis": {
        "average_probability": 0.00018958994769491255,
        "maximum_probability": 0.023333372548222542,
        "minimum_probability": 5.492701779519216e-12,
        "confidence_variance": 1.4283818927651737e-06,
        "confidence_entropy": -2014.2821616573647
    },
    "severity_assessment": {
        "severity_index": 0.23255847684915387,
        "risk_level": "Low",
        "confidence_level": "Low"
    },
    "file_paths": {
        "prediction": "predictions/sample_00656.png",
        "heatmap": "heatmaps/sample_00656.png",
        "overlay": "overlays/sample_00656.png"
    }
}