{
    "sample_index": 1506,
    "sample_id": "sample_01506",
    "dataset_index": 1566,
    "image_id": "81_35",
    "image_name": "81_35.tif",
    "region": "OutsideTheBox",
    "temporal_baseline": "6days",
    "patch_number": "coherence",
    "coherence_path": "/kaggle/input/datasets/rishikeshgopal45/landslide-insar-isslide/ReadyToBeUsedDataset/6days/OutsideTheBox/13Aug2018_19Aug2018/coherence/81_35.tif",
    "phase_path": "/kaggle/input/datasets/rishikeshgopal45/landslide-insar-isslide/ReadyToBeUsedDataset/6days/OutsideTheBox/13Aug2018_19Aug2018/phase/81_35.tif",
    "ground_truth_path": "/kaggle/input/datasets/rishikeshgopal45/landslide-insar-isslide/ReadyToBeUsedDataset/6days/OutsideTheBox/Segmentations/13Aug2018_19Aug2018/81_35.tif",
    "dataset_split": "Test",
    "analysis_date": "2026-07-06 12:43:24",
    "coherence_analysis": {
        "mean": 0.5965288877487183,
        "median": 0.6189343333244324,
        "minimum": 0.1309126764535904,
        "maximum": 0.9241748452186584,
        "std": 0.17576172947883606,
        "variance": 0.030892187729477882,
        "range": 0.7932621836662292,
        "q25": 0.4732990562915802,
        "q50": 0.6189343333244324,
        "q75": 0.7336399555206299,
        "skewness": -0.4061574935913086,
        "kurtosis": -0.6585953235626221,
        "low_coherence_percentage": 7.22,
        "medium_coherence_percentage": 61.01,
        "high_coherence_percentage": 31.77
    },
    "phase_analysis": {
        "mean": 1.032008171081543,
        "median": 2.3503196239471436,
        "minimum": -3.1396431922912598,
        "maximum": 3.1413180828094482,
        "std": 2.328126907348633,
        "variance": 5.420175075531006,
        "range": 6.280961036682129,
        "skewness": -0.9266667366027832,
        "kurtosis": -0.9917991161346436,
        "entropy": 4.649289773271878,
        "energy": 19.859620112351283,
        "gradient_mean": 0.4126255512237549,
        "gradient_std": 0.9797908663749695
    },
    "segmentation_analysis": {
        "ground_truth_area": 837,
        "predicted_area": 876,
        "difference": 39,
        "area_percentage": 8.76,
        "dice": 0.930531231751719,
        "iou": 0.8700873362350428,
        "precision": 0.9098173515877874,
        "recall": 0.9522102747795435,
        "specificity": 0.991378369528548,
        "sensitivity": 0.9522102747795435,
        "accuracy": 0.9880999999990118,
        "f1_score": 0.930531231751719,
        "average_probability": 0.08816827088594437,
        "maximum_probability": 1.0,
        "minimum_probability": 9.159093205895714e-25
    },
    "shape_analysis": {
        "connected_components": 2,
        "largest_component": 469,
        "smallest_component": 407,
        "average_component_area": 438.0,
        "perimeter": 82.18376541137695,
        "bounding_box": [
            37,
            39,
            30,
            21
        ],
        "centroid": [
            50.90405117270789,
            49.47121535181237
        ],
        "convex_area": 443.0,
        "solidity": 0.9762979683752528,
        "aspect_ratio": 1.4285714278911563,
        "circularity": 0.8046812927237497,
        "shape_complexity": 15.616581033609418
    },
    "confidence_analysis": {
        "average_probability": 0.08816827088594437,
        "maximum_probability": 1.0,
        "minimum_probability": 9.159093205895714e-25,
        "confidence_variance": 0.07608461380004883,
        "confidence_entropy": -1806.9751711352137
    },
    "severity_assessment": {
        "severity_index": 0.3190334120980531,
        "risk_level": "Low",
        "confidence_level": "Low"
    },
    "file_paths": {
        "prediction": "predictions/sample_01506.png",
        "heatmap": "heatmaps/sample_01506.png",
        "overlay": "overlays/sample_01506.png"
    }
}