{
    "sample_index": 379,
    "sample_id": "sample_00379",
    "dataset_index": 4291,
    "image_id": "34_55",
    "image_name": "34_55.tif",
    "region": "Vanoise",
    "temporal_baseline": "6days",
    "patch_number": "coherence",
    "coherence_path": "/kaggle/input/datasets/rishikeshgopal45/landslide-insar-isslide/ReadyToBeUsedDataset/6days/Vanoise/30Sep2018_06Oct2018/coherence/34_55.tif",
    "phase_path": "/kaggle/input/datasets/rishikeshgopal45/landslide-insar-isslide/ReadyToBeUsedDataset/6days/Vanoise/30Sep2018_06Oct2018/phase/34_55.tif",
    "ground_truth_path": "/kaggle/input/datasets/rishikeshgopal45/landslide-insar-isslide/ReadyToBeUsedDataset/6days/Vanoise/Segmentations/30Sep2018_06Oct2018/34_55.tif",
    "dataset_split": "Test",
    "analysis_date": "2026-07-06 12:43:24",
    "coherence_analysis": {
        "mean": 0.6147257089614868,
        "median": 0.6386879682540894,
        "minimum": 0.10372231900691986,
        "maximum": 0.9390372037887573,
        "std": 0.16937658190727234,
        "variance": 0.028688425198197365,
        "range": 0.8353148698806763,
        "q25": 0.5116633772850037,
        "q50": 0.6386879682540894,
        "q75": 0.7408686280250549,
        "skewness": -0.5474490523338318,
        "kurtosis": -0.2688913345336914,
        "low_coherence_percentage": 5.5,
        "medium_coherence_percentage": 59.57,
        "high_coherence_percentage": 34.93
    },
    "phase_analysis": {
        "mean": 1.6030827760696411,
        "median": 1.7357330322265625,
        "minimum": -3.1392788887023926,
        "maximum": 3.13498854637146,
        "std": 0.6792394518852234,
        "variance": 0.461366206407547,
        "range": 6.274267196655273,
        "skewness": -3.6372082233428955,
        "kurtosis": 19.068683624267578,
        "entropy": 4.170216687037966,
        "energy": 37.30816666740941,
        "gradient_mean": 0.15067410469055176,
        "gradient_std": 0.41150733828544617
    },
    "segmentation_analysis": {
        "ground_truth_area": 0,
        "predicted_area": 0,
        "difference": 0,
        "area_percentage": 0.0,
        "dice": 0.0,
        "iou": 0.0,
        "precision": 0.0,
        "recall": 0.0,
        "specificity": 0.9999999999989999,
        "sensitivity": 0.0,
        "accuracy": 0.9999999999989999,
        "f1_score": 0.0,
        "average_probability": 1.3158008187019732e-05,
        "maximum_probability": 0.0005206541973166168,
        "minimum_probability": 2.560882894631078e-10
    },
    "shape_analysis": {
        "connected_components": 0,
        "largest_component": 0,
        "smallest_component": 0,
        "average_component_area": 0.0,
        "perimeter": 0.0,
        "bounding_box": [
            0,
            0,
            0,
            0
        ],
        "centroid": [
            0,
            0
        ],
        "convex_area": 0.0,
        "solidity": 0.0,
        "aspect_ratio": 0.0,
        "circularity": 0.0,
        "shape_complexity": 0.0
    },
    "confidence_analysis": {
        "average_probability": 1.3158008187019732e-05,
        "maximum_probability": 0.0005206541973166168,
        "minimum_probability": 2.560882894631078e-10,
        "confidence_variance": 1.376126101959585e-09,
        "confidence_entropy": -2047.9999991538523
    },
    "severity_assessment": {
        "severity_index": 0.17721703558726912,
        "risk_level": "Very Low",
        "confidence_level": "Low"
    },
    "file_paths": {
        "prediction": "predictions/sample_00379.png",
        "heatmap": "heatmaps/sample_00379.png",
        "overlay": "overlays/sample_00379.png"
    }
}