{
    "sample_index": 335,
    "sample_id": "sample_00335",
    "dataset_index": 330,
    "image_id": "119_19",
    "image_name": "119_19.tif",
    "region": "EcrinPark",
    "temporal_baseline": "6days",
    "patch_number": "coherence",
    "coherence_path": "/kaggle/input/datasets/rishikeshgopal45/landslide-insar-isslide/ReadyToBeUsedDataset/6days/EcrinPark/06Oct2018_12Oct2018/coherence/119_19.tif",
    "phase_path": "/kaggle/input/datasets/rishikeshgopal45/landslide-insar-isslide/ReadyToBeUsedDataset/6days/EcrinPark/06Oct2018_12Oct2018/phase/119_19.tif",
    "ground_truth_path": "/kaggle/input/datasets/rishikeshgopal45/landslide-insar-isslide/ReadyToBeUsedDataset/6days/EcrinPark/Segmentations/06Oct2018_12Oct2018/119_19.tif",
    "dataset_split": "Test",
    "analysis_date": "2026-07-06 12:43:24",
    "coherence_analysis": {
        "mean": 0.6271108388900757,
        "median": 0.658460259437561,
        "minimum": 0.12319369614124298,
        "maximum": 0.9320572018623352,
        "std": 0.16986943781375885,
        "variance": 0.02885562740266323,
        "range": 0.8088635206222534,
        "q25": 0.5216030478477478,
        "q50": 0.658460259437561,
        "q75": 0.7622345685958862,
        "skewness": -0.6647358536720276,
        "kurtosis": -0.36164355278015137,
        "low_coherence_percentage": 5.76,
        "medium_coherence_percentage": 53.99,
        "high_coherence_percentage": 40.25
    },
    "phase_analysis": {
        "mean": -1.9375073909759521,
        "median": -2.3673341274261475,
        "minimum": -3.1406428813934326,
        "maximum": 3.1413540840148926,
        "std": 1.6953715085983276,
        "variance": 2.8742847442626953,
        "range": 6.281996726989746,
        "skewness": 2.337825059890747,
        "kurtosis": 4.117945671081543,
        "entropy": 4.255031111297099,
        "energy": 28.711834268230778,
        "gradient_mean": 0.3317823112010956,
        "gradient_std": 0.9115042090415955
    },
    "segmentation_analysis": {
        "ground_truth_area": 0,
        "predicted_area": 0,
        "difference": 0,
        "area_percentage": 0.0,
        "dice": 0.0,
        "iou": 0.0,
        "precision": 0.0,
        "recall": 0.0,
        "specificity": 0.9999999999989999,
        "sensitivity": 0.0,
        "accuracy": 0.9999999999989999,
        "f1_score": 0.0,
        "average_probability": 0.00027838960522785783,
        "maximum_probability": 0.09370952844619751,
        "minimum_probability": 2.970995005568966e-09
    },
    "shape_analysis": {
        "connected_components": 0,
        "largest_component": 0,
        "smallest_component": 0,
        "average_component_area": 0.0,
        "perimeter": 0.0,
        "bounding_box": [
            0,
            0,
            0,
            0
        ],
        "centroid": [
            0,
            0
        ],
        "convex_area": 0.0,
        "solidity": 0.0,
        "aspect_ratio": 0.0,
        "circularity": 0.0,
        "shape_complexity": 0.0
    },
    "confidence_analysis": {
        "average_probability": 0.00027838960522785783,
        "maximum_probability": 0.09370952844619751,
        "minimum_probability": 2.970995005568966e-09,
        "confidence_variance": 1.2160932783444878e-05,
        "confidence_entropy": -2022.274468340267
    },
    "severity_assessment": {
        "severity_index": 0.21902101621860157,
        "risk_level": "Low",
        "confidence_level": "Low"
    },
    "file_paths": {
        "prediction": "predictions/sample_00335.png",
        "heatmap": "heatmaps/sample_00335.png",
        "overlay": "overlays/sample_00335.png"
    }
}