{
    "sample_index": 33,
    "sample_id": "sample_00033",
    "dataset_index": 1898,
    "image_id": "77_62",
    "image_name": "77_62.tif",
    "region": "OutsideTheBox",
    "temporal_baseline": "6days",
    "patch_number": "coherence",
    "coherence_path": "/kaggle/input/datasets/rishikeshgopal45/landslide-insar-isslide/ReadyToBeUsedDataset/6days/OutsideTheBox/18Oct2018_24Oct2018/coherence/77_62.tif",
    "phase_path": "/kaggle/input/datasets/rishikeshgopal45/landslide-insar-isslide/ReadyToBeUsedDataset/6days/OutsideTheBox/18Oct2018_24Oct2018/phase/77_62.tif",
    "ground_truth_path": "/kaggle/input/datasets/rishikeshgopal45/landslide-insar-isslide/ReadyToBeUsedDataset/6days/OutsideTheBox/Segmentations/18Oct2018_24Oct2018/77_62.tif",
    "dataset_split": "Test",
    "analysis_date": "2026-07-06 12:43:24",
    "coherence_analysis": {
        "mean": 0.48885732889175415,
        "median": 0.4849587082862854,
        "minimum": 0.11705073714256287,
        "maximum": 0.9326708912849426,
        "std": 0.18972931802272797,
        "variance": 0.035997215658426285,
        "range": 0.8156201839447021,
        "q25": 0.3219282031059265,
        "q50": 0.4849587082862854,
        "q75": 0.639494001865387,
        "skewness": 0.16020193696022034,
        "kurtosis": -1.0344436168670654,
        "low_coherence_percentage": 20.990000000000002,
        "medium_coherence_percentage": 62.5,
        "high_coherence_percentage": 16.509999999999998
    },
    "phase_analysis": {
        "mean": -1.4505810737609863,
        "median": -1.590337872505188,
        "minimum": -3.1339685916900635,
        "maximum": 3.091245412826538,
        "std": 0.8162022829055786,
        "variance": 0.6661862134933472,
        "range": 6.225214004516602,
        "skewness": 1.9084664583206177,
        "kurtosis": 7.0713348388671875,
        "entropy": 4.641720636372774,
        "energy": 19.8377518415489,
        "gradient_mean": 0.22813564538955688,
        "gradient_std": 0.4379197359085083
    },
    "segmentation_analysis": {
        "ground_truth_area": 0,
        "predicted_area": 0,
        "difference": 0,
        "area_percentage": 0.0,
        "dice": 0.0,
        "iou": 0.0,
        "precision": 0.0,
        "recall": 0.0,
        "specificity": 0.9999999999989999,
        "sensitivity": 0.0,
        "accuracy": 0.9999999999989999,
        "f1_score": 0.0,
        "average_probability": 5.400094960350543e-05,
        "maximum_probability": 0.003232123563066125,
        "minimum_probability": 3.0660063377041524e-09
    },
    "shape_analysis": {
        "connected_components": 0,
        "largest_component": 0,
        "smallest_component": 0,
        "average_component_area": 0.0,
        "perimeter": 0.0,
        "bounding_box": [
            0,
            0,
            0,
            0
        ],
        "centroid": [
            0,
            0
        ],
        "convex_area": 0.0,
        "solidity": 0.0,
        "aspect_ratio": 0.0,
        "circularity": 0.0,
        "shape_complexity": 0.0
    },
    "confidence_analysis": {
        "average_probability": 5.400094960350543e-05,
        "maximum_probability": 0.003232123563066125,
        "minimum_probability": 3.0660063377041524e-09,
        "confidence_variance": 2.7816223990839717e-08,
        "confidence_entropy": -2047.9999991538523
    },
    "severity_assessment": {
        "severity_index": 0.2176657753606518,
        "risk_level": "Low",
        "confidence_level": "Low"
    },
    "file_paths": {
        "prediction": "predictions/sample_00033.png",
        "heatmap": "heatmaps/sample_00033.png",
        "overlay": "overlays/sample_00033.png"
    }
}