{
    "sample_index": 832,
    "sample_id": "sample_00832",
    "dataset_index": 1065,
    "image_id": "83_14",
    "image_name": "83_14.tif",
    "region": "OutsideTheBox",
    "temporal_baseline": "6days",
    "patch_number": "coherence",
    "coherence_path": "/kaggle/input/datasets/rishikeshgopal45/landslide-insar-isslide/ReadyToBeUsedDataset/6days/OutsideTheBox/01Aug2018_07Aug2018/coherence/83_14.tif",
    "phase_path": "/kaggle/input/datasets/rishikeshgopal45/landslide-insar-isslide/ReadyToBeUsedDataset/6days/OutsideTheBox/01Aug2018_07Aug2018/phase/83_14.tif",
    "ground_truth_path": "/kaggle/input/datasets/rishikeshgopal45/landslide-insar-isslide/ReadyToBeUsedDataset/6days/OutsideTheBox/Segmentations/01Aug2018_07Aug2018/83_14.tif",
    "dataset_split": "Test",
    "analysis_date": "2026-07-06 12:43:24",
    "coherence_analysis": {
        "mean": 0.6167092323303223,
        "median": 0.6642336845397949,
        "minimum": 0.10991987586021423,
        "maximum": 0.9414802193641663,
        "std": 0.19594024121761322,
        "variance": 0.038392577320337296,
        "range": 0.8315603733062744,
        "q25": 0.4917840361595154,
        "q50": 0.6642336845397949,
        "q75": 0.7685927748680115,
        "skewness": -0.672189474105835,
        "kurtosis": -0.5092859268188477,
        "low_coherence_percentage": 10.52,
        "medium_coherence_percentage": 47.68,
        "high_coherence_percentage": 41.8
    },
    "phase_analysis": {
        "mean": -0.6506507992744446,
        "median": -2.123143196105957,
        "minimum": -3.1411898136138916,
        "maximum": 3.1411356925964355,
        "std": 2.4260737895965576,
        "variance": 5.885834217071533,
        "range": 6.282325744628906,
        "skewness": 0.5224267840385437,
        "kurtosis": -1.5731650590896606,
        "entropy": 4.856076744553506,
        "energy": 16.364709043976738,
        "gradient_mean": 0.5293700098991394,
        "gradient_std": 1.0079783201217651
    },
    "segmentation_analysis": {
        "ground_truth_area": 807,
        "predicted_area": 863,
        "difference": 56,
        "area_percentage": 8.63,
        "dice": 0.9077844311322888,
        "iou": 0.8311403508680796,
        "precision": 0.8783314020755697,
        "recall": 0.9392812887120288,
        "specificity": 0.9885782660709359,
        "sensitivity": 0.9392812887120288,
        "accuracy": 0.9845999999990154,
        "f1_score": 0.9077844311322888,
        "average_probability": 0.08605876564979553,
        "maximum_probability": 1.0,
        "minimum_probability": 5.667949504283284e-18
    },
    "shape_analysis": {
        "connected_components": 3,
        "largest_component": 326,
        "smallest_component": 240,
        "average_component_area": 287.6666666666667,
        "perimeter": 72.52691125869751,
        "bounding_box": [
            49,
            23,
            23,
            22
        ],
        "centroid": [
            61.39877300613497,
            32.263803680981596
        ],
        "convex_area": 320.0,
        "solidity": 0.9171874999713379,
        "aspect_ratio": 1.0454545449793389,
        "circularity": 0.7011639919533302,
        "shape_complexity": 17.922156240367162
    },
    "confidence_analysis": {
        "average_probability": 0.08605876564979553,
        "maximum_probability": 1.0,
        "minimum_probability": 5.667949504283284e-18,
        "confidence_variance": 0.07351715117692947,
        "confidence_entropy": -1788.5709669598727
    },
    "severity_assessment": {
        "severity_index": 0.3204244693544747,
        "risk_level": "Low",
        "confidence_level": "Low"
    },
    "file_paths": {
        "prediction": "predictions/sample_00832.png",
        "heatmap": "heatmaps/sample_00832.png",
        "overlay": "overlays/sample_00832.png"
    }
}