{
    "sample_index": 948,
    "sample_id": "sample_00948",
    "dataset_index": 2752,
    "image_id": "147_7",
    "image_name": "147_7.tif",
    "region": "QueyrasPark",
    "temporal_baseline": "6days",
    "patch_number": "coherence",
    "coherence_path": "/kaggle/input/datasets/rishikeshgopal45/landslide-insar-isslide/ReadyToBeUsedDataset/6days/QueyrasPark/18Sep2018_24Sep2018/coherence/147_7.tif",
    "phase_path": "/kaggle/input/datasets/rishikeshgopal45/landslide-insar-isslide/ReadyToBeUsedDataset/6days/QueyrasPark/18Sep2018_24Sep2018/phase/147_7.tif",
    "ground_truth_path": "/kaggle/input/datasets/rishikeshgopal45/landslide-insar-isslide/ReadyToBeUsedDataset/6days/QueyrasPark/Segmentations/18Sep2018_24Sep2018/147_7.tif",
    "dataset_split": "Test",
    "analysis_date": "2026-07-06 12:43:24",
    "coherence_analysis": {
        "mean": 0.5080916285514832,
        "median": 0.5159218311309814,
        "minimum": 0.11961045116186142,
        "maximum": 0.856887698173523,
        "std": 0.12022261321544647,
        "variance": 0.01445347722619772,
        "range": 0.7372772693634033,
        "q25": 0.42834678292274475,
        "q50": 0.5159218311309814,
        "q75": 0.5952142477035522,
        "skewness": -0.28715795278549194,
        "kurtosis": -0.2786293029785156,
        "low_coherence_percentage": 5.58,
        "medium_coherence_percentage": 90.19,
        "high_coherence_percentage": 4.2299999999999995
    },
    "phase_analysis": {
        "mean": -1.1204887628555298,
        "median": -1.1071914434432983,
        "minimum": -2.235628604888916,
        "maximum": 0.13014306128025055,
        "std": 0.398444265127182,
        "variance": 0.15875782072544098,
        "range": 2.365771770477295,
        "skewness": -0.13704068958759308,
        "kurtosis": -0.4828932285308838,
        "entropy": 5.110100538774896,
        "energy": 80.34207197832869,
        "gradient_mean": 0.09326669573783875,
        "gradient_std": 0.08203891664743423
    },
    "segmentation_analysis": {
        "ground_truth_area": 0,
        "predicted_area": 0,
        "difference": 0,
        "area_percentage": 0.0,
        "dice": 0.0,
        "iou": 0.0,
        "precision": 0.0,
        "recall": 0.0,
        "specificity": 0.9999999999989999,
        "sensitivity": 0.0,
        "accuracy": 0.9999999999989999,
        "f1_score": 0.0,
        "average_probability": 2.03394429263426e-05,
        "maximum_probability": 0.002821605186909437,
        "minimum_probability": 4.490361860121084e-09
    },
    "shape_analysis": {
        "connected_components": 0,
        "largest_component": 0,
        "smallest_component": 0,
        "average_component_area": 0.0,
        "perimeter": 0.0,
        "bounding_box": [
            0,
            0,
            0,
            0
        ],
        "centroid": [
            0,
            0
        ],
        "convex_area": 0.0,
        "solidity": 0.0,
        "aspect_ratio": 0.0,
        "circularity": 0.0,
        "shape_complexity": 0.0
    },
    "confidence_analysis": {
        "average_probability": 2.03394429263426e-05,
        "maximum_probability": 0.002821605186909437,
        "minimum_probability": 4.490361860121084e-09,
        "confidence_variance": 1.5554133980799634e-08,
        "confidence_entropy": -2047.9999991538523
    },
    "severity_assessment": {
        "severity_index": 0.17996102494482044,
        "risk_level": "Very Low",
        "confidence_level": "Low"
    },
    "file_paths": {
        "prediction": "predictions/sample_00948.png",
        "heatmap": "heatmaps/sample_00948.png",
        "overlay": "overlays/sample_00948.png"
    }
}