{
    "sample_index": 556,
    "sample_id": "sample_00556",
    "dataset_index": 4154,
    "image_id": "17_4",
    "image_name": "17_4.tif",
    "region": "Vanoise",
    "temporal_baseline": "6days",
    "patch_number": "coherence",
    "coherence_path": "/kaggle/input/datasets/rishikeshgopal45/landslide-insar-isslide/ReadyToBeUsedDataset/6days/Vanoise/13Aug2018_19Aug2018/coherence/17_4.tif",
    "phase_path": "/kaggle/input/datasets/rishikeshgopal45/landslide-insar-isslide/ReadyToBeUsedDataset/6days/Vanoise/13Aug2018_19Aug2018/phase/17_4.tif",
    "ground_truth_path": "/kaggle/input/datasets/rishikeshgopal45/landslide-insar-isslide/ReadyToBeUsedDataset/6days/Vanoise/Segmentations/13Aug2018_19Aug2018/17_4.tif",
    "dataset_split": "Test",
    "analysis_date": "2026-07-06 12:43:24",
    "coherence_analysis": {
        "mean": 0.5511824488639832,
        "median": 0.5664610862731934,
        "minimum": 0.14076504111289978,
        "maximum": 0.9312708973884583,
        "std": 0.17394474148750305,
        "variance": 0.03025677427649498,
        "range": 0.7905058860778809,
        "q25": 0.4207112193107605,
        "q50": 0.5664610862731934,
        "q75": 0.6877847909927368,
        "skewness": -0.20372790098190308,
        "kurtosis": -0.8345425128936768,
        "low_coherence_percentage": 10.41,
        "medium_coherence_percentage": 67.15,
        "high_coherence_percentage": 22.439999999999998
    },
    "phase_analysis": {
        "mean": 1.317050576210022,
        "median": 1.5252221822738647,
        "minimum": -3.107012987136841,
        "maximum": 3.0751888751983643,
        "std": 0.8106153011322021,
        "variance": 0.6570971608161926,
        "range": 6.182201862335205,
        "skewness": -1.8043248653411865,
        "kurtosis": 4.66400146484375,
        "entropy": 4.586850460782615,
        "energy": 25.040680441333144,
        "gradient_mean": 0.19594614207744598,
        "gradient_std": 0.3478022515773773
    },
    "segmentation_analysis": {
        "ground_truth_area": 0,
        "predicted_area": 0,
        "difference": 0,
        "area_percentage": 0.0,
        "dice": 0.0,
        "iou": 0.0,
        "precision": 0.0,
        "recall": 0.0,
        "specificity": 0.9999999999989999,
        "sensitivity": 0.0,
        "accuracy": 0.9999999999989999,
        "f1_score": 0.0,
        "average_probability": 1.2318449989834335e-05,
        "maximum_probability": 0.0007547831628471613,
        "minimum_probability": 2.5365765043972033e-10
    },
    "shape_analysis": {
        "connected_components": 0,
        "largest_component": 0,
        "smallest_component": 0,
        "average_component_area": 0.0,
        "perimeter": 0.0,
        "bounding_box": [
            0,
            0,
            0,
            0
        ],
        "centroid": [
            0,
            0
        ],
        "convex_area": 0.0,
        "solidity": 0.0,
        "aspect_ratio": 0.0,
        "circularity": 0.0,
        "shape_complexity": 0.0
    },
    "confidence_analysis": {
        "average_probability": 1.2318449989834335e-05,
        "maximum_probability": 0.0007547831628471613,
        "minimum_probability": 2.5365765043972033e-10,
        "confidence_variance": 1.5651970830532491e-09,
        "confidence_entropy": -2047.9999991538523
    },
    "severity_assessment": {
        "severity_index": 0.20174470047497878,
        "risk_level": "Low",
        "confidence_level": "Low"
    },
    "file_paths": {
        "prediction": "predictions/sample_00556.png",
        "heatmap": "heatmaps/sample_00556.png",
        "overlay": "overlays/sample_00556.png"
    }
}