{
    "sample_index": 154,
    "sample_id": "sample_00154",
    "dataset_index": 8131,
    "image_id": "34_55",
    "image_name": "34_55.tif",
    "region": "Vanoise",
    "temporal_baseline": "12days",
    "patch_number": "coherence",
    "coherence_path": "/kaggle/input/datasets/rishikeshgopal45/landslide-insar-isslide/ReadyToBeUsedDataset/12days/Vanoise/18Sep2018_30Sep2018/coherence/34_55.tif",
    "phase_path": "/kaggle/input/datasets/rishikeshgopal45/landslide-insar-isslide/ReadyToBeUsedDataset/12days/Vanoise/18Sep2018_30Sep2018/phase/34_55.tif",
    "ground_truth_path": "/kaggle/input/datasets/rishikeshgopal45/landslide-insar-isslide/ReadyToBeUsedDataset/12days/Vanoise/Segmentations/18Sep2018_30Sep2018/34_55.tif",
    "dataset_split": "Test",
    "analysis_date": "2026-07-06 12:43:24",
    "coherence_analysis": {
        "mean": 0.5872650146484375,
        "median": 0.6081769466400146,
        "minimum": 0.11852426081895828,
        "maximum": 0.928400456905365,
        "std": 0.16160710155963898,
        "variance": 0.026116855442523956,
        "range": 0.8098762035369873,
        "q25": 0.4826381206512451,
        "q50": 0.6081769466400146,
        "q75": 0.704033374786377,
        "skewness": -0.4066452980041504,
        "kurtosis": -0.3859124183654785,
        "low_coherence_percentage": 5.81,
        "medium_coherence_percentage": 68.13,
        "high_coherence_percentage": 26.06
    },
    "phase_analysis": {
        "mean": -1.1114834547042847,
        "median": -1.1479077339172363,
        "minimum": -3.008965015411377,
        "maximum": 3.1229794025421143,
        "std": 0.4615762531757355,
        "variance": 0.2130526304244995,
        "range": 6.13194465637207,
        "skewness": 0.7410839200019836,
        "kurtosis": 7.678236961364746,
        "entropy": 4.236420335819654,
        "energy": 30.295538414737816,
        "gradient_mean": 0.11208159476518631,
        "gradient_std": 0.1946888267993927
    },
    "segmentation_analysis": {
        "ground_truth_area": 0,
        "predicted_area": 0,
        "difference": 0,
        "area_percentage": 0.0,
        "dice": 0.0,
        "iou": 0.0,
        "precision": 0.0,
        "recall": 0.0,
        "specificity": 0.9999999999989999,
        "sensitivity": 0.0,
        "accuracy": 0.9999999999989999,
        "f1_score": 0.0,
        "average_probability": 4.011527926195413e-05,
        "maximum_probability": 0.00275815068744123,
        "minimum_probability": 4.986215884628109e-09
    },
    "shape_analysis": {
        "connected_components": 0,
        "largest_component": 0,
        "smallest_component": 0,
        "average_component_area": 0.0,
        "perimeter": 0.0,
        "bounding_box": [
            0,
            0,
            0,
            0
        ],
        "centroid": [
            0,
            0
        ],
        "convex_area": 0.0,
        "solidity": 0.0,
        "aspect_ratio": 0.0,
        "circularity": 0.0,
        "shape_complexity": 0.0
    },
    "confidence_analysis": {
        "average_probability": 4.011527926195413e-05,
        "maximum_probability": 0.00275815068744123,
        "minimum_probability": 4.986215884628109e-09,
        "confidence_variance": 2.7534552415886537e-08,
        "confidence_entropy": -2047.9999991538523
    },
    "severity_assessment": {
        "severity_index": 0.1663451793692245,
        "risk_level": "Very Low",
        "confidence_level": "Low"
    },
    "file_paths": {
        "prediction": "predictions/sample_00154.png",
        "heatmap": "heatmaps/sample_00154.png",
        "overlay": "overlays/sample_00154.png"
    }
}