{
    "sample_index": 249,
    "sample_id": "sample_00249",
    "dataset_index": 10047,
    "image_id": "74_27",
    "image_name": "74_27.tif",
    "region": "OutsideTheBox",
    "temporal_baseline": "18days",
    "patch_number": "coherence",
    "coherence_path": "/kaggle/input/datasets/rishikeshgopal45/landslide-insar-isslide/ReadyToBeUsedDataset/18days/OutsideTheBox/24Sep2018_12Oct2018/coherence/74_27.tif",
    "phase_path": "/kaggle/input/datasets/rishikeshgopal45/landslide-insar-isslide/ReadyToBeUsedDataset/18days/OutsideTheBox/24Sep2018_12Oct2018/phase/74_27.tif",
    "ground_truth_path": "/kaggle/input/datasets/rishikeshgopal45/landslide-insar-isslide/ReadyToBeUsedDataset/18days/OutsideTheBox/Segmentations/24Sep2018_12Oct2018/74_27.tif",
    "dataset_split": "Test",
    "analysis_date": "2026-07-06 12:43:24",
    "coherence_analysis": {
        "mean": 0.31003421545028687,
        "median": 0.2739115357398987,
        "minimum": 0.09975922107696533,
        "maximum": 0.8450266718864441,
        "std": 0.12951810657978058,
        "variance": 0.016774939373135567,
        "range": 0.7452674508094788,
        "q25": 0.22370435297489166,
        "q50": 0.2739115357398987,
        "q75": 0.3559992015361786,
        "skewness": 1.543204426765442,
        "kurtosis": 2.2900099754333496,
        "low_coherence_percentage": 60.540000000000006,
        "medium_coherence_percentage": 37.25,
        "high_coherence_percentage": 2.21
    },
    "phase_analysis": {
        "mean": 0.1273578554391861,
        "median": 0.41076037287712097,
        "minimum": -3.1357967853546143,
        "maximum": 3.1408698558807373,
        "std": 1.656509280204773,
        "variance": 2.744022846221924,
        "range": 6.276666641235352,
        "skewness": -0.20331843197345734,
        "kurtosis": -0.9565553665161133,
        "entropy": 5.419892804116856,
        "energy": 8.144276790323719,
        "gradient_mean": 1.078863263130188,
        "gradient_std": 0.926181435585022
    },
    "segmentation_analysis": {
        "ground_truth_area": 0,
        "predicted_area": 0,
        "difference": 0,
        "area_percentage": 0.0,
        "dice": 0.0,
        "iou": 0.0,
        "precision": 0.0,
        "recall": 0.0,
        "specificity": 0.9999999999989999,
        "sensitivity": 0.0,
        "accuracy": 0.9999999999989999,
        "f1_score": 0.0,
        "average_probability": 1.0525933248572983e-05,
        "maximum_probability": 0.0003989429969806224,
        "minimum_probability": 7.730310142006758e-11
    },
    "shape_analysis": {
        "connected_components": 0,
        "largest_component": 0,
        "smallest_component": 0,
        "average_component_area": 0.0,
        "perimeter": 0.0,
        "bounding_box": [
            0,
            0,
            0,
            0
        ],
        "centroid": [
            0,
            0
        ],
        "convex_area": 0.0,
        "solidity": 0.0,
        "aspect_ratio": 0.0,
        "circularity": 0.0,
        "shape_complexity": 0.0
    },
    "confidence_analysis": {
        "average_probability": 1.0525933248572983e-05,
        "maximum_probability": 0.0003989429969806224,
        "minimum_probability": 7.730310142006758e-11,
        "confidence_variance": 6.166943622432086e-10,
        "confidence_entropy": -2047.9999991538523
    },
    "severity_assessment": {
        "severity_index": 0.29720467733510614,
        "risk_level": "Low",
        "confidence_level": "Low"
    },
    "file_paths": {
        "prediction": "predictions/sample_00249.png",
        "heatmap": "heatmaps/sample_00249.png",
        "overlay": "overlays/sample_00249.png"
    }
}