{
    "sample_index": 736,
    "sample_id": "sample_00736",
    "dataset_index": 3203,
    "image_id": "178_10",
    "image_name": "178_10.tif",
    "region": "QueyrasPark",
    "temporal_baseline": "6days",
    "patch_number": "coherence",
    "coherence_path": "/kaggle/input/datasets/rishikeshgopal45/landslide-insar-isslide/ReadyToBeUsedDataset/6days/QueyrasPark/14Jul2018_20Jul2018/coherence/178_10.tif",
    "phase_path": "/kaggle/input/datasets/rishikeshgopal45/landslide-insar-isslide/ReadyToBeUsedDataset/6days/QueyrasPark/14Jul2018_20Jul2018/phase/178_10.tif",
    "ground_truth_path": "/kaggle/input/datasets/rishikeshgopal45/landslide-insar-isslide/ReadyToBeUsedDataset/6days/QueyrasPark/Segmentations/14Jul2018_20Jul2018/178_10.tif",
    "dataset_split": "Test",
    "analysis_date": "2026-07-06 12:43:24",
    "coherence_analysis": {
        "mean": 0.5595996379852295,
        "median": 0.5763675570487976,
        "minimum": 0.10339460521936417,
        "maximum": 0.9164071679115295,
        "std": 0.1801021844148636,
        "variance": 0.0324367992579937,
        "range": 0.8130125403404236,
        "q25": 0.41677454113960266,
        "q50": 0.5763675570487976,
        "q75": 0.7089736461639404,
        "skewness": -0.2613010108470917,
        "kurtosis": -0.9233558177947998,
        "low_coherence_percentage": 10.07,
        "medium_coherence_percentage": 63.23,
        "high_coherence_percentage": 26.700000000000003
    },
    "phase_analysis": {
        "mean": -1.3040293455123901,
        "median": -1.616163730621338,
        "minimum": -3.1338908672332764,
        "maximum": 3.135857105255127,
        "std": 1.190468430519104,
        "variance": 1.4172149896621704,
        "range": 6.269747734069824,
        "skewness": 2.0545036792755127,
        "kurtosis": 4.420114994049072,
        "entropy": 4.735209009830797,
        "energy": 20.067191508752646,
        "gradient_mean": 0.3548229932785034,
        "gradient_std": 0.6734302043914795
    },
    "segmentation_analysis": {
        "ground_truth_area": 0,
        "predicted_area": 0,
        "difference": 0,
        "area_percentage": 0.0,
        "dice": 0.0,
        "iou": 0.0,
        "precision": 0.0,
        "recall": 0.0,
        "specificity": 0.9999999999989999,
        "sensitivity": 0.0,
        "accuracy": 0.9999999999989999,
        "f1_score": 0.0,
        "average_probability": 0.0003354740038048476,
        "maximum_probability": 0.06614502519369125,
        "minimum_probability": 2.8302454130324506e-11
    },
    "shape_analysis": {
        "connected_components": 0,
        "largest_component": 0,
        "smallest_component": 0,
        "average_component_area": 0.0,
        "perimeter": 0.0,
        "bounding_box": [
            0,
            0,
            0,
            0
        ],
        "centroid": [
            0,
            0
        ],
        "convex_area": 0.0,
        "solidity": 0.0,
        "aspect_ratio": 0.0,
        "circularity": 0.0,
        "shape_complexity": 0.0
    },
    "confidence_analysis": {
        "average_probability": 0.0003354740038048476,
        "maximum_probability": 0.06614502519369125,
        "minimum_probability": 2.8302454130324506e-11,
        "confidence_variance": 8.203357538150158e-06,
        "confidence_entropy": -2004.3023253490708
    },
    "severity_assessment": {
        "severity_index": 0.21879541922267198,
        "risk_level": "Low",
        "confidence_level": "Low"
    },
    "file_paths": {
        "prediction": "predictions/sample_00736.png",
        "heatmap": "heatmaps/sample_00736.png",
        "overlay": "overlays/sample_00736.png"
    }
}