{
    "sample_index": 868,
    "sample_id": "sample_00868",
    "dataset_index": 4348,
    "image_id": "34_55",
    "image_name": "34_55.tif",
    "region": "Vanoise",
    "temporal_baseline": "6days",
    "patch_number": "coherence",
    "coherence_path": "/kaggle/input/datasets/rishikeshgopal45/landslide-insar-isslide/ReadyToBeUsedDataset/6days/Vanoise/14Jul2018_20Jul2018/coherence/34_55.tif",
    "phase_path": "/kaggle/input/datasets/rishikeshgopal45/landslide-insar-isslide/ReadyToBeUsedDataset/6days/Vanoise/14Jul2018_20Jul2018/phase/34_55.tif",
    "ground_truth_path": "/kaggle/input/datasets/rishikeshgopal45/landslide-insar-isslide/ReadyToBeUsedDataset/6days/Vanoise/Segmentations/14Jul2018_20Jul2018/34_55.tif",
    "dataset_split": "Test",
    "analysis_date": "2026-07-06 12:43:24",
    "coherence_analysis": {
        "mean": 0.5189152359962463,
        "median": 0.5519506335258484,
        "minimum": 0.08024904131889343,
        "maximum": 0.8949979543685913,
        "std": 0.16633856296539307,
        "variance": 0.027668515220284462,
        "range": 0.8147488832473755,
        "q25": 0.38929855823516846,
        "q50": 0.5519506335258484,
        "q75": 0.6456215977668762,
        "skewness": -0.3513379693031311,
        "kurtosis": -0.8211619853973389,
        "low_coherence_percentage": 14.299999999999999,
        "medium_coherence_percentage": 72.48,
        "high_coherence_percentage": 13.22
    },
    "phase_analysis": {
        "mean": -1.1988558769226074,
        "median": -2.2821714878082275,
        "minimum": -3.141369342803955,
        "maximum": 3.1403286457061768,
        "std": 2.2410478591918945,
        "variance": 5.022294998168945,
        "range": 6.281698226928711,
        "skewness": 1.0476676225662231,
        "kurtosis": -0.5943641662597656,
        "entropy": 4.738713920398507,
        "energy": 20.657136527807012,
        "gradient_mean": 0.6185958981513977,
        "gradient_std": 1.1655020713806152
    },
    "segmentation_analysis": {
        "ground_truth_area": 134,
        "predicted_area": 0,
        "difference": 134,
        "area_percentage": 0.0,
        "dice": 0.0,
        "iou": 0.0,
        "precision": 0.0,
        "recall": 0.0,
        "specificity": 0.9999999999989864,
        "sensitivity": 0.0,
        "accuracy": 0.9865999999990133,
        "f1_score": 0.0,
        "average_probability": 0.00017670656961854547,
        "maximum_probability": 0.02072354219853878,
        "minimum_probability": 2.099277141009992e-10
    },
    "shape_analysis": {
        "connected_components": 0,
        "largest_component": 0,
        "smallest_component": 0,
        "average_component_area": 0.0,
        "perimeter": 0.0,
        "bounding_box": [
            0,
            0,
            0,
            0
        ],
        "centroid": [
            0,
            0
        ],
        "convex_area": 0.0,
        "solidity": 0.0,
        "aspect_ratio": 0.0,
        "circularity": 0.0,
        "shape_complexity": 0.0
    },
    "confidence_analysis": {
        "average_probability": 0.00017670656961854547,
        "maximum_probability": 0.02072354219853878,
        "minimum_probability": 2.099277141009992e-10,
        "confidence_variance": 1.304442093896796e-06,
        "confidence_entropy": -2019.0435004889425
    },
    "severity_assessment": {
        "severity_index": 0.25856275327059686,
        "risk_level": "Low",
        "confidence_level": "Low"
    },
    "file_paths": {
        "prediction": "predictions/sample_00868.png",
        "heatmap": "heatmaps/sample_00868.png",
        "overlay": "overlays/sample_00868.png"
    }
}