{
    "sample_index": 871,
    "sample_id": "sample_00871",
    "dataset_index": 1664,
    "image_id": "92_34",
    "image_name": "92_34.tif",
    "region": "OutsideTheBox",
    "temporal_baseline": "6days",
    "patch_number": "coherence",
    "coherence_path": "/kaggle/input/datasets/rishikeshgopal45/landslide-insar-isslide/ReadyToBeUsedDataset/6days/OutsideTheBox/12Oct2018_18Oct2018/coherence/92_34.tif",
    "phase_path": "/kaggle/input/datasets/rishikeshgopal45/landslide-insar-isslide/ReadyToBeUsedDataset/6days/OutsideTheBox/12Oct2018_18Oct2018/phase/92_34.tif",
    "ground_truth_path": "/kaggle/input/datasets/rishikeshgopal45/landslide-insar-isslide/ReadyToBeUsedDataset/6days/OutsideTheBox/Segmentations/12Oct2018_18Oct2018/92_34.tif",
    "dataset_split": "Test",
    "analysis_date": "2026-07-06 12:43:24",
    "coherence_analysis": {
        "mean": 0.42123353481292725,
        "median": 0.34799864888191223,
        "minimum": 0.10943080484867096,
        "maximum": 0.9180145263671875,
        "std": 0.20527440309524536,
        "variance": 0.04213757812976837,
        "range": 0.8085837364196777,
        "q25": 0.2596638798713684,
        "q50": 0.34799864888191223,
        "q75": 0.5646861791610718,
        "skewness": 0.7944268584251404,
        "kurtosis": -0.653735876083374,
        "low_coherence_percentage": 37.96,
        "medium_coherence_percentage": 45.86,
        "high_coherence_percentage": 16.18
    },
    "phase_analysis": {
        "mean": 1.1230249404907227,
        "median": 1.1934962272644043,
        "minimum": -3.12276029586792,
        "maximum": 3.1292879581451416,
        "std": 0.6634994149208069,
        "variance": 0.44023144245147705,
        "range": 6.252048492431641,
        "skewness": -2.613802909851074,
        "kurtosis": 13.12739372253418,
        "entropy": 4.197208652202015,
        "energy": 36.72490870029078,
        "gradient_mean": 0.2772730588912964,
        "gradient_std": 0.4464961886405945
    },
    "segmentation_analysis": {
        "ground_truth_area": 0,
        "predicted_area": 0,
        "difference": 0,
        "area_percentage": 0.0,
        "dice": 0.0,
        "iou": 0.0,
        "precision": 0.0,
        "recall": 0.0,
        "specificity": 0.9999999999989999,
        "sensitivity": 0.0,
        "accuracy": 0.9999999999989999,
        "f1_score": 0.0,
        "average_probability": 5.5161894124466926e-05,
        "maximum_probability": 0.008279929868876934,
        "minimum_probability": 1.8441198568197592e-10
    },
    "shape_analysis": {
        "connected_components": 0,
        "largest_component": 0,
        "smallest_component": 0,
        "average_component_area": 0.0,
        "perimeter": 0.0,
        "bounding_box": [
            0,
            0,
            0,
            0
        ],
        "centroid": [
            0,
            0
        ],
        "convex_area": 0.0,
        "solidity": 0.0,
        "aspect_ratio": 0.0,
        "circularity": 0.0,
        "shape_complexity": 0.0
    },
    "confidence_analysis": {
        "average_probability": 5.5161894124466926e-05,
        "maximum_probability": 0.008279929868876934,
        "minimum_probability": 1.8441198568197592e-10,
        "confidence_variance": 5.847845585549294e-08,
        "confidence_entropy": -2045.1605409159872
    },
    "severity_assessment": {
        "severity_index": 0.22446313998586953,
        "risk_level": "Low",
        "confidence_level": "Low"
    },
    "file_paths": {
        "prediction": "predictions/sample_00871.png",
        "heatmap": "heatmaps/sample_00871.png",
        "overlay": "overlays/sample_00871.png"
    }
}