{
    "sample_index": 1336,
    "sample_id": "sample_01336",
    "dataset_index": 8733,
    "image_id": "16_2",
    "image_name": "16_2.tif",
    "region": "Vanoise",
    "temporal_baseline": "12days",
    "patch_number": "coherence",
    "coherence_path": "/kaggle/input/datasets/rishikeshgopal45/landslide-insar-isslide/ReadyToBeUsedDataset/12days/Vanoise/13Aug2018_25Aug2018/coherence/16_2.tif",
    "phase_path": "/kaggle/input/datasets/rishikeshgopal45/landslide-insar-isslide/ReadyToBeUsedDataset/12days/Vanoise/13Aug2018_25Aug2018/phase/16_2.tif",
    "ground_truth_path": "/kaggle/input/datasets/rishikeshgopal45/landslide-insar-isslide/ReadyToBeUsedDataset/12days/Vanoise/Segmentations/13Aug2018_25Aug2018/16_2.tif",
    "dataset_split": "Test",
    "analysis_date": "2026-07-06 12:43:24",
    "coherence_analysis": {
        "mean": 0.6542738080024719,
        "median": 0.667835533618927,
        "minimum": 0.19373871386051178,
        "maximum": 0.9380329251289368,
        "std": 0.11577542871236801,
        "variance": 0.01340395025908947,
        "range": 0.7442942261695862,
        "q25": 0.5831482410430908,
        "q50": 0.667835533618927,
        "q75": 0.7365674376487732,
        "skewness": -0.5750434398651123,
        "kurtosis": 0.3143432140350342,
        "low_coherence_percentage": 0.54,
        "medium_coherence_percentage": 61.89,
        "high_coherence_percentage": 37.57
    },
    "phase_analysis": {
        "mean": 2.0573554039001465,
        "median": 2.070963144302368,
        "minimum": 0.743274450302124,
        "maximum": 3.0210652351379395,
        "std": 0.4950704872608185,
        "variance": 0.24509477615356445,
        "range": 2.2777907848358154,
        "skewness": -0.38492128252983093,
        "kurtosis": -0.68381667137146,
        "entropy": 5.220969863485637,
        "energy": 79.23948095843807,
        "gradient_mean": 0.048712681978940964,
        "gradient_std": 0.033551499247550964
    },
    "segmentation_analysis": {
        "ground_truth_area": 0,
        "predicted_area": 0,
        "difference": 0,
        "area_percentage": 0.0,
        "dice": 0.0,
        "iou": 0.0,
        "precision": 0.0,
        "recall": 0.0,
        "specificity": 0.9999999999989999,
        "sensitivity": 0.0,
        "accuracy": 0.9999999999989999,
        "f1_score": 0.0,
        "average_probability": 6.575650331797078e-05,
        "maximum_probability": 0.007914382964372635,
        "minimum_probability": 5.820990267579873e-08
    },
    "shape_analysis": {
        "connected_components": 0,
        "largest_component": 0,
        "smallest_component": 0,
        "average_component_area": 0.0,
        "perimeter": 0.0,
        "bounding_box": [
            0,
            0,
            0,
            0
        ],
        "centroid": [
            0,
            0
        ],
        "convex_area": 0.0,
        "solidity": 0.0,
        "aspect_ratio": 0.0,
        "circularity": 0.0,
        "shape_complexity": 0.0
    },
    "confidence_analysis": {
        "average_probability": 6.575650331797078e-05,
        "maximum_probability": 0.007914382964372635,
        "minimum_probability": 5.820990267579873e-08,
        "confidence_variance": 5.474046460562931e-08,
        "confidence_entropy": -2045.431580177597
    },
    "severity_assessment": {
        "severity_index": 0.1526585910022652,
        "risk_level": "Very Low",
        "confidence_level": "Low"
    },
    "file_paths": {
        "prediction": "predictions/sample_01336.png",
        "heatmap": "heatmaps/sample_01336.png",
        "overlay": "overlays/sample_01336.png"
    }
}