{
    "sample_index": 1751,
    "sample_id": "sample_01751",
    "dataset_index": 10602,
    "image_id": "51_17",
    "image_name": "51_17.tif",
    "region": "OutsideTheBox",
    "temporal_baseline": "18days",
    "patch_number": "coherence",
    "coherence_path": "/kaggle/input/datasets/rishikeshgopal45/landslide-insar-isslide/ReadyToBeUsedDataset/18days/OutsideTheBox/13Aug2018_31Aug2018/coherence/51_17.tif",
    "phase_path": "/kaggle/input/datasets/rishikeshgopal45/landslide-insar-isslide/ReadyToBeUsedDataset/18days/OutsideTheBox/13Aug2018_31Aug2018/phase/51_17.tif",
    "ground_truth_path": "/kaggle/input/datasets/rishikeshgopal45/landslide-insar-isslide/ReadyToBeUsedDataset/18days/OutsideTheBox/Segmentations/13Aug2018_31Aug2018/51_17.tif",
    "dataset_split": "Test",
    "analysis_date": "2026-07-06 12:43:24",
    "coherence_analysis": {
        "mean": 0.6016750335693359,
        "median": 0.6365896463394165,
        "minimum": 0.10789977759122849,
        "maximum": 0.9323610067367554,
        "std": 0.18232625722885132,
        "variance": 0.03324286639690399,
        "range": 0.8244612216949463,
        "q25": 0.46685659885406494,
        "q50": 0.6365896463394165,
        "q75": 0.7484762668609619,
        "skewness": -0.4788614511489868,
        "kurtosis": -0.7209699153900146,
        "low_coherence_percentage": 7.62,
        "medium_coherence_percentage": 56.03,
        "high_coherence_percentage": 36.35
    },
    "phase_analysis": {
        "mean": -1.385707974433899,
        "median": -1.3838615417480469,
        "minimum": -3.133193016052246,
        "maximum": 3.086693525314331,
        "std": 0.6499212384223938,
        "variance": 0.422397643327713,
        "range": 6.219886779785156,
        "skewness": 2.088681221008301,
        "kurtosis": 12.073989868164062,
        "entropy": 4.447601390726921,
        "energy": 24.892464646334208,
        "gradient_mean": 0.19009140133857727,
        "gradient_std": 0.3961978554725647
    },
    "segmentation_analysis": {
        "ground_truth_area": 0,
        "predicted_area": 0,
        "difference": 0,
        "area_percentage": 0.0,
        "dice": 0.0,
        "iou": 0.0,
        "precision": 0.0,
        "recall": 0.0,
        "specificity": 0.9999999999989999,
        "sensitivity": 0.0,
        "accuracy": 0.9999999999989999,
        "f1_score": 0.0,
        "average_probability": 1.7367863620165735e-05,
        "maximum_probability": 0.001920106471516192,
        "minimum_probability": 5.72212362128649e-13
    },
    "shape_analysis": {
        "connected_components": 0,
        "largest_component": 0,
        "smallest_component": 0,
        "average_component_area": 0.0,
        "perimeter": 0.0,
        "bounding_box": [
            0,
            0,
            0,
            0
        ],
        "centroid": [
            0,
            0
        ],
        "convex_area": 0.0,
        "solidity": 0.0,
        "aspect_ratio": 0.0,
        "circularity": 0.0,
        "shape_complexity": 0.0
    },
    "confidence_analysis": {
        "average_probability": 1.7367863620165735e-05,
        "maximum_probability": 0.001920106471516192,
        "minimum_probability": 5.72212362128649e-13,
        "confidence_variance": 1.0115150494982572e-08,
        "confidence_entropy": -2047.9999991538523
    },
    "severity_assessment": {
        "severity_index": 0.17836333414486244,
        "risk_level": "Very Low",
        "confidence_level": "Low"
    },
    "file_paths": {
        "prediction": "predictions/sample_01751.png",
        "heatmap": "heatmaps/sample_01751.png",
        "overlay": "overlays/sample_01751.png"
    }
}