{
    "sample_index": 1564,
    "sample_id": "sample_01564",
    "dataset_index": 3865,
    "image_id": "16_0",
    "image_name": "16_0.tif",
    "region": "Vanoise",
    "temporal_baseline": "6days",
    "patch_number": "coherence",
    "coherence_path": "/kaggle/input/datasets/rishikeshgopal45/landslide-insar-isslide/ReadyToBeUsedDataset/6days/Vanoise/12Sep2018_18Sep2018/coherence/16_0.tif",
    "phase_path": "/kaggle/input/datasets/rishikeshgopal45/landslide-insar-isslide/ReadyToBeUsedDataset/6days/Vanoise/12Sep2018_18Sep2018/phase/16_0.tif",
    "ground_truth_path": "/kaggle/input/datasets/rishikeshgopal45/landslide-insar-isslide/ReadyToBeUsedDataset/6days/Vanoise/Segmentations/12Sep2018_18Sep2018/16_0.tif",
    "dataset_split": "Test",
    "analysis_date": "2026-07-06 12:43:24",
    "coherence_analysis": {
        "mean": 0.6633335947990417,
        "median": 0.6756597757339478,
        "minimum": 0.13243968784809113,
        "maximum": 0.9617409706115723,
        "std": 0.10834261775016785,
        "variance": 0.011738122440874577,
        "range": 0.8293012976646423,
        "q25": 0.5970047116279602,
        "q50": 0.6756597757339478,
        "q75": 0.7417333722114563,
        "skewness": -0.5794895887374878,
        "kurtosis": 0.2896432876586914,
        "low_coherence_percentage": 0.22999999999999998,
        "medium_coherence_percentage": 58.720000000000006,
        "high_coherence_percentage": 41.05
    },
    "phase_analysis": {
        "mean": -2.4987528324127197,
        "median": -2.5109024047851562,
        "minimum": -2.954610586166382,
        "maximum": -1.860706090927124,
        "std": 0.19473059475421906,
        "variance": 0.03792000561952591,
        "range": 1.0939044952392578,
        "skewness": 0.41123101115226746,
        "kurtosis": -0.262103796005249,
        "entropy": 5.152960466891093,
        "energy": 361.43596628061886,
        "gradient_mean": 0.04268616810441017,
        "gradient_std": 0.027846045792102814
    },
    "segmentation_analysis": {
        "ground_truth_area": 0,
        "predicted_area": 0,
        "difference": 0,
        "area_percentage": 0.0,
        "dice": 0.0,
        "iou": 0.0,
        "precision": 0.0,
        "recall": 0.0,
        "specificity": 0.9999999999989999,
        "sensitivity": 0.0,
        "accuracy": 0.9999999999989999,
        "f1_score": 0.0,
        "average_probability": 9.23204788705334e-06,
        "maximum_probability": 0.00034164238604716957,
        "minimum_probability": 1.144234360039853e-10
    },
    "shape_analysis": {
        "connected_components": 0,
        "largest_component": 0,
        "smallest_component": 0,
        "average_component_area": 0.0,
        "perimeter": 0.0,
        "bounding_box": [
            0,
            0,
            0,
            0
        ],
        "centroid": [
            0,
            0
        ],
        "convex_area": 0.0,
        "solidity": 0.0,
        "aspect_ratio": 0.0,
        "circularity": 0.0,
        "shape_complexity": 0.0
    },
    "confidence_analysis": {
        "average_probability": 9.23204788705334e-06,
        "maximum_probability": 0.00034164238604716957,
        "minimum_probability": 1.144234360039853e-10,
        "confidence_variance": 3.7117406370690276e-10,
        "confidence_entropy": -2047.9999991538523
    },
    "severity_assessment": {
        "severity_index": 0.11676484488908467,
        "risk_level": "Very Low",
        "confidence_level": "Low"
    },
    "file_paths": {
        "prediction": "predictions/sample_01564.png",
        "heatmap": "heatmaps/sample_01564.png",
        "overlay": "overlays/sample_01564.png"
    }
}