{
    "sample_index": 839,
    "sample_id": "sample_00839",
    "dataset_index": 5673,
    "image_id": "74_29",
    "image_name": "74_29.tif",
    "region": "OutsideTheBox",
    "temporal_baseline": "12days",
    "patch_number": "coherence",
    "coherence_path": "/kaggle/input/datasets/rishikeshgopal45/landslide-insar-isslide/ReadyToBeUsedDataset/12days/OutsideTheBox/07Aug2018_19Aug2018/coherence/74_29.tif",
    "phase_path": "/kaggle/input/datasets/rishikeshgopal45/landslide-insar-isslide/ReadyToBeUsedDataset/12days/OutsideTheBox/07Aug2018_19Aug2018/phase/74_29.tif",
    "ground_truth_path": "/kaggle/input/datasets/rishikeshgopal45/landslide-insar-isslide/ReadyToBeUsedDataset/12days/OutsideTheBox/Segmentations/07Aug2018_19Aug2018/74_29.tif",
    "dataset_split": "Test",
    "analysis_date": "2026-07-06 12:43:24",
    "coherence_analysis": {
        "mean": 0.6332212090492249,
        "median": 0.6752603650093079,
        "minimum": 0.11919265240430832,
        "maximum": 0.9281771183013916,
        "std": 0.16433286666870117,
        "variance": 0.02700529247522354,
        "range": 0.8089844584465027,
        "q25": 0.5184919834136963,
        "q50": 0.6752603650093079,
        "q75": 0.7648243308067322,
        "skewness": -0.6833692193031311,
        "kurtosis": -0.5101840496063232,
        "low_coherence_percentage": 3.5900000000000003,
        "medium_coherence_percentage": 52.239999999999995,
        "high_coherence_percentage": 44.17
    },
    "phase_analysis": {
        "mean": -1.6414726972579956,
        "median": -2.188154697418213,
        "minimum": -3.134921073913574,
        "maximum": 3.1400058269500732,
        "std": 1.5979492664337158,
        "variance": 2.5534417629241943,
        "range": 6.274927139282227,
        "skewness": 1.9632081985473633,
        "kurtosis": 2.7157959938049316,
        "entropy": 4.687150105162228,
        "energy": 21.108667110836414,
        "gradient_mean": 0.3774944245815277,
        "gradient_std": 0.8451460599899292
    },
    "segmentation_analysis": {
        "ground_truth_area": 847,
        "predicted_area": 1135,
        "difference": 288,
        "area_percentage": 11.35,
        "dice": 0.847628657917015,
        "iou": 0.73555166374137,
        "precision": 0.7400881057203517,
        "recall": 0.9917355371783738,
        "specificity": 0.9677701300109605,
        "sensitivity": 0.9917355371783738,
        "accuracy": 0.9697999999990301,
        "f1_score": 0.847628657917015,
        "average_probability": 0.11396674811840057,
        "maximum_probability": 1.0,
        "minimum_probability": 9.472960916746376e-34
    },
    "shape_analysis": {
        "connected_components": 1,
        "largest_component": 1135,
        "smallest_component": 1135,
        "average_component_area": 1135.0,
        "perimeter": 155.88224935531616,
        "bounding_box": [
            30,
            29,
            63,
            31
        ],
        "centroid": [
            64.5568281938326,
            45.32863436123348
        ],
        "convex_area": 1152.5,
        "solidity": 0.9249457700570505,
        "aspect_ratio": 2.032258063860562,
        "circularity": 0.5512819089791753,
        "shape_complexity": 22.794817695914656
    },
    "confidence_analysis": {
        "average_probability": 0.11396674811840057,
        "maximum_probability": 1.0,
        "minimum_probability": 9.472960916746376e-34,
        "confidence_variance": 0.09558255970478058,
        "confidence_entropy": -1745.382282594004
    },
    "severity_assessment": {
        "severity_index": 0.31706348404481755,
        "risk_level": "Low",
        "confidence_level": "Low"
    },
    "file_paths": {
        "prediction": "predictions/sample_00839.png",
        "heatmap": "heatmaps/sample_00839.png",
        "overlay": "overlays/sample_00839.png"
    }
}