{
    "sample_index": 1770,
    "sample_id": "sample_01770",
    "dataset_index": 4719,
    "image_id": "133_2",
    "image_name": "133_2.tif",
    "region": "EcrinPark",
    "temporal_baseline": "12days",
    "patch_number": "coherence",
    "coherence_path": "/kaggle/input/datasets/rishikeshgopal45/landslide-insar-isslide/ReadyToBeUsedDataset/12days/EcrinPark/18Sep2018_30Sep2018/coherence/133_2.tif",
    "phase_path": "/kaggle/input/datasets/rishikeshgopal45/landslide-insar-isslide/ReadyToBeUsedDataset/12days/EcrinPark/18Sep2018_30Sep2018/phase/133_2.tif",
    "ground_truth_path": "/kaggle/input/datasets/rishikeshgopal45/landslide-insar-isslide/ReadyToBeUsedDataset/12days/EcrinPark/Segmentations/18Sep2018_30Sep2018/133_2.tif",
    "dataset_split": "Test",
    "analysis_date": "2026-07-06 12:43:24",
    "coherence_analysis": {
        "mean": 0.6855401396751404,
        "median": 0.7202155590057373,
        "minimum": 0.1647205650806427,
        "maximum": 0.9390513300895691,
        "std": 0.1497146487236023,
        "variance": 0.022414477542042732,
        "range": 0.774330735206604,
        "q25": 0.6053416132926941,
        "q50": 0.7202155590057373,
        "q75": 0.7948473691940308,
        "skewness": -0.948330819606781,
        "kurtosis": 0.4125351905822754,
        "low_coherence_percentage": 1.9900000000000002,
        "medium_coherence_percentage": 42.51,
        "high_coherence_percentage": 55.50000000000001
    },
    "phase_analysis": {
        "mean": -0.4599250555038452,
        "median": -0.477464884519577,
        "minimum": -1.5978518724441528,
        "maximum": 2.851165533065796,
        "std": 0.3758886158466339,
        "variance": 0.1412922590970993,
        "range": 4.449017524719238,
        "skewness": 0.31119853258132935,
        "kurtosis": 3.115957260131836,
        "entropy": 4.38985667368213,
        "energy": 47.62864829496687,
        "gradient_mean": 0.08102396130561829,
        "gradient_std": 0.1015048623085022
    },
    "segmentation_analysis": {
        "ground_truth_area": 0,
        "predicted_area": 0,
        "difference": 0,
        "area_percentage": 0.0,
        "dice": 0.0,
        "iou": 0.0,
        "precision": 0.0,
        "recall": 0.0,
        "specificity": 0.9999999999989999,
        "sensitivity": 0.0,
        "accuracy": 0.9999999999989999,
        "f1_score": 0.0,
        "average_probability": 1.7986694729188457e-05,
        "maximum_probability": 0.0005247238441370428,
        "minimum_probability": 1.4285611582565139e-09
    },
    "shape_analysis": {
        "connected_components": 0,
        "largest_component": 0,
        "smallest_component": 0,
        "average_component_area": 0.0,
        "perimeter": 0.0,
        "bounding_box": [
            0,
            0,
            0,
            0
        ],
        "centroid": [
            0,
            0
        ],
        "convex_area": 0.0,
        "solidity": 0.0,
        "aspect_ratio": 0.0,
        "circularity": 0.0,
        "shape_complexity": 0.0
    },
    "confidence_analysis": {
        "average_probability": 1.7986694729188457e-05,
        "maximum_probability": 0.0005247238441370428,
        "minimum_probability": 1.4285611582565139e-09,
        "confidence_variance": 1.790469883466983e-09,
        "confidence_entropy": -2047.9999991538523
    },
    "severity_assessment": {
        "severity_index": 0.133254361252879,
        "risk_level": "Very Low",
        "confidence_level": "Low"
    },
    "file_paths": {
        "prediction": "predictions/sample_01770.png",
        "heatmap": "heatmaps/sample_01770.png",
        "overlay": "overlays/sample_01770.png"
    }
}