{
    "sample_index": 1628,
    "sample_id": "sample_01628",
    "dataset_index": 10808,
    "image_id": "76_66",
    "image_name": "76_66.tif",
    "region": "OutsideTheBox",
    "temporal_baseline": "18days",
    "patch_number": "coherence",
    "coherence_path": "/kaggle/input/datasets/rishikeshgopal45/landslide-insar-isslide/ReadyToBeUsedDataset/18days/OutsideTheBox/14Jul2018_01Aug2018/coherence/76_66.tif",
    "phase_path": "/kaggle/input/datasets/rishikeshgopal45/landslide-insar-isslide/ReadyToBeUsedDataset/18days/OutsideTheBox/14Jul2018_01Aug2018/phase/76_66.tif",
    "ground_truth_path": "/kaggle/input/datasets/rishikeshgopal45/landslide-insar-isslide/ReadyToBeUsedDataset/18days/OutsideTheBox/Segmentations/14Jul2018_01Aug2018/76_66.tif",
    "dataset_split": "Test",
    "analysis_date": "2026-07-06 12:43:24",
    "coherence_analysis": {
        "mean": 0.47907373309135437,
        "median": 0.4835672378540039,
        "minimum": 0.11927294731140137,
        "maximum": 0.8834474086761475,
        "std": 0.15660002827644348,
        "variance": 0.024523571133613586,
        "range": 0.7641744613647461,
        "q25": 0.3534017503261566,
        "q50": 0.4835672378540039,
        "q75": 0.598058819770813,
        "skewness": 0.022217199206352234,
        "kurtosis": -0.837122917175293,
        "low_coherence_percentage": 15.98,
        "medium_coherence_percentage": 75.3,
        "high_coherence_percentage": 8.72
    },
    "phase_analysis": {
        "mean": -0.7834258079528809,
        "median": -0.814560055732727,
        "minimum": -3.1327738761901855,
        "maximum": 3.01926326751709,
        "std": 0.784512996673584,
        "variance": 0.6154606342315674,
        "range": 6.152037143707275,
        "skewness": 0.8028256297111511,
        "kurtosis": 2.9787917137145996,
        "entropy": 4.71547626621463,
        "energy": 18.328437990163046,
        "gradient_mean": 0.22478090226650238,
        "gradient_std": 0.4006683826446533
    },
    "segmentation_analysis": {
        "ground_truth_area": 0,
        "predicted_area": 0,
        "difference": 0,
        "area_percentage": 0.0,
        "dice": 0.0,
        "iou": 0.0,
        "precision": 0.0,
        "recall": 0.0,
        "specificity": 0.9999999999989999,
        "sensitivity": 0.0,
        "accuracy": 0.9999999999989999,
        "f1_score": 0.0,
        "average_probability": 0.00038989438326098025,
        "maximum_probability": 0.05454212799668312,
        "minimum_probability": 6.904183891265347e-10
    },
    "shape_analysis": {
        "connected_components": 0,
        "largest_component": 0,
        "smallest_component": 0,
        "average_component_area": 0.0,
        "perimeter": 0.0,
        "bounding_box": [
            0,
            0,
            0,
            0
        ],
        "centroid": [
            0,
            0
        ],
        "convex_area": 0.0,
        "solidity": 0.0,
        "aspect_ratio": 0.0,
        "circularity": 0.0,
        "shape_complexity": 0.0
    },
    "confidence_analysis": {
        "average_probability": 0.00038989438326098025,
        "maximum_probability": 0.05454212799668312,
        "minimum_probability": 6.904183891265347e-10,
        "confidence_variance": 5.765175501437625e-06,
        "confidence_entropy": -1989.0665658068444
    },
    "severity_assessment": {
        "severity_index": 0.21815617115828106,
        "risk_level": "Low",
        "confidence_level": "Low"
    },
    "file_paths": {
        "prediction": "predictions/sample_01628.png",
        "heatmap": "heatmaps/sample_01628.png",
        "overlay": "overlays/sample_01628.png"
    }
}