{
    "sample_index": 895,
    "sample_id": "sample_00895",
    "dataset_index": 12001,
    "image_id": "154_40",
    "image_name": "154_40.tif",
    "region": "QueyrasPark",
    "temporal_baseline": "18days",
    "patch_number": "coherence",
    "coherence_path": "/kaggle/input/datasets/rishikeshgopal45/landslide-insar-isslide/ReadyToBeUsedDataset/18days/QueyrasPark/14Jul2018_01Aug2018/coherence/154_40.tif",
    "phase_path": "/kaggle/input/datasets/rishikeshgopal45/landslide-insar-isslide/ReadyToBeUsedDataset/18days/QueyrasPark/14Jul2018_01Aug2018/phase/154_40.tif",
    "ground_truth_path": "/kaggle/input/datasets/rishikeshgopal45/landslide-insar-isslide/ReadyToBeUsedDataset/18days/QueyrasPark/Segmentations/14Jul2018_01Aug2018/154_40.tif",
    "dataset_split": "Test",
    "analysis_date": "2026-07-06 12:43:24",
    "coherence_analysis": {
        "mean": 0.4379686415195465,
        "median": 0.4257711172103882,
        "minimum": 0.10505899041891098,
        "maximum": 0.85458904504776,
        "std": 0.17240148782730103,
        "variance": 0.029722271487116814,
        "range": 0.7495300769805908,
        "q25": 0.2907404899597168,
        "q50": 0.4257711172103882,
        "q75": 0.5754239559173584,
        "skewness": 0.2257818728685379,
        "kurtosis": -0.9526619911193848,
        "low_coherence_percentage": 26.779999999999998,
        "medium_coherence_percentage": 65.13,
        "high_coherence_percentage": 8.09
    },
    "phase_analysis": {
        "mean": -1.1801670789718628,
        "median": -1.543890118598938,
        "minimum": -3.1179018020629883,
        "maximum": 3.101928949356079,
        "std": 1.4354711771011353,
        "variance": 2.060577630996704,
        "range": 6.219830513000488,
        "skewness": 1.4482831954956055,
        "kurtosis": 1.2930254936218262,
        "entropy": 4.979567359619706,
        "energy": 14.227270104409694,
        "gradient_mean": 0.4611051678657532,
        "gradient_std": 0.7576392889022827
    },
    "segmentation_analysis": {
        "ground_truth_area": 0,
        "predicted_area": 0,
        "difference": 0,
        "area_percentage": 0.0,
        "dice": 0.0,
        "iou": 0.0,
        "precision": 0.0,
        "recall": 0.0,
        "specificity": 0.9999999999989999,
        "sensitivity": 0.0,
        "accuracy": 0.9999999999989999,
        "f1_score": 0.0,
        "average_probability": 4.4505784899229184e-05,
        "maximum_probability": 0.00430136825889349,
        "minimum_probability": 6.47829523359178e-08
    },
    "shape_analysis": {
        "connected_components": 0,
        "largest_component": 0,
        "smallest_component": 0,
        "average_component_area": 0.0,
        "perimeter": 0.0,
        "bounding_box": [
            0,
            0,
            0,
            0
        ],
        "centroid": [
            0,
            0
        ],
        "convex_area": 0.0,
        "solidity": 0.0,
        "aspect_ratio": 0.0,
        "circularity": 0.0,
        "shape_complexity": 0.0
    },
    "confidence_analysis": {
        "average_probability": 4.4505784899229184e-05,
        "maximum_probability": 0.00430136825889349,
        "minimum_probability": 6.47829523359178e-08,
        "confidence_variance": 3.0908587689282285e-08,
        "confidence_entropy": -2047.2970096840543
    },
    "severity_assessment": {
        "severity_index": 0.25838820631036763,
        "risk_level": "Low",
        "confidence_level": "Low"
    },
    "file_paths": {
        "prediction": "predictions/sample_00895.png",
        "heatmap": "heatmaps/sample_00895.png",
        "overlay": "overlays/sample_00895.png"
    }
}