{
    "sample_index": 21818,
    "sample_id": "sample_21818",
    "dataset_index": 0,
    "image_id": "74c46d35d1b74d139839e654edc62bb5",
    "image_name": "74c46d35d1b74d139839e654edc62bb5.tif",
    "region": "Unknown",
    "temporal_baseline": "Unknown",
    "patch_number": "temp",
    "coherence_path": "C:\\Users\\ASUS\\OneDrive\\Documents\\AI_Landslide_Assessment\\data\\temp\\74c46d35d1b74d139839e654edc62bb5.tif",
    "phase_path": "C:\\Users\\ASUS\\OneDrive\\Documents\\AI_Landslide_Assessment\\data\\temp\\010fc41e4c5740e59d934e3717eb8844.tif",
    "ground_truth_path": null,
    "dataset_split": "Upload",
    "analysis_date": "2026-07-09 16:08:11",
    "coherence_analysis": {
        "mean": 0.6588757038116455,
        "median": 0.6851346492767334,
        "minimum": 0.11849816143512726,
        "maximum": 0.9392775893211365,
        "std": 0.16111890971660614,
        "variance": 0.025959301739931107,
        "range": 0.8207794427871704,
        "q25": 0.5607926845550537,
        "q50": 0.6851346492767334,
        "q75": 0.7804368734359741,
        "skewness": -0.7739429473876953,
        "kurtosis": 0.27248573303222656,
        "low_coherence_percentage": 3.53,
        "medium_coherence_percentage": 49.89,
        "high_coherence_percentage": 46.58
    },
    "phase_analysis": {
        "mean": -1.6827765703201294,
        "median": -1.902664303779602,
        "minimum": -3.135061740875244,
        "maximum": 3.1173996925354004,
        "std": 1.1036310195922852,
        "variance": 1.218001365661621,
        "range": 6.2524614334106445,
        "skewness": 2.8292856216430664,
        "kurtosis": 8.026519775390625,
        "entropy": 4.391882763205324,
        "energy": 26.987428194280266,
        "gradient_mean": 0.20034916698932648,
        "gradient_std": 0.5400416254997253
    },
    "segmentation_analysis": {
        "ground_truth_area": null,
        "predicted_area": 0,
        "difference": null,
        "area_percentage": 0.0,
        "dice": null,
        "iou": null,
        "precision": null,
        "recall": null,
        "specificity": null,
        "sensitivity": null,
        "accuracy": null,
        "f1_score": null,
        "average_probability": 1.3841335544384492e-07,
        "maximum_probability": 5.168690040591173e-05,
        "minimum_probability": 1.0644783665636481e-11
    },
    "shape_analysis": {
        "connected_components": 0,
        "largest_component": 0,
        "smallest_component": 0,
        "average_component_area": 0.0,
        "perimeter": 0.0,
        "bounding_box": [
            0,
            0,
            0,
            0
        ],
        "centroid": [
            0,
            0
        ],
        "convex_area": 0.0,
        "solidity": 0.0,
        "aspect_ratio": 0.0,
        "circularity": 0.0,
        "shape_complexity": 0.0
    },
    "confidence_analysis": {
        "average_probability": 1.3841335544384492e-07,
        "maximum_probability": 5.168690040591173e-05,
        "minimum_probability": 1.0644783665636481e-11,
        "confidence_variance": 1.5404257730500248e-12,
        "confidence_entropy": -2047.9999991538523
    },
    "severity_assessment": {
        "severity_index": 0.19020736666338456,
        "risk_level": "Very Low",
        "confidence_level": "Low"
    },
    "file_paths": {
        "prediction": "predictions/sample_21818.png",
        "heatmap": "heatmaps/sample_21818.png",
        "overlay": "overlays/sample_21818.png"
    }
}