{
    "sample_index": 497,
    "sample_id": "sample_00497",
    "dataset_index": 9994,
    "image_id": "98_13",
    "image_name": "98_13.tif",
    "region": "OutsideTheBox",
    "temporal_baseline": "18days",
    "patch_number": "coherence",
    "coherence_path": "/kaggle/input/datasets/rishikeshgopal45/landslide-insar-isslide/ReadyToBeUsedDataset/18days/OutsideTheBox/07Aug2018_25Aug2018/coherence/98_13.tif",
    "phase_path": "/kaggle/input/datasets/rishikeshgopal45/landslide-insar-isslide/ReadyToBeUsedDataset/18days/OutsideTheBox/07Aug2018_25Aug2018/phase/98_13.tif",
    "ground_truth_path": "/kaggle/input/datasets/rishikeshgopal45/landslide-insar-isslide/ReadyToBeUsedDataset/18days/OutsideTheBox/Segmentations/07Aug2018_25Aug2018/98_13.tif",
    "dataset_split": "Test",
    "analysis_date": "2026-07-06 12:43:24",
    "coherence_analysis": {
        "mean": 0.43471771478652954,
        "median": 0.4331730008125305,
        "minimum": 0.09723307192325592,
        "maximum": 0.8582056760787964,
        "std": 0.15187771618366241,
        "variance": 0.023066842928528786,
        "range": 0.7609726190567017,
        "q25": 0.30382823944091797,
        "q50": 0.4331730008125305,
        "q75": 0.5571021437644958,
        "skewness": 0.10671085119247437,
        "kurtosis": -0.97220778465271,
        "low_coherence_percentage": 24.05,
        "medium_coherence_percentage": 72.57000000000001,
        "high_coherence_percentage": 3.38
    },
    "phase_analysis": {
        "mean": 0.04432164132595062,
        "median": -0.06368449330329895,
        "minimum": -3.136626958847046,
        "maximum": 3.1355483531951904,
        "std": 1.4428519010543823,
        "variance": 2.0818214416503906,
        "range": 6.272175312042236,
        "skewness": 0.03875752165913582,
        "kurtosis": -0.319760799407959,
        "entropy": 5.332405212115633,
        "energy": 9.66630359170502,
        "gradient_mean": 0.4527592360973358,
        "gradient_std": 0.8622671961784363
    },
    "segmentation_analysis": {
        "ground_truth_area": 0,
        "predicted_area": 0,
        "difference": 0,
        "area_percentage": 0.0,
        "dice": 0.0,
        "iou": 0.0,
        "precision": 0.0,
        "recall": 0.0,
        "specificity": 0.9999999999989999,
        "sensitivity": 0.0,
        "accuracy": 0.9999999999989999,
        "f1_score": 0.0,
        "average_probability": 1.974475526367314e-05,
        "maximum_probability": 0.0006141897174529731,
        "minimum_probability": 2.0970249980933886e-09
    },
    "shape_analysis": {
        "connected_components": 0,
        "largest_component": 0,
        "smallest_component": 0,
        "average_component_area": 0.0,
        "perimeter": 0.0,
        "bounding_box": [
            0,
            0,
            0,
            0
        ],
        "centroid": [
            0,
            0
        ],
        "convex_area": 0.0,
        "solidity": 0.0,
        "aspect_ratio": 0.0,
        "circularity": 0.0,
        "shape_complexity": 0.0
    },
    "confidence_analysis": {
        "average_probability": 1.974475526367314e-05,
        "maximum_probability": 0.0006141897174529731,
        "minimum_probability": 2.0970249980933886e-09,
        "confidence_variance": 2.397468445991535e-09,
        "confidence_entropy": -2047.9999991538523
    },
    "severity_assessment": {
        "severity_index": 0.25944905059690315,
        "risk_level": "Low",
        "confidence_level": "Low"
    },
    "file_paths": {
        "prediction": "predictions/sample_00497.png",
        "heatmap": "heatmaps/sample_00497.png",
        "overlay": "overlays/sample_00497.png"
    }
}