{
    "sample_index": 189,
    "sample_id": "sample_00189",
    "dataset_index": 1434,
    "image_id": "47_48",
    "image_name": "47_48.tif",
    "region": "OutsideTheBox",
    "temporal_baseline": "6days",
    "patch_number": "coherence",
    "coherence_path": "/kaggle/input/datasets/rishikeshgopal45/landslide-insar-isslide/ReadyToBeUsedDataset/6days/OutsideTheBox/06Oct2018_12Oct2018/coherence/47_48.tif",
    "phase_path": "/kaggle/input/datasets/rishikeshgopal45/landslide-insar-isslide/ReadyToBeUsedDataset/6days/OutsideTheBox/06Oct2018_12Oct2018/phase/47_48.tif",
    "ground_truth_path": "/kaggle/input/datasets/rishikeshgopal45/landslide-insar-isslide/ReadyToBeUsedDataset/6days/OutsideTheBox/Segmentations/06Oct2018_12Oct2018/47_48.tif",
    "dataset_split": "Test",
    "analysis_date": "2026-07-06 12:43:24",
    "coherence_analysis": {
        "mean": 0.5186804533004761,
        "median": 0.5214604735374451,
        "minimum": 0.08458440750837326,
        "maximum": 0.9281567335128784,
        "std": 0.19938501715660095,
        "variance": 0.03975438326597214,
        "range": 0.8435723185539246,
        "q25": 0.33837196230888367,
        "q50": 0.5214604735374451,
        "q75": 0.6941546201705933,
        "skewness": -0.013419744558632374,
        "kurtosis": -1.1961637735366821,
        "low_coherence_percentage": 18.04,
        "medium_coherence_percentage": 57.92,
        "high_coherence_percentage": 24.04
    },
    "phase_analysis": {
        "mean": 0.859814465045929,
        "median": 2.7130141258239746,
        "minimum": -3.1415748596191406,
        "maximum": 3.1410269737243652,
        "std": 2.704998016357422,
        "variance": 7.317014217376709,
        "range": 6.282601833343506,
        "skewness": -0.6327970623970032,
        "kurtosis": -1.5612879991531372,
        "entropy": 4.02728427648424,
        "energy": 36.967852482534624,
        "gradient_mean": 0.8160247206687927,
        "gradient_std": 1.3700910806655884
    },
    "segmentation_analysis": {
        "ground_truth_area": 0,
        "predicted_area": 0,
        "difference": 0,
        "area_percentage": 0.0,
        "dice": 0.0,
        "iou": 0.0,
        "precision": 0.0,
        "recall": 0.0,
        "specificity": 0.9999999999989999,
        "sensitivity": 0.0,
        "accuracy": 0.9999999999989999,
        "f1_score": 0.0,
        "average_probability": 1.8176824596594088e-05,
        "maximum_probability": 0.0028849353548139334,
        "minimum_probability": 8.768318848773049e-10
    },
    "shape_analysis": {
        "connected_components": 0,
        "largest_component": 0,
        "smallest_component": 0,
        "average_component_area": 0.0,
        "perimeter": 0.0,
        "bounding_box": [
            0,
            0,
            0,
            0
        ],
        "centroid": [
            0,
            0
        ],
        "convex_area": 0.0,
        "solidity": 0.0,
        "aspect_ratio": 0.0,
        "circularity": 0.0,
        "shape_complexity": 0.0
    },
    "confidence_analysis": {
        "average_probability": 1.8176824596594088e-05,
        "maximum_probability": 0.0028849353548139334,
        "minimum_probability": 8.768318848773049e-10,
        "confidence_variance": 7.624277209572483e-09,
        "confidence_entropy": -2047.9999991538523
    },
    "severity_assessment": {
        "severity_index": 0.2663487511609056,
        "risk_level": "Low",
        "confidence_level": "Low"
    },
    "file_paths": {
        "prediction": "predictions/sample_00189.png",
        "heatmap": "heatmaps/sample_00189.png",
        "overlay": "overlays/sample_00189.png"
    }
}