{
    "sample_index": 121,
    "sample_id": "sample_00121",
    "dataset_index": 9925,
    "image_id": "47_48",
    "image_name": "47_48.tif",
    "region": "OutsideTheBox",
    "temporal_baseline": "18days",
    "patch_number": "coherence",
    "coherence_path": "/kaggle/input/datasets/rishikeshgopal45/landslide-insar-isslide/ReadyToBeUsedDataset/18days/OutsideTheBox/07Aug2018_25Aug2018/coherence/47_48.tif",
    "phase_path": "/kaggle/input/datasets/rishikeshgopal45/landslide-insar-isslide/ReadyToBeUsedDataset/18days/OutsideTheBox/07Aug2018_25Aug2018/phase/47_48.tif",
    "ground_truth_path": "/kaggle/input/datasets/rishikeshgopal45/landslide-insar-isslide/ReadyToBeUsedDataset/18days/OutsideTheBox/Segmentations/07Aug2018_25Aug2018/47_48.tif",
    "dataset_split": "Test",
    "analysis_date": "2026-07-06 12:43:24",
    "coherence_analysis": {
        "mean": 0.6962746977806091,
        "median": 0.7233951091766357,
        "minimum": 0.16223621368408203,
        "maximum": 0.9583767056465149,
        "std": 0.13626046478748322,
        "variance": 0.0185669157654047,
        "range": 0.7961404919624329,
        "q25": 0.625594973564148,
        "q50": 0.7233951091766357,
        "q75": 0.7927695512771606,
        "skewness": -0.9638885259628296,
        "kurtosis": 0.7913992404937744,
        "low_coherence_percentage": 1.21,
        "medium_coherence_percentage": 41.660000000000004,
        "high_coherence_percentage": 57.13
    },
    "phase_analysis": {
        "mean": 1.6426913738250732,
        "median": 1.6120167970657349,
        "minimum": 0.8967848420143127,
        "maximum": 2.9195914268493652,
        "std": 0.2676449716091156,
        "variance": 0.07163383066654205,
        "range": 2.0228066444396973,
        "skewness": 0.745429277420044,
        "kurtosis": 2.169379711151123,
        "entropy": 4.812338782855345,
        "energy": 164.17523293456742,
        "gradient_mean": 0.05417407304048538,
        "gradient_std": 0.05336488410830498
    },
    "segmentation_analysis": {
        "ground_truth_area": 368,
        "predicted_area": 246,
        "difference": 122,
        "area_percentage": 2.46,
        "dice": 0.7557003257205912,
        "iou": 0.6073298429160384,
        "precision": 0.943089430855972,
        "recall": 0.6304347825915643,
        "specificity": 0.9985465116268702,
        "sensitivity": 0.6304347825915643,
        "accuracy": 0.9849999999990149,
        "f1_score": 0.7557003257205912,
        "average_probability": 0.024945978075265884,
        "maximum_probability": 0.999745786190033,
        "minimum_probability": 1.2183186751113517e-11
    },
    "shape_analysis": {
        "connected_components": 1,
        "largest_component": 246,
        "smallest_component": 246,
        "average_component_area": 246.0,
        "perimeter": 58.870057225227356,
        "bounding_box": [
            43,
            39,
            15,
            22
        ],
        "centroid": [
            49.735772357723576,
            50.44308943089431
        ],
        "convex_area": 229.0,
        "solidity": 0.9585152838009382,
        "aspect_ratio": 0.6818181815082645,
        "circularity": 0.7958944434043056,
        "shape_complexity": 15.788991515005257
    },
    "confidence_analysis": {
        "average_probability": 0.024945978075265884,
        "maximum_probability": 0.999745786190033,
        "minimum_probability": 1.2183186751113517e-11,
        "confidence_variance": 0.021413415670394897,
        "confidence_entropy": -1921.6566835342062
    },
    "severity_assessment": {
        "severity_index": 0.17476732995598365,
        "risk_level": "Very Low",
        "confidence_level": "Low"
    },
    "file_paths": {
        "prediction": "predictions/sample_00121.png",
        "heatmap": "heatmaps/sample_00121.png",
        "overlay": "overlays/sample_00121.png"
    }
}