{
    "sample_index": 1051,
    "sample_id": "sample_01051",
    "dataset_index": 10646,
    "image_id": "82_64",
    "image_name": "82_64.tif",
    "region": "OutsideTheBox",
    "temporal_baseline": "18days",
    "patch_number": "coherence",
    "coherence_path": "/kaggle/input/datasets/rishikeshgopal45/landslide-insar-isslide/ReadyToBeUsedDataset/18days/OutsideTheBox/13Aug2018_31Aug2018/coherence/82_64.tif",
    "phase_path": "/kaggle/input/datasets/rishikeshgopal45/landslide-insar-isslide/ReadyToBeUsedDataset/18days/OutsideTheBox/13Aug2018_31Aug2018/phase/82_64.tif",
    "ground_truth_path": "/kaggle/input/datasets/rishikeshgopal45/landslide-insar-isslide/ReadyToBeUsedDataset/18days/OutsideTheBox/Segmentations/13Aug2018_31Aug2018/82_64.tif",
    "dataset_split": "Test",
    "analysis_date": "2026-07-06 12:43:24",
    "coherence_analysis": {
        "mean": 0.6527701020240784,
        "median": 0.7064650654792786,
        "minimum": 0.1032138466835022,
        "maximum": 0.9541441798210144,
        "std": 0.1814260482788086,
        "variance": 0.03291540965437889,
        "range": 0.8509303331375122,
        "q25": 0.5363525152206421,
        "q50": 0.7064650654792786,
        "q75": 0.7947399020195007,
        "skewness": -0.8369602560997009,
        "kurtosis": -0.27286672592163086,
        "low_coherence_percentage": 5.87,
        "medium_coherence_percentage": 42.95,
        "high_coherence_percentage": 51.18000000000001
    },
    "phase_analysis": {
        "mean": 1.232935905456543,
        "median": 1.310377597808838,
        "minimum": -3.1304097175598145,
        "maximum": 3.106353998184204,
        "std": 0.641259491443634,
        "variance": 0.411213755607605,
        "range": 6.236763954162598,
        "skewness": -1.5942522287368774,
        "kurtosis": 8.983480453491211,
        "entropy": 4.475889278459296,
        "energy": 23.522688422471813,
        "gradient_mean": 0.1580515205860138,
        "gradient_std": 0.36651280522346497
    },
    "segmentation_analysis": {
        "ground_truth_area": 0,
        "predicted_area": 0,
        "difference": 0,
        "area_percentage": 0.0,
        "dice": 0.0,
        "iou": 0.0,
        "precision": 0.0,
        "recall": 0.0,
        "specificity": 0.9999999999989999,
        "sensitivity": 0.0,
        "accuracy": 0.9999999999989999,
        "f1_score": 0.0,
        "average_probability": 0.0005887985462322831,
        "maximum_probability": 0.21961188316345215,
        "minimum_probability": 1.6869580732326028e-10
    },
    "shape_analysis": {
        "connected_components": 0,
        "largest_component": 0,
        "smallest_component": 0,
        "average_component_area": 0.0,
        "perimeter": 0.0,
        "bounding_box": [
            0,
            0,
            0,
            0
        ],
        "centroid": [
            0,
            0
        ],
        "convex_area": 0.0,
        "solidity": 0.0,
        "aspect_ratio": 0.0,
        "circularity": 0.0,
        "shape_complexity": 0.0
    },
    "confidence_analysis": {
        "average_probability": 0.0005887985462322831,
        "maximum_probability": 0.21961188316345215,
        "minimum_probability": 1.6869580732326028e-10,
        "confidence_variance": 4.7646521124988794e-05,
        "confidence_entropy": -2005.9020276230588
    },
    "severity_assessment": {
        "severity_index": 0.16494983952360642,
        "risk_level": "Very Low",
        "confidence_level": "Low"
    },
    "file_paths": {
        "prediction": "predictions/sample_01051.png",
        "heatmap": "heatmaps/sample_01051.png",
        "overlay": "overlays/sample_01051.png"
    }
}