{
    "sample_index": 1253,
    "sample_id": "sample_01253",
    "dataset_index": 9521,
    "image_id": "107_20",
    "image_name": "107_20.tif",
    "region": "EcrinPark",
    "temporal_baseline": "18days",
    "patch_number": "coherence",
    "coherence_path": "/kaggle/input/datasets/rishikeshgopal45/landslide-insar-isslide/ReadyToBeUsedDataset/18days/EcrinPark/14Jul2018_01Aug2018/coherence/107_20.tif",
    "phase_path": "/kaggle/input/datasets/rishikeshgopal45/landslide-insar-isslide/ReadyToBeUsedDataset/18days/EcrinPark/14Jul2018_01Aug2018/phase/107_20.tif",
    "ground_truth_path": "/kaggle/input/datasets/rishikeshgopal45/landslide-insar-isslide/ReadyToBeUsedDataset/18days/EcrinPark/Segmentations/14Jul2018_01Aug2018/107_20.tif",
    "dataset_split": "Test",
    "analysis_date": "2026-07-06 12:43:24",
    "coherence_analysis": {
        "mean": 0.583850085735321,
        "median": 0.6086759567260742,
        "minimum": 0.11758938431739807,
        "maximum": 0.9414924383163452,
        "std": 0.1939247101545334,
        "variance": 0.03760679438710213,
        "range": 0.8239030838012695,
        "q25": 0.42793571949005127,
        "q50": 0.6086759567260742,
        "q75": 0.7521752715110779,
        "skewness": -0.32840847969055176,
        "kurtosis": -1.003014087677002,
        "low_coherence_percentage": 10.32,
        "medium_coherence_percentage": 54.669999999999995,
        "high_coherence_percentage": 35.010000000000005
    },
    "phase_analysis": {
        "mean": -1.3441567420959473,
        "median": -1.3785194158554077,
        "minimum": -3.1394495964050293,
        "maximum": 3.1366755962371826,
        "std": 0.8832120299339294,
        "variance": 0.7800635099411011,
        "range": 6.276124954223633,
        "skewness": 2.331660747528076,
        "kurtosis": 8.661046981811523,
        "entropy": 4.494761746926254,
        "energy": 22.25886370590266,
        "gradient_mean": 0.2667219638824463,
        "gradient_std": 0.5705569982528687
    },
    "segmentation_analysis": {
        "ground_truth_area": 0,
        "predicted_area": 0,
        "difference": 0,
        "area_percentage": 0.0,
        "dice": 0.0,
        "iou": 0.0,
        "precision": 0.0,
        "recall": 0.0,
        "specificity": 0.9999999999989999,
        "sensitivity": 0.0,
        "accuracy": 0.9999999999989999,
        "f1_score": 0.0,
        "average_probability": 8.656871614221018e-06,
        "maximum_probability": 0.00029048247961327434,
        "minimum_probability": 9.555122915116954e-09
    },
    "shape_analysis": {
        "connected_components": 0,
        "largest_component": 0,
        "smallest_component": 0,
        "average_component_area": 0.0,
        "perimeter": 0.0,
        "bounding_box": [
            0,
            0,
            0,
            0
        ],
        "centroid": [
            0,
            0
        ],
        "convex_area": 0.0,
        "solidity": 0.0,
        "aspect_ratio": 0.0,
        "circularity": 0.0,
        "shape_complexity": 0.0
    },
    "confidence_analysis": {
        "average_probability": 8.656871614221018e-06,
        "maximum_probability": 0.00029048247961327434,
        "minimum_probability": 9.555122915116954e-09,
        "confidence_variance": 3.86401910468237e-10,
        "confidence_entropy": -2047.9999991538523
    },
    "severity_assessment": {
        "severity_index": 0.1978359479785509,
        "risk_level": "Very Low",
        "confidence_level": "Low"
    },
    "file_paths": {
        "prediction": "predictions/sample_01253.png",
        "heatmap": "heatmaps/sample_01253.png",
        "overlay": "overlays/sample_01253.png"
    }
}