{
    "sample_index": 708,
    "sample_id": "sample_00708",
    "dataset_index": 12603,
    "image_id": "10_48",
    "image_name": "10_48.tif",
    "region": "Vanoise",
    "temporal_baseline": "18days",
    "patch_number": "coherence",
    "coherence_path": "/kaggle/input/datasets/rishikeshgopal45/landslide-insar-isslide/ReadyToBeUsedDataset/18days/Vanoise/06Oct2018_24Oct2018/coherence/10_48.tif",
    "phase_path": "/kaggle/input/datasets/rishikeshgopal45/landslide-insar-isslide/ReadyToBeUsedDataset/18days/Vanoise/06Oct2018_24Oct2018/phase/10_48.tif",
    "ground_truth_path": "/kaggle/input/datasets/rishikeshgopal45/landslide-insar-isslide/ReadyToBeUsedDataset/18days/Vanoise/Segmentations/06Oct2018_24Oct2018/10_48.tif",
    "dataset_split": "Test",
    "analysis_date": "2026-07-06 12:43:24",
    "coherence_analysis": {
        "mean": 0.4547024369239807,
        "median": 0.43381303548812866,
        "minimum": 0.09156303107738495,
        "maximum": 0.9020815491676331,
        "std": 0.18283280730247498,
        "variance": 0.03342783451080322,
        "range": 0.8105185031890869,
        "q25": 0.2954724431037903,
        "q50": 0.43381303548812866,
        "q75": 0.6046762466430664,
        "skewness": 0.27971604466438293,
        "kurtosis": -1.0550847053527832,
        "low_coherence_percentage": 25.94,
        "medium_coherence_percentage": 62.03999999999999,
        "high_coherence_percentage": 12.02
    },
    "phase_analysis": {
        "mean": 1.286519169807434,
        "median": 1.8506184816360474,
        "minimum": -3.1401798725128174,
        "maximum": 3.130164623260498,
        "std": 1.6441013813018799,
        "variance": 2.7030694484710693,
        "range": 6.2703447341918945,
        "skewness": -1.4851049184799194,
        "kurtosis": 1.051666259765625,
        "entropy": 4.982056597376265,
        "energy": 15.047033132922847,
        "gradient_mean": 0.7122432589530945,
        "gradient_std": 0.9966943264007568
    },
    "segmentation_analysis": {
        "ground_truth_area": 544,
        "predicted_area": 538,
        "difference": 6,
        "area_percentage": 5.38,
        "dice": 0.9242144177363751,
        "iou": 0.8591065291948607,
        "precision": 0.9293680297225024,
        "recall": 0.919117647041928,
        "specificity": 0.9959813874777961,
        "sensitivity": 0.919117647041928,
        "accuracy": 0.9917999999990081,
        "f1_score": 0.9242144177363751,
        "average_probability": 0.05321844667196274,
        "maximum_probability": 1.0,
        "minimum_probability": 1.3102350320426826e-15
    },
    "shape_analysis": {
        "connected_components": 1,
        "largest_component": 538,
        "smallest_component": 538,
        "average_component_area": 538.0,
        "perimeter": 131.5979790687561,
        "bounding_box": [
            66,
            0,
            34,
            33
        ],
        "centroid": [
            85.08921933085502,
            20.95353159851301
        ],
        "convex_area": 750.0,
        "solidity": 0.63599999999152,
        "aspect_ratio": 1.0303030299908171,
        "circularity": 0.346122477118693,
        "shape_complexity": 36.306138563139854
    },
    "confidence_analysis": {
        "average_probability": 0.05321844667196274,
        "maximum_probability": 1.0,
        "minimum_probability": 1.3102350320426826e-15,
        "confidence_variance": 0.04722050204873085,
        "confidence_entropy": -1877.4310003222342
    },
    "severity_assessment": {
        "severity_index": 0.36364771239576826,
        "risk_level": "Low",
        "confidence_level": "Low"
    },
    "file_paths": {
        "prediction": "predictions/sample_00708.png",
        "heatmap": "heatmaps/sample_00708.png",
        "overlay": "overlays/sample_00708.png"
    }
}