{
    "sample_index": 368,
    "sample_id": "sample_00368",
    "dataset_index": 6921,
    "image_id": "188_30",
    "image_name": "188_30.tif",
    "region": "QueyrasPark",
    "temporal_baseline": "12days",
    "patch_number": "coherence",
    "coherence_path": "/kaggle/input/datasets/rishikeshgopal45/landslide-insar-isslide/ReadyToBeUsedDataset/12days/QueyrasPark/18Sep2018_30Sep2018/coherence/188_30.tif",
    "phase_path": "/kaggle/input/datasets/rishikeshgopal45/landslide-insar-isslide/ReadyToBeUsedDataset/12days/QueyrasPark/18Sep2018_30Sep2018/phase/188_30.tif",
    "ground_truth_path": "/kaggle/input/datasets/rishikeshgopal45/landslide-insar-isslide/ReadyToBeUsedDataset/12days/QueyrasPark/Segmentations/18Sep2018_30Sep2018/188_30.tif",
    "dataset_split": "Test",
    "analysis_date": "2026-07-06 12:43:24",
    "coherence_analysis": {
        "mean": 0.5574126839637756,
        "median": 0.5592085123062134,
        "minimum": 0.14463640749454498,
        "maximum": 0.8975541591644287,
        "std": 0.13899269700050354,
        "variance": 0.019318969920277596,
        "range": 0.7529177665710449,
        "q25": 0.462996244430542,
        "q50": 0.5592085123062134,
        "q75": 0.6603634357452393,
        "skewness": -0.16781722009181976,
        "kurtosis": -0.360288143157959,
        "low_coherence_percentage": 3.94,
        "medium_coherence_percentage": 79.64,
        "high_coherence_percentage": 16.42
    },
    "phase_analysis": {
        "mean": 0.46386221051216125,
        "median": 0.4956664443016052,
        "minimum": -0.9738157391548157,
        "maximum": 1.6938486099243164,
        "std": 0.46839746832847595,
        "variance": 0.2193961888551712,
        "range": 2.6676642894744873,
        "skewness": -0.07200535386800766,
        "kurtosis": -0.824146032333374,
        "entropy": 5.103166738867866,
        "energy": 61.31865715100367,
        "gradient_mean": 0.06689164787530899,
        "gradient_std": 0.06738563627004623
    },
    "segmentation_analysis": {
        "ground_truth_area": 0,
        "predicted_area": 0,
        "difference": 0,
        "area_percentage": 0.0,
        "dice": 0.0,
        "iou": 0.0,
        "precision": 0.0,
        "recall": 0.0,
        "specificity": 0.9999999999989999,
        "sensitivity": 0.0,
        "accuracy": 0.9999999999989999,
        "f1_score": 0.0,
        "average_probability": 1.662826252868399e-05,
        "maximum_probability": 0.0011830497533082962,
        "minimum_probability": 7.314909233890887e-10
    },
    "shape_analysis": {
        "connected_components": 0,
        "largest_component": 0,
        "smallest_component": 0,
        "average_component_area": 0.0,
        "perimeter": 0.0,
        "bounding_box": [
            0,
            0,
            0,
            0
        ],
        "centroid": [
            0,
            0
        ],
        "convex_area": 0.0,
        "solidity": 0.0,
        "aspect_ratio": 0.0,
        "circularity": 0.0,
        "shape_complexity": 0.0
    },
    "confidence_analysis": {
        "average_probability": 1.662826252868399e-05,
        "maximum_probability": 0.0011830497533082962,
        "minimum_probability": 7.314909233890887e-10,
        "confidence_variance": 3.1197520122816513e-09,
        "confidence_entropy": -2047.9999991538523
    },
    "severity_assessment": {
        "severity_index": 0.17444392460901892,
        "risk_level": "Very Low",
        "confidence_level": "Low"
    },
    "file_paths": {
        "prediction": "predictions/sample_00368.png",
        "heatmap": "heatmaps/sample_00368.png",
        "overlay": "overlays/sample_00368.png"
    }
}