{
    "sample_index": 544,
    "sample_id": "sample_00544",
    "dataset_index": 8107,
    "image_id": "16_3",
    "image_name": "16_3.tif",
    "region": "Vanoise",
    "temporal_baseline": "12days",
    "patch_number": "coherence",
    "coherence_path": "/kaggle/input/datasets/rishikeshgopal45/landslide-insar-isslide/ReadyToBeUsedDataset/12days/Vanoise/18Sep2018_30Sep2018/coherence/16_3.tif",
    "phase_path": "/kaggle/input/datasets/rishikeshgopal45/landslide-insar-isslide/ReadyToBeUsedDataset/12days/Vanoise/18Sep2018_30Sep2018/phase/16_3.tif",
    "ground_truth_path": "/kaggle/input/datasets/rishikeshgopal45/landslide-insar-isslide/ReadyToBeUsedDataset/12days/Vanoise/Segmentations/18Sep2018_30Sep2018/16_3.tif",
    "dataset_split": "Test",
    "analysis_date": "2026-07-06 12:43:24",
    "coherence_analysis": {
        "mean": 0.6090824007987976,
        "median": 0.6186815500259399,
        "minimum": 0.14475060999393463,
        "maximum": 0.9170559644699097,
        "std": 0.11905881017446518,
        "variance": 0.014174999669194221,
        "range": 0.7723053693771362,
        "q25": 0.5355590581893921,
        "q50": 0.6186815500259399,
        "q75": 0.6945697069168091,
        "skewness": -0.4436386227607727,
        "kurtosis": 0.06038236618041992,
        "low_coherence_percentage": 1.13,
        "medium_coherence_percentage": 75.32,
        "high_coherence_percentage": 23.549999999999997
    },
    "phase_analysis": {
        "mean": -0.7143105268478394,
        "median": -0.7568016052246094,
        "minimum": -1.3823232650756836,
        "maximum": -0.0001676338433753699,
        "std": 0.27943354845046997,
        "variance": 0.0780831053853035,
        "range": 1.3821556568145752,
        "skewness": 0.4350779056549072,
        "kurtosis": -0.6951417922973633,
        "entropy": 5.214109798856883,
        "energy": 215.05695738352506,
        "gradient_mean": 0.049763552844524384,
        "gradient_std": 0.03354493901133537
    },
    "segmentation_analysis": {
        "ground_truth_area": 0,
        "predicted_area": 0,
        "difference": 0,
        "area_percentage": 0.0,
        "dice": 0.0,
        "iou": 0.0,
        "precision": 0.0,
        "recall": 0.0,
        "specificity": 0.9999999999989999,
        "sensitivity": 0.0,
        "accuracy": 0.9999999999989999,
        "f1_score": 0.0,
        "average_probability": 1.6885946024558507e-05,
        "maximum_probability": 0.00029826286481693387,
        "minimum_probability": 6.983124478665559e-08
    },
    "shape_analysis": {
        "connected_components": 0,
        "largest_component": 0,
        "smallest_component": 0,
        "average_component_area": 0.0,
        "perimeter": 0.0,
        "bounding_box": [
            0,
            0,
            0,
            0
        ],
        "centroid": [
            0,
            0
        ],
        "convex_area": 0.0,
        "solidity": 0.0,
        "aspect_ratio": 0.0,
        "circularity": 0.0,
        "shape_complexity": 0.0
    },
    "confidence_analysis": {
        "average_probability": 1.6885946024558507e-05,
        "maximum_probability": 0.00029826286481693387,
        "minimum_probability": 6.983124478665559e-08,
        "confidence_variance": 7.587440675749235e-10,
        "confidence_entropy": -2047.9999991538523
    },
    "severity_assessment": {
        "severity_index": 0.1414102222687897,
        "risk_level": "Very Low",
        "confidence_level": "Low"
    },
    "file_paths": {
        "prediction": "predictions/sample_00544.png",
        "heatmap": "heatmaps/sample_00544.png",
        "overlay": "overlays/sample_00544.png"
    }
}