{
    "sample_index": 826,
    "sample_id": "sample_00826",
    "dataset_index": 469,
    "image_id": "118_21",
    "image_name": "118_21.tif",
    "region": "EcrinPark",
    "temporal_baseline": "6days",
    "patch_number": "coherence",
    "coherence_path": "/kaggle/input/datasets/rishikeshgopal45/landslide-insar-isslide/ReadyToBeUsedDataset/6days/EcrinPark/14Jul2018_20Jul2018/coherence/118_21.tif",
    "phase_path": "/kaggle/input/datasets/rishikeshgopal45/landslide-insar-isslide/ReadyToBeUsedDataset/6days/EcrinPark/14Jul2018_20Jul2018/phase/118_21.tif",
    "ground_truth_path": "/kaggle/input/datasets/rishikeshgopal45/landslide-insar-isslide/ReadyToBeUsedDataset/6days/EcrinPark/Segmentations/14Jul2018_20Jul2018/118_21.tif",
    "dataset_split": "Test",
    "analysis_date": "2026-07-06 12:43:24",
    "coherence_analysis": {
        "mean": 0.591987669467926,
        "median": 0.615337610244751,
        "minimum": 0.09533494710922241,
        "maximum": 0.9221652746200562,
        "std": 0.16902758181095123,
        "variance": 0.028570322319865227,
        "range": 0.8268303275108337,
        "q25": 0.4719541072845459,
        "q50": 0.615337610244751,
        "q75": 0.7268828749656677,
        "skewness": -0.43540123105049133,
        "kurtosis": -0.6197233200073242,
        "low_coherence_percentage": 6.41,
        "medium_coherence_percentage": 61.99,
        "high_coherence_percentage": 31.6
    },
    "phase_analysis": {
        "mean": -1.796903371810913,
        "median": -2.1578612327575684,
        "minimum": -3.14036226272583,
        "maximum": 3.1403861045837402,
        "std": 1.4710471630096436,
        "variance": 2.1639797687530518,
        "range": 6.28074836730957,
        "skewness": 2.536423444747925,
        "kurtosis": 5.630074501037598,
        "entropy": 4.446103738696262,
        "energy": 21.284174156838887,
        "gradient_mean": 0.36046844720840454,
        "gradient_std": 0.940608024597168
    },
    "segmentation_analysis": {
        "ground_truth_area": 0,
        "predicted_area": 0,
        "difference": 0,
        "area_percentage": 0.0,
        "dice": 0.0,
        "iou": 0.0,
        "precision": 0.0,
        "recall": 0.0,
        "specificity": 0.9999999999989999,
        "sensitivity": 0.0,
        "accuracy": 0.9999999999989999,
        "f1_score": 0.0,
        "average_probability": 4.394120696815662e-05,
        "maximum_probability": 0.0031281746923923492,
        "minimum_probability": 4.3281986328302935e-10
    },
    "shape_analysis": {
        "connected_components": 0,
        "largest_component": 0,
        "smallest_component": 0,
        "average_component_area": 0.0,
        "perimeter": 0.0,
        "bounding_box": [
            0,
            0,
            0,
            0
        ],
        "centroid": [
            0,
            0
        ],
        "convex_area": 0.0,
        "solidity": 0.0,
        "aspect_ratio": 0.0,
        "circularity": 0.0,
        "shape_complexity": 0.0
    },
    "confidence_analysis": {
        "average_probability": 4.394120696815662e-05,
        "maximum_probability": 0.0031281746923923492,
        "minimum_probability": 4.3281986328302935e-10,
        "confidence_variance": 5.217813736635435e-08,
        "confidence_entropy": -2047.9999991538523
    },
    "severity_assessment": {
        "severity_index": 0.2210657363152706,
        "risk_level": "Low",
        "confidence_level": "Low"
    },
    "file_paths": {
        "prediction": "predictions/sample_00826.png",
        "heatmap": "heatmaps/sample_00826.png",
        "overlay": "overlays/sample_00826.png"
    }
}