{
    "sample_index": 1670,
    "sample_id": "sample_01670",
    "dataset_index": 9094,
    "image_id": "133_2",
    "image_name": "133_2.tif",
    "region": "EcrinPark",
    "temporal_baseline": "18days",
    "patch_number": "coherence",
    "coherence_path": "/kaggle/input/datasets/rishikeshgopal45/landslide-insar-isslide/ReadyToBeUsedDataset/18days/EcrinPark/01Aug2018_19Aug2018/coherence/133_2.tif",
    "phase_path": "/kaggle/input/datasets/rishikeshgopal45/landslide-insar-isslide/ReadyToBeUsedDataset/18days/EcrinPark/01Aug2018_19Aug2018/phase/133_2.tif",
    "ground_truth_path": "/kaggle/input/datasets/rishikeshgopal45/landslide-insar-isslide/ReadyToBeUsedDataset/18days/EcrinPark/Segmentations/01Aug2018_19Aug2018/133_2.tif",
    "dataset_split": "Test",
    "analysis_date": "2026-07-06 12:43:24",
    "coherence_analysis": {
        "mean": 0.669533908367157,
        "median": 0.7156961560249329,
        "minimum": 0.10867991298437119,
        "maximum": 0.9262995719909668,
        "std": 0.17399318516254425,
        "variance": 0.03027362748980522,
        "range": 0.8176196813583374,
        "q25": 0.5903533101081848,
        "q50": 0.7156961560249329,
        "q75": 0.7978595495223999,
        "skewness": -1.0709340572357178,
        "kurtosis": 0.4700441360473633,
        "low_coherence_percentage": 5.62,
        "medium_coherence_percentage": 40.6,
        "high_coherence_percentage": 53.779999999999994
    },
    "phase_analysis": {
        "mean": -2.420722246170044,
        "median": -2.4410183429718018,
        "minimum": -3.091817855834961,
        "maximum": 3.0683746337890625,
        "std": 0.3058936595916748,
        "variance": 0.09357092529535294,
        "range": 6.160192489624023,
        "skewness": 0.9898968935012817,
        "kurtosis": 9.945172309875488,
        "entropy": 3.876841548509425,
        "energy": 40.57475658875323,
        "gradient_mean": 0.06213841587305069,
        "gradient_std": 0.07990729063749313
    },
    "segmentation_analysis": {
        "ground_truth_area": 0,
        "predicted_area": 0,
        "difference": 0,
        "area_percentage": 0.0,
        "dice": 0.0,
        "iou": 0.0,
        "precision": 0.0,
        "recall": 0.0,
        "specificity": 0.9999999999989999,
        "sensitivity": 0.0,
        "accuracy": 0.9999999999989999,
        "f1_score": 0.0,
        "average_probability": 3.183168882969767e-05,
        "maximum_probability": 0.0027128765359520912,
        "minimum_probability": 4.6272585763063034e-09
    },
    "shape_analysis": {
        "connected_components": 0,
        "largest_component": 0,
        "smallest_component": 0,
        "average_component_area": 0.0,
        "perimeter": 0.0,
        "bounding_box": [
            0,
            0,
            0,
            0
        ],
        "centroid": [
            0,
            0
        ],
        "convex_area": 0.0,
        "solidity": 0.0,
        "aspect_ratio": 0.0,
        "circularity": 0.0,
        "shape_complexity": 0.0
    },
    "confidence_analysis": {
        "average_probability": 3.183168882969767e-05,
        "maximum_probability": 0.0027128765359520912,
        "minimum_probability": 4.6272585763063034e-09,
        "confidence_variance": 1.3870532278303926e-08,
        "confidence_entropy": -2047.9999991538523
    },
    "severity_assessment": {
        "severity_index": 0.1294646957812334,
        "risk_level": "Very Low",
        "confidence_level": "Low"
    },
    "file_paths": {
        "prediction": "predictions/sample_01670.png",
        "heatmap": "heatmaps/sample_01670.png",
        "overlay": "overlays/sample_01670.png"
    }
}