{
    "sample_index": 442,
    "sample_id": "sample_00442",
    "dataset_index": 11509,
    "image_id": "146_2",
    "image_name": "146_2.tif",
    "region": "QueyrasPark",
    "temporal_baseline": "18days",
    "patch_number": "coherence",
    "coherence_path": "/kaggle/input/datasets/rishikeshgopal45/landslide-insar-isslide/ReadyToBeUsedDataset/18days/QueyrasPark/06Oct2018_24Oct2018/coherence/146_2.tif",
    "phase_path": "/kaggle/input/datasets/rishikeshgopal45/landslide-insar-isslide/ReadyToBeUsedDataset/18days/QueyrasPark/06Oct2018_24Oct2018/phase/146_2.tif",
    "ground_truth_path": "/kaggle/input/datasets/rishikeshgopal45/landslide-insar-isslide/ReadyToBeUsedDataset/18days/QueyrasPark/Segmentations/06Oct2018_24Oct2018/146_2.tif",
    "dataset_split": "Test",
    "analysis_date": "2026-07-06 12:43:24",
    "coherence_analysis": {
        "mean": 0.34065166115760803,
        "median": 0.32621586322784424,
        "minimum": 0.07904908806085587,
        "maximum": 0.7772203683853149,
        "std": 0.12882773578166962,
        "variance": 0.016596585512161255,
        "range": 0.6981712579727173,
        "q25": 0.23581720888614655,
        "q50": 0.32621586322784424,
        "q75": 0.4337388277053833,
        "skewness": 0.4148443043231964,
        "kurtosis": -0.5863063335418701,
        "low_coherence_percentage": 43.35,
        "medium_coherence_percentage": 56.46,
        "high_coherence_percentage": 0.19
    },
    "phase_analysis": {
        "mean": 0.7174228429794312,
        "median": 1.9113496541976929,
        "minimum": -3.1408519744873047,
        "maximum": 3.1415722370147705,
        "std": 2.296581506729126,
        "variance": 5.274286270141602,
        "range": 6.282423973083496,
        "skewness": -0.624618649482727,
        "kurtosis": -1.3286901712417603,
        "entropy": 5.061912120874627,
        "energy": 13.150321716129632,
        "gradient_mean": 1.0818507671356201,
        "gradient_std": 1.2707799673080444
    },
    "segmentation_analysis": {
        "ground_truth_area": 0,
        "predicted_area": 0,
        "difference": 0,
        "area_percentage": 0.0,
        "dice": 0.0,
        "iou": 0.0,
        "precision": 0.0,
        "recall": 0.0,
        "specificity": 0.9999999999989999,
        "sensitivity": 0.0,
        "accuracy": 0.9999999999989999,
        "f1_score": 0.0,
        "average_probability": 1.2370333024591673e-05,
        "maximum_probability": 0.0009530149400234222,
        "minimum_probability": 5.391343371741186e-09
    },
    "shape_analysis": {
        "connected_components": 0,
        "largest_component": 0,
        "smallest_component": 0,
        "average_component_area": 0.0,
        "perimeter": 0.0,
        "bounding_box": [
            0,
            0,
            0,
            0
        ],
        "centroid": [
            0,
            0
        ],
        "convex_area": 0.0,
        "solidity": 0.0,
        "aspect_ratio": 0.0,
        "circularity": 0.0,
        "shape_complexity": 0.0
    },
    "confidence_analysis": {
        "average_probability": 1.2370333024591673e-05,
        "maximum_probability": 0.0009530149400234222,
        "minimum_probability": 5.391343371741186e-09,
        "confidence_variance": 2.7293738380507193e-09,
        "confidence_entropy": -2047.9999991538523
    },
    "severity_assessment": {
        "severity_index": 0.3041681767549623,
        "risk_level": "Low",
        "confidence_level": "Low"
    },
    "file_paths": {
        "prediction": "predictions/sample_00442.png",
        "heatmap": "heatmaps/sample_00442.png",
        "overlay": "overlays/sample_00442.png"
    }
}