{
    "sample_index": 1929,
    "sample_id": "sample_01929",
    "dataset_index": 5327,
    "image_id": "69_77",
    "image_name": "69_77.tif",
    "region": "OutsideTheBox",
    "temporal_baseline": "12days",
    "patch_number": "coherence",
    "coherence_path": "/kaggle/input/datasets/rishikeshgopal45/landslide-insar-isslide/ReadyToBeUsedDataset/12days/OutsideTheBox/25Aug2018_06Sep2018/coherence/69_77.tif",
    "phase_path": "/kaggle/input/datasets/rishikeshgopal45/landslide-insar-isslide/ReadyToBeUsedDataset/12days/OutsideTheBox/25Aug2018_06Sep2018/phase/69_77.tif",
    "ground_truth_path": "/kaggle/input/datasets/rishikeshgopal45/landslide-insar-isslide/ReadyToBeUsedDataset/12days/OutsideTheBox/Segmentations/25Aug2018_06Sep2018/69_77.tif",
    "dataset_split": "Test",
    "analysis_date": "2026-07-06 12:43:24",
    "coherence_analysis": {
        "mean": 0.7035149335861206,
        "median": 0.7274540662765503,
        "minimum": 0.1378892958164215,
        "maximum": 0.9415029287338257,
        "std": 0.15021537244319916,
        "variance": 0.022564658895134926,
        "range": 0.8036136627197266,
        "q25": 0.6086071133613586,
        "q50": 0.7274540662765503,
        "q75": 0.8281193971633911,
        "skewness": -0.7674030661582947,
        "kurtosis": 0.03468942642211914,
        "low_coherence_percentage": 1.16,
        "medium_coherence_percentage": 42.4,
        "high_coherence_percentage": 56.44
    },
    "phase_analysis": {
        "mean": -1.5370949506759644,
        "median": -2.2224669456481934,
        "minimum": -3.139665365219116,
        "maximum": 3.1413040161132812,
        "std": 1.9142954349517822,
        "variance": 3.66452693939209,
        "range": 6.280969619750977,
        "skewness": 1.587252140045166,
        "kurtosis": 0.8133480548858643,
        "entropy": 4.541071077143229,
        "energy": 22.126457413592576,
        "gradient_mean": 0.1879236400127411,
        "gradient_std": 0.6805932521820068
    },
    "segmentation_analysis": {
        "ground_truth_area": 0,
        "predicted_area": 0,
        "difference": 0,
        "area_percentage": 0.0,
        "dice": 0.0,
        "iou": 0.0,
        "precision": 0.0,
        "recall": 0.0,
        "specificity": 0.9999999999989999,
        "sensitivity": 0.0,
        "accuracy": 0.9999999999989999,
        "f1_score": 0.0,
        "average_probability": 3.2358984753955156e-05,
        "maximum_probability": 0.007408832665532827,
        "minimum_probability": 4.070617974638591e-12
    },
    "shape_analysis": {
        "connected_components": 0,
        "largest_component": 0,
        "smallest_component": 0,
        "average_component_area": 0.0,
        "perimeter": 0.0,
        "bounding_box": [
            0,
            0,
            0,
            0
        ],
        "centroid": [
            0,
            0
        ],
        "convex_area": 0.0,
        "solidity": 0.0,
        "aspect_ratio": 0.0,
        "circularity": 0.0,
        "shape_complexity": 0.0
    },
    "confidence_analysis": {
        "average_probability": 3.2358984753955156e-05,
        "maximum_probability": 0.007408832665532827,
        "minimum_probability": 4.070617974638591e-12,
        "confidence_variance": 7.167444238120879e-08,
        "confidence_entropy": -2044.0855392541077
    },
    "severity_assessment": {
        "severity_index": 0.20549404453073272,
        "risk_level": "Low",
        "confidence_level": "Low"
    },
    "file_paths": {
        "prediction": "predictions/sample_01929.png",
        "heatmap": "heatmaps/sample_01929.png",
        "overlay": "overlays/sample_01929.png"
    }
}