{
    "sample_index": 845,
    "sample_id": "sample_00845",
    "dataset_index": 11852,
    "image_id": "144_58",
    "image_name": "144_58.tif",
    "region": "QueyrasPark",
    "temporal_baseline": "18days",
    "patch_number": "coherence",
    "coherence_path": "/kaggle/input/datasets/rishikeshgopal45/landslide-insar-isslide/ReadyToBeUsedDataset/18days/QueyrasPark/13Aug2018_31Aug2018/coherence/144_58.tif",
    "phase_path": "/kaggle/input/datasets/rishikeshgopal45/landslide-insar-isslide/ReadyToBeUsedDataset/18days/QueyrasPark/13Aug2018_31Aug2018/phase/144_58.tif",
    "ground_truth_path": "/kaggle/input/datasets/rishikeshgopal45/landslide-insar-isslide/ReadyToBeUsedDataset/18days/QueyrasPark/Segmentations/13Aug2018_31Aug2018/144_58.tif",
    "dataset_split": "Test",
    "analysis_date": "2026-07-06 12:43:24",
    "coherence_analysis": {
        "mean": 0.6289490461349487,
        "median": 0.6370234489440918,
        "minimum": 0.12505440413951874,
        "maximum": 0.9215185642242432,
        "std": 0.16600383818149567,
        "variance": 0.02755727246403694,
        "range": 0.7964641451835632,
        "q25": 0.5165833830833435,
        "q50": 0.6370234489440918,
        "q75": 0.7648487687110901,
        "skewness": -0.3966802954673767,
        "kurtosis": -0.5455043315887451,
        "low_coherence_percentage": 3.74,
        "medium_coherence_percentage": 58.68,
        "high_coherence_percentage": 37.580000000000005
    },
    "phase_analysis": {
        "mean": 0.19593848288059235,
        "median": 1.870544195175171,
        "minimum": -3.1381232738494873,
        "maximum": 3.141092300415039,
        "std": 2.5802316665649414,
        "variance": 6.657595157623291,
        "range": 6.2792158126831055,
        "skewness": -0.22731389105319977,
        "kurtosis": -1.8578388690948486,
        "entropy": 4.67857138381223,
        "energy": 17.707227532515304,
        "gradient_mean": 0.5014647841453552,
        "gradient_std": 1.0934687852859497
    },
    "segmentation_analysis": {
        "ground_truth_area": 0,
        "predicted_area": 0,
        "difference": 0,
        "area_percentage": 0.0,
        "dice": 0.0,
        "iou": 0.0,
        "precision": 0.0,
        "recall": 0.0,
        "specificity": 0.9999999999989999,
        "sensitivity": 0.0,
        "accuracy": 0.9999999999989999,
        "f1_score": 0.0,
        "average_probability": 7.4983267950301524e-06,
        "maximum_probability": 0.0003976118459831923,
        "minimum_probability": 2.0777173384556313e-11
    },
    "shape_analysis": {
        "connected_components": 0,
        "largest_component": 0,
        "smallest_component": 0,
        "average_component_area": 0.0,
        "perimeter": 0.0,
        "bounding_box": [
            0,
            0,
            0,
            0
        ],
        "centroid": [
            0,
            0
        ],
        "convex_area": 0.0,
        "solidity": 0.0,
        "aspect_ratio": 0.0,
        "circularity": 0.0,
        "shape_complexity": 0.0
    },
    "confidence_analysis": {
        "average_probability": 7.4983267950301524e-06,
        "maximum_probability": 0.0003976118459831923,
        "minimum_probability": 2.0777173384556313e-11,
        "confidence_variance": 4.462614444644686e-10,
        "confidence_entropy": -2047.9999991538523
    },
    "severity_assessment": {
        "severity_index": 0.2369004316027826,
        "risk_level": "Low",
        "confidence_level": "Low"
    },
    "file_paths": {
        "prediction": "predictions/sample_00845.png",
        "heatmap": "heatmaps/sample_00845.png",
        "overlay": "overlays/sample_00845.png"
    }
}