{
    "sample_index": 661,
    "sample_id": "sample_00661",
    "dataset_index": 9311,
    "image_id": "107_20",
    "image_name": "107_20.tif",
    "region": "EcrinPark",
    "temporal_baseline": "18days",
    "patch_number": "coherence",
    "coherence_path": "/kaggle/input/datasets/rishikeshgopal45/landslide-insar-isslide/ReadyToBeUsedDataset/18days/EcrinPark/30Sep2018_18Oct2018/coherence/107_20.tif",
    "phase_path": "/kaggle/input/datasets/rishikeshgopal45/landslide-insar-isslide/ReadyToBeUsedDataset/18days/EcrinPark/30Sep2018_18Oct2018/phase/107_20.tif",
    "ground_truth_path": "/kaggle/input/datasets/rishikeshgopal45/landslide-insar-isslide/ReadyToBeUsedDataset/18days/EcrinPark/Segmentations/30Sep2018_18Oct2018/107_20.tif",
    "dataset_split": "Test",
    "analysis_date": "2026-07-06 12:43:24",
    "coherence_analysis": {
        "mean": 0.7078083753585815,
        "median": 0.7493429183959961,
        "minimum": 0.14637061953544617,
        "maximum": 0.9554600715637207,
        "std": 0.16356317698955536,
        "variance": 0.026752915233373642,
        "range": 0.8090894222259521,
        "q25": 0.5999581217765808,
        "q50": 0.7493429183959961,
        "q75": 0.8362072706222534,
        "skewness": -0.8171913027763367,
        "kurtosis": -0.1343224048614502,
        "low_coherence_percentage": 1.51,
        "medium_coherence_percentage": 37.82,
        "high_coherence_percentage": 60.67
    },
    "phase_analysis": {
        "mean": -0.9180290102958679,
        "median": -0.9232146739959717,
        "minimum": -1.7053816318511963,
        "maximum": 0.49993500113487244,
        "std": 0.2128182351589203,
        "variance": 0.04529160261154175,
        "range": 2.2053165435791016,
        "skewness": 0.23370596766471863,
        "kurtosis": 2.5087647438049316,
        "entropy": 4.517475347810811,
        "energy": 183.90452337791186,
        "gradient_mean": 0.061790406703948975,
        "gradient_std": 0.06883271783590317
    },
    "segmentation_analysis": {
        "ground_truth_area": 0,
        "predicted_area": 0,
        "difference": 0,
        "area_percentage": 0.0,
        "dice": 0.0,
        "iou": 0.0,
        "precision": 0.0,
        "recall": 0.0,
        "specificity": 0.9999999999989999,
        "sensitivity": 0.0,
        "accuracy": 0.9999999999989999,
        "f1_score": 0.0,
        "average_probability": 8.240583156293724e-06,
        "maximum_probability": 0.0002394591283518821,
        "minimum_probability": 4.674245435154489e-09
    },
    "shape_analysis": {
        "connected_components": 0,
        "largest_component": 0,
        "smallest_component": 0,
        "average_component_area": 0.0,
        "perimeter": 0.0,
        "bounding_box": [
            0,
            0,
            0,
            0
        ],
        "centroid": [
            0,
            0
        ],
        "convex_area": 0.0,
        "solidity": 0.0,
        "aspect_ratio": 0.0,
        "circularity": 0.0,
        "shape_complexity": 0.0
    },
    "confidence_analysis": {
        "average_probability": 8.240583156293724e-06,
        "maximum_probability": 0.0002394591283518821,
        "minimum_probability": 4.674245435154489e-09,
        "confidence_variance": 3.6091196697896066e-10,
        "confidence_entropy": -2047.9999991538523
    },
    "severity_assessment": {
        "severity_index": 0.10814273389124437,
        "risk_level": "Very Low",
        "confidence_level": "Low"
    },
    "file_paths": {
        "prediction": "predictions/sample_00661.png",
        "heatmap": "heatmaps/sample_00661.png",
        "overlay": "overlays/sample_00661.png"
    }
}