{
    "sample_index": 507,
    "sample_id": "sample_00507",
    "dataset_index": 1687,
    "image_id": "48_6",
    "image_name": "48_6.tif",
    "region": "OutsideTheBox",
    "temporal_baseline": "6days",
    "patch_number": "coherence",
    "coherence_path": "/kaggle/input/datasets/rishikeshgopal45/landslide-insar-isslide/ReadyToBeUsedDataset/6days/OutsideTheBox/30Sep2018_06Oct2018/coherence/48_6.tif",
    "phase_path": "/kaggle/input/datasets/rishikeshgopal45/landslide-insar-isslide/ReadyToBeUsedDataset/6days/OutsideTheBox/30Sep2018_06Oct2018/phase/48_6.tif",
    "ground_truth_path": "/kaggle/input/datasets/rishikeshgopal45/landslide-insar-isslide/ReadyToBeUsedDataset/6days/OutsideTheBox/Segmentations/30Sep2018_06Oct2018/48_6.tif",
    "dataset_split": "Test",
    "analysis_date": "2026-07-06 12:43:24",
    "coherence_analysis": {
        "mean": 0.6151666045188904,
        "median": 0.6550063490867615,
        "minimum": 0.11770828813314438,
        "maximum": 0.9253441691398621,
        "std": 0.1909399777650833,
        "variance": 0.03645807504653931,
        "range": 0.8076359033584595,
        "q25": 0.4761669337749481,
        "q50": 0.6550063490867615,
        "q75": 0.7755750417709351,
        "skewness": -0.5553562045097351,
        "kurtosis": -0.7537710666656494,
        "low_coherence_percentage": 9.049999999999999,
        "medium_coherence_percentage": 49.1,
        "high_coherence_percentage": 41.85
    },
    "phase_analysis": {
        "mean": 1.7138522863388062,
        "median": 1.7821855545043945,
        "minimum": -3.00215482711792,
        "maximum": 2.8663504123687744,
        "std": 0.40949755907058716,
        "variance": 0.167688250541687,
        "range": 5.868505477905273,
        "skewness": -0.6186505556106567,
        "kurtosis": 2.4350337982177734,
        "entropy": 4.1231925535467555,
        "energy": 34.45695771315858,
        "gradient_mean": 0.06202217936515808,
        "gradient_std": 0.09160005301237106
    },
    "segmentation_analysis": {
        "ground_truth_area": 0,
        "predicted_area": 0,
        "difference": 0,
        "area_percentage": 0.0,
        "dice": 0.0,
        "iou": 0.0,
        "precision": 0.0,
        "recall": 0.0,
        "specificity": 0.9999999999989999,
        "sensitivity": 0.0,
        "accuracy": 0.9999999999989999,
        "f1_score": 0.0,
        "average_probability": 1.3589163245342206e-05,
        "maximum_probability": 0.0007475537131540477,
        "minimum_probability": 1.2930514436959584e-09
    },
    "shape_analysis": {
        "connected_components": 0,
        "largest_component": 0,
        "smallest_component": 0,
        "average_component_area": 0.0,
        "perimeter": 0.0,
        "bounding_box": [
            0,
            0,
            0,
            0
        ],
        "centroid": [
            0,
            0
        ],
        "convex_area": 0.0,
        "solidity": 0.0,
        "aspect_ratio": 0.0,
        "circularity": 0.0,
        "shape_complexity": 0.0
    },
    "confidence_analysis": {
        "average_probability": 1.3589163245342206e-05,
        "maximum_probability": 0.0007475537131540477,
        "minimum_probability": 1.2930514436959584e-09,
        "confidence_variance": 1.3299636947294857e-09,
        "confidence_entropy": -2047.9999991538523
    },
    "severity_assessment": {
        "severity_index": 0.1543138143867423,
        "risk_level": "Very Low",
        "confidence_level": "Low"
    },
    "file_paths": {
        "prediction": "predictions/sample_00507.png",
        "heatmap": "heatmaps/sample_00507.png",
        "overlay": "overlays/sample_00507.png"
    }
}