{
    "sample_index": 466,
    "sample_id": "sample_00466",
    "dataset_index": 7791,
    "image_id": "165_60",
    "image_name": "165_60.tif",
    "region": "QueyrasPark",
    "temporal_baseline": "12days",
    "patch_number": "coherence",
    "coherence_path": "/kaggle/input/datasets/rishikeshgopal45/landslide-insar-isslide/ReadyToBeUsedDataset/12days/QueyrasPark/06Sep2018_18Sep2018/coherence/165_60.tif",
    "phase_path": "/kaggle/input/datasets/rishikeshgopal45/landslide-insar-isslide/ReadyToBeUsedDataset/12days/QueyrasPark/06Sep2018_18Sep2018/phase/165_60.tif",
    "ground_truth_path": "/kaggle/input/datasets/rishikeshgopal45/landslide-insar-isslide/ReadyToBeUsedDataset/12days/QueyrasPark/Segmentations/06Sep2018_18Sep2018/165_60.tif",
    "dataset_split": "Test",
    "analysis_date": "2026-07-06 12:43:24",
    "coherence_analysis": {
        "mean": 0.5812463164329529,
        "median": 0.585831880569458,
        "minimum": 0.11357554793357849,
        "maximum": 0.9384598731994629,
        "std": 0.1809215545654297,
        "variance": 0.032732609659433365,
        "range": 0.824884295463562,
        "q25": 0.4455856382846832,
        "q50": 0.585831880569458,
        "q75": 0.7291101217269897,
        "skewness": -0.13094264268875122,
        "kurtosis": -0.8893749713897705,
        "low_coherence_percentage": 7.1,
        "medium_coherence_percentage": 63.29,
        "high_coherence_percentage": 29.609999999999996
    },
    "phase_analysis": {
        "mean": -0.16926640272140503,
        "median": -0.24308156967163086,
        "minimum": -2.511754035949707,
        "maximum": 1.88327157497406,
        "std": 0.4601406753063202,
        "variance": 0.21172943711280823,
        "range": 4.395025730133057,
        "skewness": 0.7037438154220581,
        "kurtosis": 0.6784806251525879,
        "entropy": 4.5156404371994565,
        "energy": 42.4069535858325,
        "gradient_mean": 0.09075726568698883,
        "gradient_std": 0.1012643352150917
    },
    "segmentation_analysis": {
        "ground_truth_area": 0,
        "predicted_area": 0,
        "difference": 0,
        "area_percentage": 0.0,
        "dice": 0.0,
        "iou": 0.0,
        "precision": 0.0,
        "recall": 0.0,
        "specificity": 0.9999999999989999,
        "sensitivity": 0.0,
        "accuracy": 0.9999999999989999,
        "f1_score": 0.0,
        "average_probability": 0.0003728355513885617,
        "maximum_probability": 0.13879559934139252,
        "minimum_probability": 3.273866854697216e-12
    },
    "shape_analysis": {
        "connected_components": 0,
        "largest_component": 0,
        "smallest_component": 0,
        "average_component_area": 0.0,
        "perimeter": 0.0,
        "bounding_box": [
            0,
            0,
            0,
            0
        ],
        "centroid": [
            0,
            0
        ],
        "convex_area": 0.0,
        "solidity": 0.0,
        "aspect_ratio": 0.0,
        "circularity": 0.0,
        "shape_complexity": 0.0
    },
    "confidence_analysis": {
        "average_probability": 0.0003728355513885617,
        "maximum_probability": 0.13879559934139252,
        "minimum_probability": 3.273866854697216e-12,
        "confidence_variance": 1.9129842257825658e-05,
        "confidence_entropy": -2011.9793663467403
    },
    "severity_assessment": {
        "severity_index": 0.16771531728443823,
        "risk_level": "Very Low",
        "confidence_level": "Low"
    },
    "file_paths": {
        "prediction": "predictions/sample_00466.png",
        "heatmap": "heatmaps/sample_00466.png",
        "overlay": "overlays/sample_00466.png"
    }
}