{
    "sample_index": 1521,
    "sample_id": "sample_01521",
    "dataset_index": 6146,
    "image_id": "53_55",
    "image_name": "53_55.tif",
    "region": "OutsideTheBox",
    "temporal_baseline": "12days",
    "patch_number": "coherence",
    "coherence_path": "/kaggle/input/datasets/rishikeshgopal45/landslide-insar-isslide/ReadyToBeUsedDataset/12days/OutsideTheBox/30Sep2018_12Oct2018/coherence/53_55.tif",
    "phase_path": "/kaggle/input/datasets/rishikeshgopal45/landslide-insar-isslide/ReadyToBeUsedDataset/12days/OutsideTheBox/30Sep2018_12Oct2018/phase/53_55.tif",
    "ground_truth_path": "/kaggle/input/datasets/rishikeshgopal45/landslide-insar-isslide/ReadyToBeUsedDataset/12days/OutsideTheBox/Segmentations/30Sep2018_12Oct2018/53_55.tif",
    "dataset_split": "Test",
    "analysis_date": "2026-07-06 12:43:24",
    "coherence_analysis": {
        "mean": 0.2607409656047821,
        "median": 0.24882125854492188,
        "minimum": 0.09293283522129059,
        "maximum": 0.6778508424758911,
        "std": 0.07712356746196747,
        "variance": 0.0059480443596839905,
        "range": 0.5849180221557617,
        "q25": 0.20704802870750427,
        "q50": 0.24882125854492188,
        "q75": 0.30101457238197327,
        "skewness": 0.9362371563911438,
        "kurtosis": 1.2203431129455566,
        "low_coherence_percentage": 74.63,
        "medium_coherence_percentage": 25.369999999999997,
        "high_coherence_percentage": 0.0
    },
    "phase_analysis": {
        "mean": 0.1219521015882492,
        "median": 0.23056958615779877,
        "minimum": -3.1377787590026855,
        "maximum": 3.1401448249816895,
        "std": 1.676767349243164,
        "variance": 2.8115487098693848,
        "range": 6.277923583984375,
        "skewness": -0.11847174167633057,
        "kurtosis": -0.9776196479797363,
        "entropy": 5.465086664837727,
        "energy": 7.530158367796304,
        "gradient_mean": 1.226544737815857,
        "gradient_std": 0.8719400763511658
    },
    "segmentation_analysis": {
        "ground_truth_area": 0,
        "predicted_area": 0,
        "difference": 0,
        "area_percentage": 0.0,
        "dice": 0.0,
        "iou": 0.0,
        "precision": 0.0,
        "recall": 0.0,
        "specificity": 0.9999999999989999,
        "sensitivity": 0.0,
        "accuracy": 0.9999999999989999,
        "f1_score": 0.0,
        "average_probability": 3.3466447348473594e-05,
        "maximum_probability": 0.0013260915875434875,
        "minimum_probability": 2.310785163217588e-07
    },
    "shape_analysis": {
        "connected_components": 0,
        "largest_component": 0,
        "smallest_component": 0,
        "average_component_area": 0.0,
        "perimeter": 0.0,
        "bounding_box": [
            0,
            0,
            0,
            0
        ],
        "centroid": [
            0,
            0
        ],
        "convex_area": 0.0,
        "solidity": 0.0,
        "aspect_ratio": 0.0,
        "circularity": 0.0,
        "shape_complexity": 0.0
    },
    "confidence_analysis": {
        "average_probability": 3.3466447348473594e-05,
        "maximum_probability": 0.0013260915875434875,
        "minimum_probability": 2.310785163217588e-07,
        "confidence_variance": 3.5128906450410113e-09,
        "confidence_entropy": -2047.9999991538523
    },
    "severity_assessment": {
        "severity_index": 0.31009776832449154,
        "risk_level": "Low",
        "confidence_level": "Low"
    },
    "file_paths": {
        "prediction": "predictions/sample_01521.png",
        "heatmap": "heatmaps/sample_01521.png",
        "overlay": "overlays/sample_01521.png"
    }
}