{
    "sample_index": 790,
    "sample_id": "sample_00790",
    "dataset_index": 2010,
    "image_id": "101_2",
    "image_name": "101_2.tif",
    "region": "OutsideTheBox",
    "temporal_baseline": "6days",
    "patch_number": "coherence",
    "coherence_path": "/kaggle/input/datasets/rishikeshgopal45/landslide-insar-isslide/ReadyToBeUsedDataset/6days/OutsideTheBox/06Sep2018_12Sep2018/coherence/101_2.tif",
    "phase_path": "/kaggle/input/datasets/rishikeshgopal45/landslide-insar-isslide/ReadyToBeUsedDataset/6days/OutsideTheBox/06Sep2018_12Sep2018/phase/101_2.tif",
    "ground_truth_path": "/kaggle/input/datasets/rishikeshgopal45/landslide-insar-isslide/ReadyToBeUsedDataset/6days/OutsideTheBox/Segmentations/06Sep2018_12Sep2018/101_2.tif",
    "dataset_split": "Test",
    "analysis_date": "2026-07-06 12:43:24",
    "coherence_analysis": {
        "mean": 0.7103869915008545,
        "median": 0.7331732511520386,
        "minimum": 0.2045639157295227,
        "maximum": 0.9660207629203796,
        "std": 0.12605194747447968,
        "variance": 0.015889093279838562,
        "range": 0.7614568471908569,
        "q25": 0.6202228665351868,
        "q50": 0.7331732511520386,
        "q75": 0.8116989135742188,
        "skewness": -0.5700857639312744,
        "kurtosis": -0.3234539031982422,
        "low_coherence_percentage": 0.06,
        "medium_coherence_percentage": 41.980000000000004,
        "high_coherence_percentage": 57.96
    },
    "phase_analysis": {
        "mean": 2.1948459148406982,
        "median": 2.28147029876709,
        "minimum": -3.1385042667388916,
        "maximum": 3.138667345046997,
        "std": 0.7354827523231506,
        "variance": 0.5409349203109741,
        "range": 6.277171611785889,
        "skewness": -2.95599627494812,
        "kurtosis": 18.47247886657715,
        "entropy": 4.401685394534245,
        "energy": 22.831646374939663,
        "gradient_mean": 0.0880332738161087,
        "gradient_std": 0.32468122243881226
    },
    "segmentation_analysis": {
        "ground_truth_area": 0,
        "predicted_area": 0,
        "difference": 0,
        "area_percentage": 0.0,
        "dice": 0.0,
        "iou": 0.0,
        "precision": 0.0,
        "recall": 0.0,
        "specificity": 0.9999999999989999,
        "sensitivity": 0.0,
        "accuracy": 0.9999999999989999,
        "f1_score": 0.0,
        "average_probability": 6.824905995017616e-06,
        "maximum_probability": 0.0003773840144276619,
        "minimum_probability": 3.5361675809753024e-09
    },
    "shape_analysis": {
        "connected_components": 0,
        "largest_component": 0,
        "smallest_component": 0,
        "average_component_area": 0.0,
        "perimeter": 0.0,
        "bounding_box": [
            0,
            0,
            0,
            0
        ],
        "centroid": [
            0,
            0
        ],
        "convex_area": 0.0,
        "solidity": 0.0,
        "aspect_ratio": 0.0,
        "circularity": 0.0,
        "shape_complexity": 0.0
    },
    "confidence_analysis": {
        "average_probability": 6.824905995017616e-06,
        "maximum_probability": 0.0003773840144276619,
        "minimum_probability": 3.5361675809753024e-09,
        "confidence_variance": 4.3963951923409184e-10,
        "confidence_entropy": -2047.9999991538523
    },
    "severity_assessment": {
        "severity_index": 0.15716154215545586,
        "risk_level": "Very Low",
        "confidence_level": "Low"
    },
    "file_paths": {
        "prediction": "predictions/sample_00790.png",
        "heatmap": "heatmaps/sample_00790.png",
        "overlay": "overlays/sample_00790.png"
    }
}