{
    "sample_index": 244,
    "sample_id": "sample_00244",
    "dataset_index": 2191,
    "image_id": "48_6",
    "image_name": "48_6.tif",
    "region": "OutsideTheBox",
    "temporal_baseline": "6days",
    "patch_number": "coherence",
    "coherence_path": "/kaggle/input/datasets/rishikeshgopal45/landslide-insar-isslide/ReadyToBeUsedDataset/6days/OutsideTheBox/19Aug2018_25Aug2018/coherence/48_6.tif",
    "phase_path": "/kaggle/input/datasets/rishikeshgopal45/landslide-insar-isslide/ReadyToBeUsedDataset/6days/OutsideTheBox/19Aug2018_25Aug2018/phase/48_6.tif",
    "ground_truth_path": "/kaggle/input/datasets/rishikeshgopal45/landslide-insar-isslide/ReadyToBeUsedDataset/6days/OutsideTheBox/Segmentations/19Aug2018_25Aug2018/48_6.tif",
    "dataset_split": "Test",
    "analysis_date": "2026-07-06 12:43:24",
    "coherence_analysis": {
        "mean": 0.6946212649345398,
        "median": 0.73274165391922,
        "minimum": 0.1563049554824829,
        "maximum": 0.9341956377029419,
        "std": 0.15216946601867676,
        "variance": 0.023155545815825462,
        "range": 0.777890682220459,
        "q25": 0.6080432534217834,
        "q50": 0.73274165391922,
        "q75": 0.8107089400291443,
        "skewness": -1.0234063863754272,
        "kurtosis": 0.6427056789398193,
        "low_coherence_percentage": 2.36,
        "medium_coherence_percentage": 39.47,
        "high_coherence_percentage": 58.17
    },
    "phase_analysis": {
        "mean": -1.1531422138214111,
        "median": -2.1603965759277344,
        "minimum": -3.140134811401367,
        "maximum": 3.1412017345428467,
        "std": 2.180799961090088,
        "variance": 4.755888938903809,
        "range": 6.281336784362793,
        "skewness": 1.1523219347000122,
        "kurtosis": -0.4331388473510742,
        "entropy": 4.7001998710546316,
        "energy": 16.809068835562734,
        "gradient_mean": 0.17767749726772308,
        "gradient_std": 0.6518315076828003
    },
    "segmentation_analysis": {
        "ground_truth_area": 0,
        "predicted_area": 0,
        "difference": 0,
        "area_percentage": 0.0,
        "dice": 0.0,
        "iou": 0.0,
        "precision": 0.0,
        "recall": 0.0,
        "specificity": 0.9999999999989999,
        "sensitivity": 0.0,
        "accuracy": 0.9999999999989999,
        "f1_score": 0.0,
        "average_probability": 1.738496393954847e-05,
        "maximum_probability": 0.0006381165003404021,
        "minimum_probability": 1.2504157709258834e-08
    },
    "shape_analysis": {
        "connected_components": 0,
        "largest_component": 0,
        "smallest_component": 0,
        "average_component_area": 0.0,
        "perimeter": 0.0,
        "bounding_box": [
            0,
            0,
            0,
            0
        ],
        "centroid": [
            0,
            0
        ],
        "convex_area": 0.0,
        "solidity": 0.0,
        "aspect_ratio": 0.0,
        "circularity": 0.0,
        "shape_complexity": 0.0
    },
    "confidence_analysis": {
        "average_probability": 1.738496393954847e-05,
        "maximum_probability": 0.0006381165003404021,
        "minimum_probability": 1.2504157709258834e-08,
        "confidence_variance": 1.4335164166823233e-09,
        "confidence_entropy": -2047.9999991538523
    },
    "severity_assessment": {
        "severity_index": 0.21346741941571465,
        "risk_level": "Low",
        "confidence_level": "Low"
    },
    "file_paths": {
        "prediction": "predictions/sample_00244.png",
        "heatmap": "heatmaps/sample_00244.png",
        "overlay": "overlays/sample_00244.png"
    }
}