{
    "sample_index": 387,
    "sample_id": "sample_00387",
    "dataset_index": 5672,
    "image_id": "74_27",
    "image_name": "74_27.tif",
    "region": "OutsideTheBox",
    "temporal_baseline": "12days",
    "patch_number": "coherence",
    "coherence_path": "/kaggle/input/datasets/rishikeshgopal45/landslide-insar-isslide/ReadyToBeUsedDataset/12days/OutsideTheBox/07Aug2018_19Aug2018/coherence/74_27.tif",
    "phase_path": "/kaggle/input/datasets/rishikeshgopal45/landslide-insar-isslide/ReadyToBeUsedDataset/12days/OutsideTheBox/07Aug2018_19Aug2018/phase/74_27.tif",
    "ground_truth_path": "/kaggle/input/datasets/rishikeshgopal45/landslide-insar-isslide/ReadyToBeUsedDataset/12days/OutsideTheBox/Segmentations/07Aug2018_19Aug2018/74_27.tif",
    "dataset_split": "Test",
    "analysis_date": "2026-07-06 12:43:24",
    "coherence_analysis": {
        "mean": 0.6491398215293884,
        "median": 0.6831918954849243,
        "minimum": 0.1672368347644806,
        "maximum": 0.9281771183013916,
        "std": 0.1500873565673828,
        "variance": 0.022526215761899948,
        "range": 0.7609403133392334,
        "q25": 0.552158534526825,
        "q50": 0.6831918954849243,
        "q75": 0.7670934200286865,
        "skewness": -0.7204186320304871,
        "kurtosis": -0.3011744022369385,
        "low_coherence_percentage": 1.76,
        "medium_coherence_percentage": 52.64,
        "high_coherence_percentage": 45.6
    },
    "phase_analysis": {
        "mean": -1.7788817882537842,
        "median": -2.22015643119812,
        "minimum": -3.140878438949585,
        "maximum": 3.1400058269500732,
        "std": 1.4956600666046143,
        "variance": 2.236999034881592,
        "range": 6.280884265899658,
        "skewness": 2.3191237449645996,
        "kurtosis": 4.353248596191406,
        "entropy": 4.522291061688161,
        "energy": 24.791902162189665,
        "gradient_mean": 0.34176772832870483,
        "gradient_std": 0.8345476388931274
    },
    "segmentation_analysis": {
        "ground_truth_area": 847,
        "predicted_area": 1278,
        "difference": 431,
        "area_percentage": 12.78,
        "dice": 0.7962352941139001,
        "iou": 0.6614542611363452,
        "precision": 0.6619718309807358,
        "recall": 0.9988193624439337,
        "specificity": 0.9528023598809648,
        "sensitivity": 0.9988193624439337,
        "accuracy": 0.9566999999990432,
        "f1_score": 0.7962352941139001,
        "average_probability": 0.12854506075382233,
        "maximum_probability": 1.0,
        "minimum_probability": 6.41740891104525e-34
    },
    "shape_analysis": {
        "connected_components": 1,
        "largest_component": 1278,
        "smallest_component": 1278,
        "average_component_area": 1278.0,
        "perimeter": 164.32590079307556,
        "bounding_box": [
            39,
            26,
            61,
            33
        ],
        "centroid": [
            71.8489827856025,
            43.924882629107984
        ],
        "convex_area": 1305.5,
        "solidity": 0.9211030256536109,
        "aspect_ratio": 1.8484848479247016,
        "circularity": 0.5596067003075026,
        "shape_complexity": 22.455718645514477
    },
    "confidence_analysis": {
        "average_probability": 0.12854506075382233,
        "maximum_probability": 1.0,
        "minimum_probability": 6.41740891104525e-34,
        "confidence_variance": 0.10634852200746536,
        "confidence_entropy": -1720.4540730392062
    },
    "severity_assessment": {
        "severity_index": 0.3142905941269662,
        "risk_level": "Low",
        "confidence_level": "Low"
    },
    "file_paths": {
        "prediction": "predictions/sample_00387.png",
        "heatmap": "heatmaps/sample_00387.png",
        "overlay": "overlays/sample_00387.png"
    }
}