{
    "sample_index": 217,
    "sample_id": "sample_00217",
    "dataset_index": 11092,
    "image_id": "143_43",
    "image_name": "143_43.tif",
    "region": "QueyrasPark",
    "temporal_baseline": "18days",
    "patch_number": "coherence",
    "coherence_path": "/kaggle/input/datasets/rishikeshgopal45/landslide-insar-isslide/ReadyToBeUsedDataset/18days/QueyrasPark/01Aug2018_19Aug2018/coherence/143_43.tif",
    "phase_path": "/kaggle/input/datasets/rishikeshgopal45/landslide-insar-isslide/ReadyToBeUsedDataset/18days/QueyrasPark/01Aug2018_19Aug2018/phase/143_43.tif",
    "ground_truth_path": "/kaggle/input/datasets/rishikeshgopal45/landslide-insar-isslide/ReadyToBeUsedDataset/18days/QueyrasPark/Segmentations/01Aug2018_19Aug2018/143_43.tif",
    "dataset_split": "Test",
    "analysis_date": "2026-07-06 12:43:24",
    "coherence_analysis": {
        "mean": 0.6796166896820068,
        "median": 0.7158948183059692,
        "minimum": 0.13842029869556427,
        "maximum": 0.9389417171478271,
        "std": 0.16520991921424866,
        "variance": 0.02729431726038456,
        "range": 0.8005214333534241,
        "q25": 0.5792436599731445,
        "q50": 0.7158948183059692,
        "q75": 0.8119000196456909,
        "skewness": -0.8269901871681213,
        "kurtosis": -0.015511751174926758,
        "low_coherence_percentage": 2.9899999999999998,
        "medium_coherence_percentage": 43.14,
        "high_coherence_percentage": 53.87
    },
    "phase_analysis": {
        "mean": 1.5720545053482056,
        "median": 2.619929790496826,
        "minimum": -3.1414272785186768,
        "maximum": 3.1412734985351562,
        "std": 2.2562849521636963,
        "variance": 5.090821266174316,
        "range": 6.282700538635254,
        "skewness": -1.4812582731246948,
        "kurtosis": 0.29615283012390137,
        "entropy": 4.132070158739444,
        "energy": 31.2009915014418,
        "gradient_mean": 0.406720370054245,
        "gradient_std": 1.0579153299331665
    },
    "segmentation_analysis": {
        "ground_truth_area": 0,
        "predicted_area": 0,
        "difference": 0,
        "area_percentage": 0.0,
        "dice": 0.0,
        "iou": 0.0,
        "precision": 0.0,
        "recall": 0.0,
        "specificity": 0.9999999999989999,
        "sensitivity": 0.0,
        "accuracy": 0.9999999999989999,
        "f1_score": 0.0,
        "average_probability": 8.990910282591358e-05,
        "maximum_probability": 0.030460665002465248,
        "minimum_probability": 6.469161317745886e-11
    },
    "shape_analysis": {
        "connected_components": 0,
        "largest_component": 0,
        "smallest_component": 0,
        "average_component_area": 0.0,
        "perimeter": 0.0,
        "bounding_box": [
            0,
            0,
            0,
            0
        ],
        "centroid": [
            0,
            0
        ],
        "convex_area": 0.0,
        "solidity": 0.0,
        "aspect_ratio": 0.0,
        "circularity": 0.0,
        "shape_complexity": 0.0
    },
    "confidence_analysis": {
        "average_probability": 8.990910282591358e-05,
        "maximum_probability": 0.030460665002465248,
        "minimum_probability": 6.469161317745886e-11,
        "confidence_variance": 9.403434546584322e-07,
        "confidence_entropy": -2030.2582366398633
    },
    "severity_assessment": {
        "severity_index": 0.21867614136097296,
        "risk_level": "Low",
        "confidence_level": "Low"
    },
    "file_paths": {
        "prediction": "predictions/sample_00217.png",
        "heatmap": "heatmaps/sample_00217.png",
        "overlay": "overlays/sample_00217.png"
    }
}