{
    "sample_index": 5,
    "sample_id": "sample_00005",
    "dataset_index": 12727,
    "image_id": "16_2",
    "image_name": "16_2.tif",
    "region": "Vanoise",
    "temporal_baseline": "18days",
    "patch_number": "coherence",
    "coherence_path": "/kaggle/input/datasets/rishikeshgopal45/landslide-insar-isslide/ReadyToBeUsedDataset/18days/Vanoise/26Jul2018_13Aug2018/coherence/16_2.tif",
    "phase_path": "/kaggle/input/datasets/rishikeshgopal45/landslide-insar-isslide/ReadyToBeUsedDataset/18days/Vanoise/26Jul2018_13Aug2018/phase/16_2.tif",
    "ground_truth_path": "/kaggle/input/datasets/rishikeshgopal45/landslide-insar-isslide/ReadyToBeUsedDataset/18days/Vanoise/Segmentations/26Jul2018_13Aug2018/16_2.tif",
    "dataset_split": "Test",
    "analysis_date": "2026-07-06 12:43:24",
    "coherence_analysis": {
        "mean": 0.49658456444740295,
        "median": 0.49415886402130127,
        "minimum": 0.10803468525409698,
        "maximum": 0.9112575054168701,
        "std": 0.14747217297554016,
        "variance": 0.021748041734099388,
        "range": 0.8032228350639343,
        "q25": 0.38712430000305176,
        "q50": 0.49415886402130127,
        "q75": 0.6053819060325623,
        "skewness": 0.0576123371720314,
        "kurtosis": -0.6429710388183594,
        "low_coherence_percentage": 10.040000000000001,
        "medium_coherence_percentage": 80.93,
        "high_coherence_percentage": 9.030000000000001
    },
    "phase_analysis": {
        "mean": 0.8110677003860474,
        "median": 2.039726734161377,
        "minimum": -3.1414949893951416,
        "maximum": 3.1413846015930176,
        "std": 2.3751423358917236,
        "variance": 5.641300678253174,
        "range": 6.282879829406738,
        "skewness": -0.7610477209091187,
        "kurtosis": -1.2798433303833008,
        "entropy": 4.708639295919987,
        "energy": 16.478344469589867,
        "gradient_mean": 0.44125887751579285,
        "gradient_std": 1.0193462371826172
    },
    "segmentation_analysis": {
        "ground_truth_area": 0,
        "predicted_area": 0,
        "difference": 0,
        "area_percentage": 0.0,
        "dice": 0.0,
        "iou": 0.0,
        "precision": 0.0,
        "recall": 0.0,
        "specificity": 0.9999999999989999,
        "sensitivity": 0.0,
        "accuracy": 0.9999999999989999,
        "f1_score": 0.0,
        "average_probability": 8.167503438016865e-06,
        "maximum_probability": 0.0003070239326916635,
        "minimum_probability": 1.7129109545696575e-12
    },
    "shape_analysis": {
        "connected_components": 0,
        "largest_component": 0,
        "smallest_component": 0,
        "average_component_area": 0.0,
        "perimeter": 0.0,
        "bounding_box": [
            0,
            0,
            0,
            0
        ],
        "centroid": [
            0,
            0
        ],
        "convex_area": 0.0,
        "solidity": 0.0,
        "aspect_ratio": 0.0,
        "circularity": 0.0,
        "shape_complexity": 0.0
    },
    "confidence_analysis": {
        "average_probability": 8.167503438016865e-06,
        "maximum_probability": 0.0003070239326916635,
        "minimum_probability": 1.7129109545696575e-12,
        "confidence_variance": 4.5602496778762713e-10,
        "confidence_entropy": -2047.9999991538523
    },
    "severity_assessment": {
        "severity_index": 0.2665970986996462,
        "risk_level": "Low",
        "confidence_level": "Low"
    },
    "file_paths": {
        "prediction": "predictions/sample_00005.png",
        "heatmap": "heatmaps/sample_00005.png",
        "overlay": "overlays/sample_00005.png"
    }
}