{
    "sample_index": 763,
    "sample_id": "sample_00763",
    "dataset_index": 8764,
    "image_id": "39_26",
    "image_name": "39_26.tif",
    "region": "Vanoise",
    "temporal_baseline": "12days",
    "patch_number": "coherence",
    "coherence_path": "/kaggle/input/datasets/rishikeshgopal45/landslide-insar-isslide/ReadyToBeUsedDataset/12days/Vanoise/13Aug2018_25Aug2018/coherence/39_26.tif",
    "phase_path": "/kaggle/input/datasets/rishikeshgopal45/landslide-insar-isslide/ReadyToBeUsedDataset/12days/Vanoise/13Aug2018_25Aug2018/phase/39_26.tif",
    "ground_truth_path": "/kaggle/input/datasets/rishikeshgopal45/landslide-insar-isslide/ReadyToBeUsedDataset/12days/Vanoise/Segmentations/13Aug2018_25Aug2018/39_26.tif",
    "dataset_split": "Test",
    "analysis_date": "2026-07-06 12:43:24",
    "coherence_analysis": {
        "mean": 0.6796477437019348,
        "median": 0.7247449159622192,
        "minimum": 0.09822690486907959,
        "maximum": 0.9508653283119202,
        "std": 0.16433222591876984,
        "variance": 0.027005081996321678,
        "range": 0.8526384234428406,
        "q25": 0.5961176156997681,
        "q50": 0.7247449159622192,
        "q75": 0.8025719523429871,
        "skewness": -1.0738813877105713,
        "kurtosis": 0.600151538848877,
        "low_coherence_percentage": 3.93,
        "medium_coherence_percentage": 39.92,
        "high_coherence_percentage": 56.15
    },
    "phase_analysis": {
        "mean": 1.555213212966919,
        "median": 1.5151516199111938,
        "minimum": -3.141416549682617,
        "maximum": 3.14111328125,
        "std": 1.1178451776504517,
        "variance": 1.2495778799057007,
        "range": 6.282529830932617,
        "skewness": -2.284395217895508,
        "kurtosis": 7.620205879211426,
        "entropy": 4.632738755127446,
        "energy": 18.953527417120238,
        "gradient_mean": 0.1847623735666275,
        "gradient_std": 0.6370304822921753
    },
    "segmentation_analysis": {
        "ground_truth_area": 0,
        "predicted_area": 0,
        "difference": 0,
        "area_percentage": 0.0,
        "dice": 0.0,
        "iou": 0.0,
        "precision": 0.0,
        "recall": 0.0,
        "specificity": 0.9999999999989999,
        "sensitivity": 0.0,
        "accuracy": 0.9999999999989999,
        "f1_score": 0.0,
        "average_probability": 1.3801242857880425e-05,
        "maximum_probability": 0.0006556297885254025,
        "minimum_probability": 8.953716656989741e-10
    },
    "shape_analysis": {
        "connected_components": 0,
        "largest_component": 0,
        "smallest_component": 0,
        "average_component_area": 0.0,
        "perimeter": 0.0,
        "bounding_box": [
            0,
            0,
            0,
            0
        ],
        "centroid": [
            0,
            0
        ],
        "convex_area": 0.0,
        "solidity": 0.0,
        "aspect_ratio": 0.0,
        "circularity": 0.0,
        "shape_complexity": 0.0
    },
    "confidence_analysis": {
        "average_probability": 1.3801242857880425e-05,
        "maximum_probability": 0.0006556297885254025,
        "minimum_probability": 8.953716656989741e-10,
        "confidence_variance": 1.5372028094873258e-09,
        "confidence_entropy": -2047.9999991538523
    },
    "severity_assessment": {
        "severity_index": 0.18565245465859054,
        "risk_level": "Very Low",
        "confidence_level": "Low"
    },
    "file_paths": {
        "prediction": "predictions/sample_00763.png",
        "heatmap": "heatmaps/sample_00763.png",
        "overlay": "overlays/sample_00763.png"
    }
}