{
    "sample_index": 1679,
    "sample_id": "sample_01679",
    "dataset_index": 12148,
    "image_id": "162_57",
    "image_name": "162_57.tif",
    "region": "QueyrasPark",
    "temporal_baseline": "18days",
    "patch_number": "coherence",
    "coherence_path": "/kaggle/input/datasets/rishikeshgopal45/landslide-insar-isslide/ReadyToBeUsedDataset/18days/QueyrasPark/08Jul2018_26Jul2018/coherence/162_57.tif",
    "phase_path": "/kaggle/input/datasets/rishikeshgopal45/landslide-insar-isslide/ReadyToBeUsedDataset/18days/QueyrasPark/08Jul2018_26Jul2018/phase/162_57.tif",
    "ground_truth_path": "/kaggle/input/datasets/rishikeshgopal45/landslide-insar-isslide/ReadyToBeUsedDataset/18days/QueyrasPark/Segmentations/08Jul2018_26Jul2018/162_57.tif",
    "dataset_split": "Test",
    "analysis_date": "2026-07-06 12:43:24",
    "coherence_analysis": {
        "mean": 0.5320155024528503,
        "median": 0.5496906042098999,
        "minimum": 0.0941818356513977,
        "maximum": 0.9082967638969421,
        "std": 0.149183452129364,
        "variance": 0.022255701944231987,
        "range": 0.8141149282455444,
        "q25": 0.4190342426300049,
        "q50": 0.5496906042098999,
        "q75": 0.650499701499939,
        "skewness": -0.27274540066719055,
        "kurtosis": -0.7701678276062012,
        "low_coherence_percentage": 7.85,
        "medium_coherence_percentage": 78.74,
        "high_coherence_percentage": 13.41
    },
    "phase_analysis": {
        "mean": 0.810638964176178,
        "median": 0.756921648979187,
        "minimum": -0.7297060489654541,
        "maximum": 2.7550954818725586,
        "std": 0.48905083537101746,
        "variance": 0.23917073011398315,
        "range": 3.4848015308380127,
        "skewness": 0.35109004378318787,
        "kurtosis": 0.30547451972961426,
        "entropy": 4.8769387550766226,
        "energy": 47.65747750896125,
        "gradient_mean": 0.123249351978302,
        "gradient_std": 0.14247089624404907
    },
    "segmentation_analysis": {
        "ground_truth_area": 0,
        "predicted_area": 0,
        "difference": 0,
        "area_percentage": 0.0,
        "dice": 0.0,
        "iou": 0.0,
        "precision": 0.0,
        "recall": 0.0,
        "specificity": 0.9999999999989999,
        "sensitivity": 0.0,
        "accuracy": 0.9999999999989999,
        "f1_score": 0.0,
        "average_probability": 1.5035888282000087e-05,
        "maximum_probability": 0.00045607672655023634,
        "minimum_probability": 2.0854806770387313e-10
    },
    "shape_analysis": {
        "connected_components": 0,
        "largest_component": 0,
        "smallest_component": 0,
        "average_component_area": 0.0,
        "perimeter": 0.0,
        "bounding_box": [
            0,
            0,
            0,
            0
        ],
        "centroid": [
            0,
            0
        ],
        "convex_area": 0.0,
        "solidity": 0.0,
        "aspect_ratio": 0.0,
        "circularity": 0.0,
        "shape_complexity": 0.0
    },
    "confidence_analysis": {
        "average_probability": 1.5035888282000087e-05,
        "maximum_probability": 0.00045607672655023634,
        "minimum_probability": 2.0854806770387313e-10,
        "confidence_variance": 1.328445020654101e-09,
        "confidence_entropy": -2047.9999991538523
    },
    "severity_assessment": {
        "severity_index": 0.18268237548769944,
        "risk_level": "Very Low",
        "confidence_level": "Low"
    },
    "file_paths": {
        "prediction": "predictions/sample_01679.png",
        "heatmap": "heatmaps/sample_01679.png",
        "overlay": "overlays/sample_01679.png"
    }
}