{
    "sample_index": 1412,
    "sample_id": "sample_01412",
    "dataset_index": 11094,
    "image_id": "145_42",
    "image_name": "145_42.tif",
    "region": "QueyrasPark",
    "temporal_baseline": "18days",
    "patch_number": "coherence",
    "coherence_path": "/kaggle/input/datasets/rishikeshgopal45/landslide-insar-isslide/ReadyToBeUsedDataset/18days/QueyrasPark/01Aug2018_19Aug2018/coherence/145_42.tif",
    "phase_path": "/kaggle/input/datasets/rishikeshgopal45/landslide-insar-isslide/ReadyToBeUsedDataset/18days/QueyrasPark/01Aug2018_19Aug2018/phase/145_42.tif",
    "ground_truth_path": "/kaggle/input/datasets/rishikeshgopal45/landslide-insar-isslide/ReadyToBeUsedDataset/18days/QueyrasPark/Segmentations/01Aug2018_19Aug2018/145_42.tif",
    "dataset_split": "Test",
    "analysis_date": "2026-07-06 12:43:24",
    "coherence_analysis": {
        "mean": 0.6888957023620605,
        "median": 0.7290434837341309,
        "minimum": 0.12188102304935455,
        "maximum": 0.9221210479736328,
        "std": 0.15038688480854034,
        "variance": 0.02261621505022049,
        "range": 0.8002400398254395,
        "q25": 0.6148427724838257,
        "q50": 0.7290434837341309,
        "q75": 0.7986839413642883,
        "skewness": -1.1267164945602417,
        "kurtosis": 0.8339114189147949,
        "low_coherence_percentage": 2.55,
        "medium_coherence_percentage": 39.24,
        "high_coherence_percentage": 58.209999999999994
    },
    "phase_analysis": {
        "mean": 0.5215536952018738,
        "median": 2.6462783813476562,
        "minimum": -3.1414272785186768,
        "maximum": 3.1413216590881348,
        "std": 2.857914447784424,
        "variance": 8.167675018310547,
        "range": 6.282749176025391,
        "skewness": -0.4043537378311157,
        "kurtosis": -1.8108359575271606,
        "entropy": 3.8576167235958168,
        "energy": 43.74159727018992,
        "gradient_mean": 0.6921061277389526,
        "gradient_std": 1.3651467561721802
    },
    "segmentation_analysis": {
        "ground_truth_area": 0,
        "predicted_area": 0,
        "difference": 0,
        "area_percentage": 0.0,
        "dice": 0.0,
        "iou": 0.0,
        "precision": 0.0,
        "recall": 0.0,
        "specificity": 0.9999999999989999,
        "sensitivity": 0.0,
        "accuracy": 0.9999999999989999,
        "f1_score": 0.0,
        "average_probability": 1.5171749510045629e-05,
        "maximum_probability": 0.002110210945829749,
        "minimum_probability": 1.4599231545897595e-11
    },
    "shape_analysis": {
        "connected_components": 0,
        "largest_component": 0,
        "smallest_component": 0,
        "average_component_area": 0.0,
        "perimeter": 0.0,
        "bounding_box": [
            0,
            0,
            0,
            0
        ],
        "centroid": [
            0,
            0
        ],
        "convex_area": 0.0,
        "solidity": 0.0,
        "aspect_ratio": 0.0,
        "circularity": 0.0,
        "shape_complexity": 0.0
    },
    "confidence_analysis": {
        "average_probability": 1.5171749510045629e-05,
        "maximum_probability": 0.002110210945829749,
        "minimum_probability": 1.4599231545897595e-11,
        "confidence_variance": 6.9693029125517114e-09,
        "confidence_entropy": -2047.9999991538523
    },
    "severity_assessment": {
        "severity_index": 0.22593459303219338,
        "risk_level": "Low",
        "confidence_level": "Low"
    },
    "file_paths": {
        "prediction": "predictions/sample_01412.png",
        "heatmap": "heatmaps/sample_01412.png",
        "overlay": "overlays/sample_01412.png"
    }
}