{
    "sample_index": 352,
    "sample_id": "sample_00352",
    "dataset_index": 6952,
    "image_id": "155_41",
    "image_name": "155_41.tif",
    "region": "QueyrasPark",
    "temporal_baseline": "12days",
    "patch_number": "coherence",
    "coherence_path": "/kaggle/input/datasets/rishikeshgopal45/landslide-insar-isslide/ReadyToBeUsedDataset/12days/QueyrasPark/12Oct2018_24Oct2018/coherence/155_41.tif",
    "phase_path": "/kaggle/input/datasets/rishikeshgopal45/landslide-insar-isslide/ReadyToBeUsedDataset/12days/QueyrasPark/12Oct2018_24Oct2018/phase/155_41.tif",
    "ground_truth_path": "/kaggle/input/datasets/rishikeshgopal45/landslide-insar-isslide/ReadyToBeUsedDataset/12days/QueyrasPark/Segmentations/12Oct2018_24Oct2018/155_41.tif",
    "dataset_split": "Test",
    "analysis_date": "2026-07-06 12:43:24",
    "coherence_analysis": {
        "mean": 0.40953272581100464,
        "median": 0.34453728795051575,
        "minimum": 0.0977008268237114,
        "maximum": 0.8966010808944702,
        "std": 0.20357829332351685,
        "variance": 0.04144412279129028,
        "range": 0.7989002466201782,
        "q25": 0.2380305975675583,
        "q50": 0.34453728795051575,
        "q75": 0.5845061540603638,
        "skewness": 0.5955432653427124,
        "kurtosis": -0.9653854370117188,
        "low_coherence_percentage": 41.83,
        "medium_coherence_percentage": 44.32,
        "high_coherence_percentage": 13.850000000000001
    },
    "phase_analysis": {
        "mean": 0.5294243097305298,
        "median": 0.6710239052772522,
        "minimum": -3.131089448928833,
        "maximum": 3.1326096057891846,
        "std": 1.2540075778961182,
        "variance": 1.5725349187850952,
        "range": 6.263699054718018,
        "skewness": -0.6622423529624939,
        "kurtosis": 0.6589186191558838,
        "entropy": 5.061098913990723,
        "energy": 14.118416950881077,
        "gradient_mean": 0.64359450340271,
        "gradient_std": 0.8198316097259521
    },
    "segmentation_analysis": {
        "ground_truth_area": 0,
        "predicted_area": 0,
        "difference": 0,
        "area_percentage": 0.0,
        "dice": 0.0,
        "iou": 0.0,
        "precision": 0.0,
        "recall": 0.0,
        "specificity": 0.9999999999989999,
        "sensitivity": 0.0,
        "accuracy": 0.9999999999989999,
        "f1_score": 0.0,
        "average_probability": 4.205459845252335e-05,
        "maximum_probability": 0.0016925651580095291,
        "minimum_probability": 5.004213043946493e-09
    },
    "shape_analysis": {
        "connected_components": 0,
        "largest_component": 0,
        "smallest_component": 0,
        "average_component_area": 0.0,
        "perimeter": 0.0,
        "bounding_box": [
            0,
            0,
            0,
            0
        ],
        "centroid": [
            0,
            0
        ],
        "convex_area": 0.0,
        "solidity": 0.0,
        "aspect_ratio": 0.0,
        "circularity": 0.0,
        "shape_complexity": 0.0
    },
    "confidence_analysis": {
        "average_probability": 4.205459845252335e-05,
        "maximum_probability": 0.0016925651580095291,
        "minimum_probability": 5.004213043946493e-09,
        "confidence_variance": 1.0185020826725122e-08,
        "confidence_entropy": -2047.9999991538523
    },
    "severity_assessment": {
        "severity_index": 0.258885972226546,
        "risk_level": "Low",
        "confidence_level": "Low"
    },
    "file_paths": {
        "prediction": "predictions/sample_00352.png",
        "heatmap": "heatmaps/sample_00352.png",
        "overlay": "overlays/sample_00352.png"
    }
}