{
    "sample_index": 1169,
    "sample_id": "sample_01169",
    "dataset_index": 6181,
    "image_id": "76_66",
    "image_name": "76_66.tif",
    "region": "OutsideTheBox",
    "temporal_baseline": "12days",
    "patch_number": "coherence",
    "coherence_path": "/kaggle/input/datasets/rishikeshgopal45/landslide-insar-isslide/ReadyToBeUsedDataset/12days/OutsideTheBox/30Sep2018_12Oct2018/coherence/76_66.tif",
    "phase_path": "/kaggle/input/datasets/rishikeshgopal45/landslide-insar-isslide/ReadyToBeUsedDataset/12days/OutsideTheBox/30Sep2018_12Oct2018/phase/76_66.tif",
    "ground_truth_path": "/kaggle/input/datasets/rishikeshgopal45/landslide-insar-isslide/ReadyToBeUsedDataset/12days/OutsideTheBox/Segmentations/30Sep2018_12Oct2018/76_66.tif",
    "dataset_split": "Test",
    "analysis_date": "2026-07-06 12:43:24",
    "coherence_analysis": {
        "mean": 0.25974828004837036,
        "median": 0.2468145489692688,
        "minimum": 0.08008532226085663,
        "maximum": 0.6179749369621277,
        "std": 0.07713598012924194,
        "variance": 0.005949959624558687,
        "range": 0.5378895998001099,
        "q25": 0.20474784076213837,
        "q50": 0.2468145489692688,
        "q75": 0.3026049733161926,
        "skewness": 0.9004795551300049,
        "kurtosis": 1.0885295867919922,
        "low_coherence_percentage": 74.11999999999999,
        "medium_coherence_percentage": 25.88,
        "high_coherence_percentage": 0.0
    },
    "phase_analysis": {
        "mean": 0.19452238082885742,
        "median": 0.36767125129699707,
        "minimum": -3.1410257816314697,
        "maximum": 3.1405417919158936,
        "std": 1.6375916004180908,
        "variance": 2.681706428527832,
        "range": 6.281567573547363,
        "skewness": -0.19230186939239502,
        "kurtosis": -0.8586764335632324,
        "entropy": 5.420747089404722,
        "energy": 8.13689360012303,
        "gradient_mean": 1.2087620496749878,
        "gradient_std": 0.8823853731155396
    },
    "segmentation_analysis": {
        "ground_truth_area": 0,
        "predicted_area": 0,
        "difference": 0,
        "area_percentage": 0.0,
        "dice": 0.0,
        "iou": 0.0,
        "precision": 0.0,
        "recall": 0.0,
        "specificity": 0.9999999999989999,
        "sensitivity": 0.0,
        "accuracy": 0.9999999999989999,
        "f1_score": 0.0,
        "average_probability": 1.4143703992886003e-05,
        "maximum_probability": 0.00024271971778944135,
        "minimum_probability": 7.788748312975713e-09
    },
    "shape_analysis": {
        "connected_components": 0,
        "largest_component": 0,
        "smallest_component": 0,
        "average_component_area": 0.0,
        "perimeter": 0.0,
        "bounding_box": [
            0,
            0,
            0,
            0
        ],
        "centroid": [
            0,
            0
        ],
        "convex_area": 0.0,
        "solidity": 0.0,
        "aspect_ratio": 0.0,
        "circularity": 0.0,
        "shape_complexity": 0.0
    },
    "confidence_analysis": {
        "average_probability": 1.4143703992886003e-05,
        "maximum_probability": 0.00024271971778944135,
        "minimum_probability": 7.788748312975713e-09,
        "confidence_variance": 4.000561548700432e-10,
        "confidence_entropy": -2047.9999991538523
    },
    "severity_assessment": {
        "severity_index": 0.30923617956593247,
        "risk_level": "Low",
        "confidence_level": "Low"
    },
    "file_paths": {
        "prediction": "predictions/sample_01169.png",
        "heatmap": "heatmaps/sample_01169.png",
        "overlay": "overlays/sample_01169.png"
    }
}