{
    "sample_index": 1653,
    "sample_id": "sample_01653",
    "dataset_index": 11903,
    "image_id": "188_32",
    "image_name": "188_32.tif",
    "region": "QueyrasPark",
    "temporal_baseline": "18days",
    "patch_number": "coherence",
    "coherence_path": "/kaggle/input/datasets/rishikeshgopal45/landslide-insar-isslide/ReadyToBeUsedDataset/18days/QueyrasPark/13Aug2018_31Aug2018/coherence/188_32.tif",
    "phase_path": "/kaggle/input/datasets/rishikeshgopal45/landslide-insar-isslide/ReadyToBeUsedDataset/18days/QueyrasPark/13Aug2018_31Aug2018/phase/188_32.tif",
    "ground_truth_path": "/kaggle/input/datasets/rishikeshgopal45/landslide-insar-isslide/ReadyToBeUsedDataset/18days/QueyrasPark/Segmentations/13Aug2018_31Aug2018/188_32.tif",
    "dataset_split": "Test",
    "analysis_date": "2026-07-06 12:43:24",
    "coherence_analysis": {
        "mean": 0.6452356576919556,
        "median": 0.6544044017791748,
        "minimum": 0.1431421935558319,
        "maximum": 0.9573392868041992,
        "std": 0.13982316851615906,
        "variance": 0.019550519064068794,
        "range": 0.8141970634460449,
        "q25": 0.5572065114974976,
        "q50": 0.6544044017791748,
        "q75": 0.7419838905334473,
        "skewness": -0.3713339567184448,
        "kurtosis": -0.03624677658081055,
        "low_coherence_percentage": 1.18,
        "medium_coherence_percentage": 62.11,
        "high_coherence_percentage": 36.71
    },
    "phase_analysis": {
        "mean": 0.8364629149436951,
        "median": 0.992003321647644,
        "minimum": -0.745739221572876,
        "maximum": 2.8680903911590576,
        "std": 0.7930921912193298,
        "variance": 0.6289952397346497,
        "range": 3.6138296127319336,
        "skewness": 0.008135293610394001,
        "kurtosis": -0.8782985210418701,
        "entropy": 5.225293180119882,
        "energy": 32.20966949837613,
        "gradient_mean": 0.07165025174617767,
        "gradient_std": 0.06339586526155472
    },
    "segmentation_analysis": {
        "ground_truth_area": 0,
        "predicted_area": 0,
        "difference": 0,
        "area_percentage": 0.0,
        "dice": 0.0,
        "iou": 0.0,
        "precision": 0.0,
        "recall": 0.0,
        "specificity": 0.9999999999989999,
        "sensitivity": 0.0,
        "accuracy": 0.9999999999989999,
        "f1_score": 0.0,
        "average_probability": 2.2685522708343342e-05,
        "maximum_probability": 0.0018518399447202682,
        "minimum_probability": 9.224204733371266e-10
    },
    "shape_analysis": {
        "connected_components": 0,
        "largest_component": 0,
        "smallest_component": 0,
        "average_component_area": 0.0,
        "perimeter": 0.0,
        "bounding_box": [
            0,
            0,
            0,
            0
        ],
        "centroid": [
            0,
            0
        ],
        "convex_area": 0.0,
        "solidity": 0.0,
        "aspect_ratio": 0.0,
        "circularity": 0.0,
        "shape_complexity": 0.0
    },
    "confidence_analysis": {
        "average_probability": 2.2685522708343342e-05,
        "maximum_probability": 0.0018518399447202682,
        "minimum_probability": 9.224204733371266e-10,
        "confidence_variance": 9.762453068162813e-09,
        "confidence_entropy": -2047.9999991538523
    },
    "severity_assessment": {
        "severity_index": 0.17715192379861033,
        "risk_level": "Very Low",
        "confidence_level": "Low"
    },
    "file_paths": {
        "prediction": "predictions/sample_01653.png",
        "heatmap": "heatmaps/sample_01653.png",
        "overlay": "overlays/sample_01653.png"
    }
}