{
    "sample_index": 1524,
    "sample_id": "sample_01524",
    "dataset_index": 7109,
    "image_id": "170_47",
    "image_name": "170_47.tif",
    "region": "QueyrasPark",
    "temporal_baseline": "12days",
    "patch_number": "coherence",
    "coherence_path": "/kaggle/input/datasets/rishikeshgopal45/landslide-insar-isslide/ReadyToBeUsedDataset/12days/QueyrasPark/07Aug2018_19Aug2018/coherence/170_47.tif",
    "phase_path": "/kaggle/input/datasets/rishikeshgopal45/landslide-insar-isslide/ReadyToBeUsedDataset/12days/QueyrasPark/07Aug2018_19Aug2018/phase/170_47.tif",
    "ground_truth_path": "/kaggle/input/datasets/rishikeshgopal45/landslide-insar-isslide/ReadyToBeUsedDataset/12days/QueyrasPark/Segmentations/07Aug2018_19Aug2018/170_47.tif",
    "dataset_split": "Test",
    "analysis_date": "2026-07-06 12:43:24",
    "coherence_analysis": {
        "mean": 0.5974515676498413,
        "median": 0.633146345615387,
        "minimum": 0.12390787154436111,
        "maximum": 0.9090176820755005,
        "std": 0.15933756530284882,
        "variance": 0.025388460606336594,
        "range": 0.78510981798172,
        "q25": 0.5069316029548645,
        "q50": 0.633146345615387,
        "q75": 0.7188128232955933,
        "skewness": -0.7546136975288391,
        "kurtosis": -0.18671727180480957,
        "low_coherence_percentage": 6.660000000000001,
        "medium_coherence_percentage": 62.89,
        "high_coherence_percentage": 30.45
    },
    "phase_analysis": {
        "mean": 1.496024489402771,
        "median": 1.8718914985656738,
        "minimum": -3.141140937805176,
        "maximum": 3.1388449668884277,
        "std": 1.4553154706954956,
        "variance": 2.117943048477173,
        "range": 6.2799859046936035,
        "skewness": -1.7768107652664185,
        "kurtosis": 2.8739676475524902,
        "entropy": 4.861578454197009,
        "energy": 15.020151366039013,
        "gradient_mean": 0.4395737648010254,
        "gradient_std": 0.8852012753486633
    },
    "segmentation_analysis": {
        "ground_truth_area": 482,
        "predicted_area": 477,
        "difference": 5,
        "area_percentage": 4.77,
        "dice": 0.9071949947767759,
        "iou": 0.8301526717398826,
        "precision": 0.9119496855154727,
        "recall": 0.9024896265372927,
        "specificity": 0.9955873082569913,
        "sensitivity": 0.9024896265372927,
        "accuracy": 0.9910999999990088,
        "f1_score": 0.9071949947767759,
        "average_probability": 0.04773847758769989,
        "maximum_probability": 1.0,
        "minimum_probability": 2.1868568832806887e-18
    },
    "shape_analysis": {
        "connected_components": 2,
        "largest_component": 312,
        "smallest_component": 165,
        "average_component_area": 238.5,
        "perimeter": 81.11269783973694,
        "bounding_box": [
            8,
            39,
            33,
            16
        ],
        "centroid": [
            23.525641025641026,
            46.78525641025641
        ],
        "convex_area": 327.5,
        "solidity": 0.8396946564629101,
        "aspect_ratio": 2.0624999987109374,
        "circularity": 0.5252485533827013,
        "shape_complexity": 23.924617274913523
    },
    "confidence_analysis": {
        "average_probability": 0.04773847758769989,
        "maximum_probability": 1.0,
        "minimum_probability": 2.1868568832806887e-18,
        "confidence_variance": 0.041428811848163605,
        "confidence_entropy": -1862.023126402566
    },
    "severity_assessment": {
        "severity_index": 0.30060324445849906,
        "risk_level": "Low",
        "confidence_level": "Low"
    },
    "file_paths": {
        "prediction": "predictions/sample_01524.png",
        "heatmap": "heatmaps/sample_01524.png",
        "overlay": "overlays/sample_01524.png"
    }
}