{
    "sample_index": 327,
    "sample_id": "sample_00327",
    "dataset_index": 7346,
    "image_id": "196_21",
    "image_name": "196_21.tif",
    "region": "QueyrasPark",
    "temporal_baseline": "12days",
    "patch_number": "coherence",
    "coherence_path": "/kaggle/input/datasets/rishikeshgopal45/landslide-insar-isslide/ReadyToBeUsedDataset/12days/QueyrasPark/06Oct2018_18Oct2018/coherence/196_21.tif",
    "phase_path": "/kaggle/input/datasets/rishikeshgopal45/landslide-insar-isslide/ReadyToBeUsedDataset/12days/QueyrasPark/06Oct2018_18Oct2018/phase/196_21.tif",
    "ground_truth_path": "/kaggle/input/datasets/rishikeshgopal45/landslide-insar-isslide/ReadyToBeUsedDataset/12days/QueyrasPark/Segmentations/06Oct2018_18Oct2018/196_21.tif",
    "dataset_split": "Test",
    "analysis_date": "2026-07-06 12:43:24",
    "coherence_analysis": {
        "mean": 0.4888068437576294,
        "median": 0.4519384503364563,
        "minimum": 0.10797660052776337,
        "maximum": 0.9392246603965759,
        "std": 0.22407415509223938,
        "variance": 0.050209224224090576,
        "range": 0.8312480449676514,
        "q25": 0.279094934463501,
        "q50": 0.4519384503364563,
        "q75": 0.6930518746376038,
        "skewness": 0.2185215801000595,
        "kurtosis": -1.3505243062973022,
        "low_coherence_percentage": 29.459999999999997,
        "medium_coherence_percentage": 46.72,
        "high_coherence_percentage": 23.82
    },
    "phase_analysis": {
        "mean": -0.30954039096832275,
        "median": -0.3683587312698364,
        "minimum": -3.132490396499634,
        "maximum": 3.0904693603515625,
        "std": 0.7426608800888062,
        "variance": 0.5515451431274414,
        "range": 6.222959518432617,
        "skewness": 0.7914013266563416,
        "kurtosis": 5.335786819458008,
        "entropy": 4.44618643723663,
        "energy": 31.800778296202633,
        "gradient_mean": 0.3257945775985718,
        "gradient_std": 0.5396592020988464
    },
    "segmentation_analysis": {
        "ground_truth_area": 0,
        "predicted_area": 0,
        "difference": 0,
        "area_percentage": 0.0,
        "dice": 0.0,
        "iou": 0.0,
        "precision": 0.0,
        "recall": 0.0,
        "specificity": 0.9999999999989999,
        "sensitivity": 0.0,
        "accuracy": 0.9999999999989999,
        "f1_score": 0.0,
        "average_probability": 1.2616540516319219e-05,
        "maximum_probability": 0.00034178048372268677,
        "minimum_probability": 1.814491668028495e-09
    },
    "shape_analysis": {
        "connected_components": 0,
        "largest_component": 0,
        "smallest_component": 0,
        "average_component_area": 0.0,
        "perimeter": 0.0,
        "bounding_box": [
            0,
            0,
            0,
            0
        ],
        "centroid": [
            0,
            0
        ],
        "convex_area": 0.0,
        "solidity": 0.0,
        "aspect_ratio": 0.0,
        "circularity": 0.0,
        "shape_complexity": 0.0
    },
    "confidence_analysis": {
        "average_probability": 1.2616540516319219e-05,
        "maximum_probability": 0.00034178048372268677,
        "minimum_probability": 1.814491668028495e-09,
        "confidence_variance": 5.130614266768418e-10,
        "confidence_entropy": -2047.9999991538523
    },
    "severity_assessment": {
        "severity_index": 0.21303126681022344,
        "risk_level": "Low",
        "confidence_level": "Low"
    },
    "file_paths": {
        "prediction": "predictions/sample_00327.png",
        "heatmap": "heatmaps/sample_00327.png",
        "overlay": "overlays/sample_00327.png"
    }
}