{
    "sample_index": 1275,
    "sample_id": "sample_01275",
    "dataset_index": 4068,
    "image_id": "38_46",
    "image_name": "38_46.tif",
    "region": "Vanoise",
    "temporal_baseline": "6days",
    "patch_number": "coherence",
    "coherence_path": "/kaggle/input/datasets/rishikeshgopal45/landslide-insar-isslide/ReadyToBeUsedDataset/6days/Vanoise/08Jul2018_14Jul2018/coherence/38_46.tif",
    "phase_path": "/kaggle/input/datasets/rishikeshgopal45/landslide-insar-isslide/ReadyToBeUsedDataset/6days/Vanoise/08Jul2018_14Jul2018/phase/38_46.tif",
    "ground_truth_path": "/kaggle/input/datasets/rishikeshgopal45/landslide-insar-isslide/ReadyToBeUsedDataset/6days/Vanoise/Segmentations/08Jul2018_14Jul2018/38_46.tif",
    "dataset_split": "Test",
    "analysis_date": "2026-07-06 12:43:24",
    "coherence_analysis": {
        "mean": 0.4695817530155182,
        "median": 0.47463297843933105,
        "minimum": 0.1061323806643486,
        "maximum": 0.8823208808898926,
        "std": 0.16890348494052887,
        "variance": 0.028528384864330292,
        "range": 0.7761884927749634,
        "q25": 0.32721737027168274,
        "q50": 0.47463297843933105,
        "q75": 0.6073838472366333,
        "skewness": -0.0034732306376099586,
        "kurtosis": -1.0249409675598145,
        "low_coherence_percentage": 20.369999999999997,
        "medium_coherence_percentage": 70.72,
        "high_coherence_percentage": 8.91
    },
    "phase_analysis": {
        "mean": 1.0528061389923096,
        "median": 2.1149814128875732,
        "minimum": -3.1414296627044678,
        "maximum": 3.1410131454467773,
        "std": 2.303720712661743,
        "variance": 5.30712890625,
        "range": 6.282443046569824,
        "skewness": -1.0625356435775757,
        "kurtosis": -0.6808667182922363,
        "entropy": 4.595012120548048,
        "energy": 18.82533861746242,
        "gradient_mean": 0.4458290934562683,
        "gradient_std": 1.0260671377182007
    },
    "segmentation_analysis": {
        "ground_truth_area": 0,
        "predicted_area": 0,
        "difference": 0,
        "area_percentage": 0.0,
        "dice": 0.0,
        "iou": 0.0,
        "precision": 0.0,
        "recall": 0.0,
        "specificity": 0.9999999999989999,
        "sensitivity": 0.0,
        "accuracy": 0.9999999999989999,
        "f1_score": 0.0,
        "average_probability": 8.017172513063997e-05,
        "maximum_probability": 0.023379074409604073,
        "minimum_probability": 4.5696144090889845e-10
    },
    "shape_analysis": {
        "connected_components": 0,
        "largest_component": 0,
        "smallest_component": 0,
        "average_component_area": 0.0,
        "perimeter": 0.0,
        "bounding_box": [
            0,
            0,
            0,
            0
        ],
        "centroid": [
            0,
            0
        ],
        "convex_area": 0.0,
        "solidity": 0.0,
        "aspect_ratio": 0.0,
        "circularity": 0.0,
        "shape_complexity": 0.0
    },
    "confidence_analysis": {
        "average_probability": 8.017172513063997e-05,
        "maximum_probability": 0.023379074409604073,
        "minimum_probability": 4.5696144090889845e-10,
        "confidence_variance": 4.567189932913607e-07,
        "confidence_entropy": -2037.617764794555
    },
    "severity_assessment": {
        "severity_index": 0.27206675683014014,
        "risk_level": "Low",
        "confidence_level": "Low"
    },
    "file_paths": {
        "prediction": "predictions/sample_01275.png",
        "heatmap": "heatmaps/sample_01275.png",
        "overlay": "overlays/sample_01275.png"
    }
}