{
    "sample_index": 1756,
    "sample_id": "sample_01756",
    "dataset_index": 6550,
    "image_id": "104_52",
    "image_name": "104_52.tif",
    "region": "OutsideTheBox",
    "temporal_baseline": "12days",
    "patch_number": "coherence",
    "coherence_path": "/kaggle/input/datasets/rishikeshgopal45/landslide-insar-isslide/ReadyToBeUsedDataset/12days/OutsideTheBox/24Sep2018_06Oct2018/coherence/104_52.tif",
    "phase_path": "/kaggle/input/datasets/rishikeshgopal45/landslide-insar-isslide/ReadyToBeUsedDataset/12days/OutsideTheBox/24Sep2018_06Oct2018/phase/104_52.tif",
    "ground_truth_path": "/kaggle/input/datasets/rishikeshgopal45/landslide-insar-isslide/ReadyToBeUsedDataset/12days/OutsideTheBox/Segmentations/24Sep2018_06Oct2018/104_52.tif",
    "dataset_split": "Test",
    "analysis_date": "2026-07-06 12:43:24",
    "coherence_analysis": {
        "mean": 0.4000992476940155,
        "median": 0.38854265213012695,
        "minimum": 0.07955747842788696,
        "maximum": 0.863040566444397,
        "std": 0.13464434444904327,
        "variance": 0.018129099160432816,
        "range": 0.78348308801651,
        "q25": 0.2963572144508362,
        "q50": 0.38854265213012695,
        "q75": 0.49259570240974426,
        "skewness": 0.39042845368385315,
        "kurtosis": -0.39146900177001953,
        "low_coherence_percentage": 25.990000000000002,
        "medium_coherence_percentage": 72.21,
        "high_coherence_percentage": 1.7999999999999998
    },
    "phase_analysis": {
        "mean": -0.2864062786102295,
        "median": -1.4013068675994873,
        "minimum": -3.141547918319702,
        "maximum": 3.1339006423950195,
        "std": 2.223048448562622,
        "variance": 4.941944599151611,
        "range": 6.275448799133301,
        "skewness": 0.31368130445480347,
        "kurtosis": -1.6343542337417603,
        "entropy": 5.115209127944588,
        "energy": 11.917949679744623,
        "gradient_mean": 0.6241472363471985,
        "gradient_std": 1.0206650495529175
    },
    "segmentation_analysis": {
        "ground_truth_area": 0,
        "predicted_area": 0,
        "difference": 0,
        "area_percentage": 0.0,
        "dice": 0.0,
        "iou": 0.0,
        "precision": 0.0,
        "recall": 0.0,
        "specificity": 0.9999999999989999,
        "sensitivity": 0.0,
        "accuracy": 0.9999999999989999,
        "f1_score": 0.0,
        "average_probability": 0.0005359072820283473,
        "maximum_probability": 0.07288764417171478,
        "minimum_probability": 3.936839135937342e-12
    },
    "shape_analysis": {
        "connected_components": 0,
        "largest_component": 0,
        "smallest_component": 0,
        "average_component_area": 0.0,
        "perimeter": 0.0,
        "bounding_box": [
            0,
            0,
            0,
            0
        ],
        "centroid": [
            0,
            0
        ],
        "convex_area": 0.0,
        "solidity": 0.0,
        "aspect_ratio": 0.0,
        "circularity": 0.0,
        "shape_complexity": 0.0
    },
    "confidence_analysis": {
        "average_probability": 0.0005359072820283473,
        "maximum_probability": 0.07288764417171478,
        "minimum_probability": 3.936839135937342e-12,
        "confidence_variance": 1.516406518931035e-05,
        "confidence_entropy": -1981.0618653908552
    },
    "severity_assessment": {
        "severity_index": 0.28792213389755766,
        "risk_level": "Low",
        "confidence_level": "Low"
    },
    "file_paths": {
        "prediction": "predictions/sample_01756.png",
        "heatmap": "heatmaps/sample_01756.png",
        "overlay": "overlays/sample_01756.png"
    }
}