{
    "sample_index": 1461,
    "sample_id": "sample_01461",
    "dataset_index": 10148,
    "image_id": "86_56",
    "image_name": "86_56.tif",
    "region": "OutsideTheBox",
    "temporal_baseline": "18days",
    "patch_number": "coherence",
    "coherence_path": "/kaggle/input/datasets/rishikeshgopal45/landslide-insar-isslide/ReadyToBeUsedDataset/18days/OutsideTheBox/06Sep2018_24Sep2018/coherence/86_56.tif",
    "phase_path": "/kaggle/input/datasets/rishikeshgopal45/landslide-insar-isslide/ReadyToBeUsedDataset/18days/OutsideTheBox/06Sep2018_24Sep2018/phase/86_56.tif",
    "ground_truth_path": "/kaggle/input/datasets/rishikeshgopal45/landslide-insar-isslide/ReadyToBeUsedDataset/18days/OutsideTheBox/Segmentations/06Sep2018_24Sep2018/86_56.tif",
    "dataset_split": "Test",
    "analysis_date": "2026-07-06 12:43:24",
    "coherence_analysis": {
        "mean": 0.5762978792190552,
        "median": 0.5923529863357544,
        "minimum": 0.09903109073638916,
        "maximum": 0.9491676092147827,
        "std": 0.19249378144741058,
        "variance": 0.03705385699868202,
        "range": 0.8501365184783936,
        "q25": 0.428734689950943,
        "q50": 0.5923529863357544,
        "q75": 0.7338697910308838,
        "skewness": -0.23146535456180573,
        "kurtosis": -0.9424116611480713,
        "low_coherence_percentage": 10.07,
        "medium_coherence_percentage": 58.53,
        "high_coherence_percentage": 31.4
    },
    "phase_analysis": {
        "mean": -0.572750985622406,
        "median": -1.1092250347137451,
        "minimum": -3.141115427017212,
        "maximum": 3.139991044998169,
        "std": 1.956984043121338,
        "variance": 3.829786777496338,
        "range": 6.281106472015381,
        "skewness": 0.6434549689292908,
        "kurtosis": -0.9787006378173828,
        "entropy": 5.315869606872946,
        "energy": 9.198560947590657,
        "gradient_mean": 0.3803965747356415,
        "gradient_std": 0.8307551145553589
    },
    "segmentation_analysis": {
        "ground_truth_area": 0,
        "predicted_area": 0,
        "difference": 0,
        "area_percentage": 0.0,
        "dice": 0.0,
        "iou": 0.0,
        "precision": 0.0,
        "recall": 0.0,
        "specificity": 0.9999999999989999,
        "sensitivity": 0.0,
        "accuracy": 0.9999999999989999,
        "f1_score": 0.0,
        "average_probability": 1.2488284482969902e-05,
        "maximum_probability": 0.0010305979521945119,
        "minimum_probability": 2.0075369318306446e-12
    },
    "shape_analysis": {
        "connected_components": 0,
        "largest_component": 0,
        "smallest_component": 0,
        "average_component_area": 0.0,
        "perimeter": 0.0,
        "bounding_box": [
            0,
            0,
            0,
            0
        ],
        "centroid": [
            0,
            0
        ],
        "convex_area": 0.0,
        "solidity": 0.0,
        "aspect_ratio": 0.0,
        "circularity": 0.0,
        "shape_complexity": 0.0
    },
    "confidence_analysis": {
        "average_probability": 1.2488284482969902e-05,
        "maximum_probability": 0.0010305979521945119,
        "minimum_probability": 2.0075369318306446e-12,
        "confidence_variance": 5.892832000142789e-09,
        "confidence_entropy": -2047.9999991538523
    },
    "severity_assessment": {
        "severity_index": 0.23828904752119254,
        "risk_level": "Low",
        "confidence_level": "Low"
    },
    "file_paths": {
        "prediction": "predictions/sample_01461.png",
        "heatmap": "heatmaps/sample_01461.png",
        "overlay": "overlays/sample_01461.png"
    }
}