{
    "sample_index": 1403,
    "sample_id": "sample_01403",
    "dataset_index": 9999,
    "image_id": "103_59",
    "image_name": "103_59.tif",
    "region": "OutsideTheBox",
    "temporal_baseline": "18days",
    "patch_number": "coherence",
    "coherence_path": "/kaggle/input/datasets/rishikeshgopal45/landslide-insar-isslide/ReadyToBeUsedDataset/18days/OutsideTheBox/24Sep2018_12Oct2018/coherence/103_59.tif",
    "phase_path": "/kaggle/input/datasets/rishikeshgopal45/landslide-insar-isslide/ReadyToBeUsedDataset/18days/OutsideTheBox/24Sep2018_12Oct2018/phase/103_59.tif",
    "ground_truth_path": "/kaggle/input/datasets/rishikeshgopal45/landslide-insar-isslide/ReadyToBeUsedDataset/18days/OutsideTheBox/Segmentations/24Sep2018_12Oct2018/103_59.tif",
    "dataset_split": "Test",
    "analysis_date": "2026-07-06 12:43:24",
    "coherence_analysis": {
        "mean": 0.3402329981327057,
        "median": 0.28756171464920044,
        "minimum": 0.10233621299266815,
        "maximum": 0.9075554609298706,
        "std": 0.154512420296669,
        "variance": 0.023874089121818542,
        "range": 0.8052192330360413,
        "q25": 0.22894567251205444,
        "q50": 0.28756171464920044,
        "q75": 0.4136611819267273,
        "skewness": 1.1171644926071167,
        "kurtosis": 0.3420860767364502,
        "low_coherence_percentage": 54.2,
        "medium_coherence_percentage": 42.69,
        "high_coherence_percentage": 3.11
    },
    "phase_analysis": {
        "mean": 0.10710034519433975,
        "median": 0.2223656177520752,
        "minimum": -3.1352174282073975,
        "maximum": 3.1377832889556885,
        "std": 1.4469817876815796,
        "variance": 2.0937564373016357,
        "range": 6.273000717163086,
        "skewness": -0.24580034613609314,
        "kurtosis": -0.1971299648284912,
        "entropy": 5.2625528278826295,
        "energy": 10.382532669848578,
        "gradient_mean": 0.8354716897010803,
        "gradient_std": 0.9242326617240906
    },
    "segmentation_analysis": {
        "ground_truth_area": 0,
        "predicted_area": 0,
        "difference": 0,
        "area_percentage": 0.0,
        "dice": 0.0,
        "iou": 0.0,
        "precision": 0.0,
        "recall": 0.0,
        "specificity": 0.9999999999989999,
        "sensitivity": 0.0,
        "accuracy": 0.9999999999989999,
        "f1_score": 0.0,
        "average_probability": 1.8472881492925808e-05,
        "maximum_probability": 0.0005302825593389571,
        "minimum_probability": 1.2422430195613288e-08
    },
    "shape_analysis": {
        "connected_components": 0,
        "largest_component": 0,
        "smallest_component": 0,
        "average_component_area": 0.0,
        "perimeter": 0.0,
        "bounding_box": [
            0,
            0,
            0,
            0
        ],
        "centroid": [
            0,
            0
        ],
        "convex_area": 0.0,
        "solidity": 0.0,
        "aspect_ratio": 0.0,
        "circularity": 0.0,
        "shape_complexity": 0.0
    },
    "confidence_analysis": {
        "average_probability": 1.8472881492925808e-05,
        "maximum_probability": 0.0005302825593389571,
        "minimum_probability": 1.2422430195613288e-08,
        "confidence_variance": 1.4003047610344765e-09,
        "confidence_entropy": -2047.9999991538523
    },
    "severity_assessment": {
        "severity_index": 0.2832084081890732,
        "risk_level": "Low",
        "confidence_level": "Low"
    },
    "file_paths": {
        "prediction": "predictions/sample_01403.png",
        "heatmap": "heatmaps/sample_01403.png",
        "overlay": "overlays/sample_01403.png"
    }
}