{
    "sample_index": 1863,
    "sample_id": "sample_01863",
    "dataset_index": 3442,
    "image_id": "147_7",
    "image_name": "147_7.tif",
    "region": "QueyrasPark",
    "temporal_baseline": "6days",
    "patch_number": "coherence",
    "coherence_path": "/kaggle/input/datasets/rishikeshgopal45/landslide-insar-isslide/ReadyToBeUsedDataset/6days/QueyrasPark/31Aug2018_06Sep2018/coherence/147_7.tif",
    "phase_path": "/kaggle/input/datasets/rishikeshgopal45/landslide-insar-isslide/ReadyToBeUsedDataset/6days/QueyrasPark/31Aug2018_06Sep2018/phase/147_7.tif",
    "ground_truth_path": "/kaggle/input/datasets/rishikeshgopal45/landslide-insar-isslide/ReadyToBeUsedDataset/6days/QueyrasPark/Segmentations/31Aug2018_06Sep2018/147_7.tif",
    "dataset_split": "Test",
    "analysis_date": "2026-07-06 12:43:24",
    "coherence_analysis": {
        "mean": 0.5622482299804688,
        "median": 0.5733256340026855,
        "minimum": 0.15023289620876312,
        "maximum": 0.874615490436554,
        "std": 0.132664293050766,
        "variance": 0.017599813640117645,
        "range": 0.7243825793266296,
        "q25": 0.47538819909095764,
        "q50": 0.5733256340026855,
        "q75": 0.6584231853485107,
        "skewness": -0.3503914773464203,
        "kurtosis": -0.29640841484069824,
        "low_coherence_percentage": 3.63,
        "medium_coherence_percentage": 81.0,
        "high_coherence_percentage": 15.370000000000001
    },
    "phase_analysis": {
        "mean": -2.292487382888794,
        "median": -2.566849708557129,
        "minimum": -3.1413776874542236,
        "maximum": 3.141411542892456,
        "std": 1.2355700731277466,
        "variance": 1.526633381843567,
        "range": 6.28278923034668,
        "skewness": 3.8893630504608154,
        "kurtosis": 13.927875518798828,
        "entropy": 3.8507404854970324,
        "energy": 41.91570741019285,
        "gradient_mean": 0.1909829080104828,
        "gradient_std": 0.6635758876800537
    },
    "segmentation_analysis": {
        "ground_truth_area": 0,
        "predicted_area": 0,
        "difference": 0,
        "area_percentage": 0.0,
        "dice": 0.0,
        "iou": 0.0,
        "precision": 0.0,
        "recall": 0.0,
        "specificity": 0.9999999999989999,
        "sensitivity": 0.0,
        "accuracy": 0.9999999999989999,
        "f1_score": 0.0,
        "average_probability": 1.5252195225912146e-05,
        "maximum_probability": 0.0021830331534147263,
        "minimum_probability": 5.498150379423805e-09
    },
    "shape_analysis": {
        "connected_components": 0,
        "largest_component": 0,
        "smallest_component": 0,
        "average_component_area": 0.0,
        "perimeter": 0.0,
        "bounding_box": [
            0,
            0,
            0,
            0
        ],
        "centroid": [
            0,
            0
        ],
        "convex_area": 0.0,
        "solidity": 0.0,
        "aspect_ratio": 0.0,
        "circularity": 0.0,
        "shape_complexity": 0.0
    },
    "confidence_analysis": {
        "average_probability": 1.5252195225912146e-05,
        "maximum_probability": 0.0021830331534147263,
        "minimum_probability": 5.498150379423805e-09,
        "confidence_variance": 8.418152397382528e-09,
        "confidence_entropy": -2047.9999991538523
    },
    "severity_assessment": {
        "severity_index": 0.21997530279429503,
        "risk_level": "Low",
        "confidence_level": "Low"
    },
    "file_paths": {
        "prediction": "predictions/sample_01863.png",
        "heatmap": "heatmaps/sample_01863.png",
        "overlay": "overlays/sample_01863.png"
    }
}