{
    "sample_index": 1627,
    "sample_id": "sample_01627",
    "dataset_index": 5077,
    "image_id": "108_28",
    "image_name": "108_28.tif",
    "region": "EcrinPark",
    "temporal_baseline": "12days",
    "patch_number": "coherence",
    "coherence_path": "/kaggle/input/datasets/rishikeshgopal45/landslide-insar-isslide/ReadyToBeUsedDataset/12days/EcrinPark/13Aug2018_25Aug2018/coherence/108_28.tif",
    "phase_path": "/kaggle/input/datasets/rishikeshgopal45/landslide-insar-isslide/ReadyToBeUsedDataset/12days/EcrinPark/13Aug2018_25Aug2018/phase/108_28.tif",
    "ground_truth_path": "/kaggle/input/datasets/rishikeshgopal45/landslide-insar-isslide/ReadyToBeUsedDataset/12days/EcrinPark/Segmentations/13Aug2018_25Aug2018/108_28.tif",
    "dataset_split": "Test",
    "analysis_date": "2026-07-06 12:43:24",
    "coherence_analysis": {
        "mean": 0.7449285387992859,
        "median": 0.7756242752075195,
        "minimum": 0.2173280119895935,
        "maximum": 0.9655170440673828,
        "std": 0.14718636870384216,
        "variance": 0.021663827821612358,
        "range": 0.7481890320777893,
        "q25": 0.6491111516952515,
        "q50": 0.7756242752075195,
        "q75": 0.8669806718826294,
        "skewness": -0.804468035697937,
        "kurtosis": 0.07471632957458496,
        "low_coherence_percentage": 0.58,
        "medium_coherence_percentage": 33.379999999999995,
        "high_coherence_percentage": 66.03999999999999
    },
    "phase_analysis": {
        "mean": -2.1292643547058105,
        "median": -2.66445255279541,
        "minimum": -3.1410791873931885,
        "maximum": 3.1414871215820312,
        "std": 1.7351710796356201,
        "variance": 3.0108187198638916,
        "range": 6.282566070556641,
        "skewness": 2.601707935333252,
        "kurtosis": 4.953678607940674,
        "entropy": 3.7916933910436876,
        "energy": 42.69254508426201,
        "gradient_mean": 0.23191986978054047,
        "gradient_std": 0.7942251563072205
    },
    "segmentation_analysis": {
        "ground_truth_area": 0,
        "predicted_area": 0,
        "difference": 0,
        "area_percentage": 0.0,
        "dice": 0.0,
        "iou": 0.0,
        "precision": 0.0,
        "recall": 0.0,
        "specificity": 0.9999999999989999,
        "sensitivity": 0.0,
        "accuracy": 0.9999999999989999,
        "f1_score": 0.0,
        "average_probability": 7.499767889385112e-06,
        "maximum_probability": 0.0005266432417556643,
        "minimum_probability": 3.942762435982239e-11
    },
    "shape_analysis": {
        "connected_components": 0,
        "largest_component": 0,
        "smallest_component": 0,
        "average_component_area": 0.0,
        "perimeter": 0.0,
        "bounding_box": [
            0,
            0,
            0,
            0
        ],
        "centroid": [
            0,
            0
        ],
        "convex_area": 0.0,
        "solidity": 0.0,
        "aspect_ratio": 0.0,
        "circularity": 0.0,
        "shape_complexity": 0.0
    },
    "confidence_analysis": {
        "average_probability": 7.499767889385112e-06,
        "maximum_probability": 0.0005266432417556643,
        "minimum_probability": 3.942762435982239e-11,
        "confidence_variance": 7.377419231069382e-10,
        "confidence_entropy": -2047.9999991538523
    },
    "severity_assessment": {
        "severity_index": 0.19064629660230972,
        "risk_level": "Very Low",
        "confidence_level": "Low"
    },
    "file_paths": {
        "prediction": "predictions/sample_01627.png",
        "heatmap": "heatmaps/sample_01627.png",
        "overlay": "overlays/sample_01627.png"
    }
}