{
    "sample_index": 684,
    "sample_id": "sample_00684",
    "dataset_index": 11250,
    "image_id": "162_28",
    "image_name": "162_28.tif",
    "region": "QueyrasPark",
    "temporal_baseline": "18days",
    "patch_number": "coherence",
    "coherence_path": "/kaggle/input/datasets/rishikeshgopal45/landslide-insar-isslide/ReadyToBeUsedDataset/18days/QueyrasPark/02Jul2018_20Jul2018/coherence/162_28.tif",
    "phase_path": "/kaggle/input/datasets/rishikeshgopal45/landslide-insar-isslide/ReadyToBeUsedDataset/18days/QueyrasPark/02Jul2018_20Jul2018/phase/162_28.tif",
    "ground_truth_path": "/kaggle/input/datasets/rishikeshgopal45/landslide-insar-isslide/ReadyToBeUsedDataset/18days/QueyrasPark/Segmentations/02Jul2018_20Jul2018/162_28.tif",
    "dataset_split": "Test",
    "analysis_date": "2026-07-06 12:43:24",
    "coherence_analysis": {
        "mean": 0.4196356534957886,
        "median": 0.4017782211303711,
        "minimum": 0.10539624094963074,
        "maximum": 0.851171612739563,
        "std": 0.15533147752285004,
        "variance": 0.024127867072820663,
        "range": 0.7457753419876099,
        "q25": 0.2919970154762268,
        "q50": 0.4017782211303711,
        "q75": 0.5402167439460754,
        "skewness": 0.3561963737010956,
        "kurtosis": -0.8137400150299072,
        "low_coherence_percentage": 27.439999999999998,
        "medium_coherence_percentage": 68.38,
        "high_coherence_percentage": 4.18
    },
    "phase_analysis": {
        "mean": -1.6200850009918213,
        "median": -1.944448709487915,
        "minimum": -3.132500410079956,
        "maximum": 3.131967306137085,
        "std": 1.3604222536087036,
        "variance": 1.8507487773895264,
        "range": 6.264467716217041,
        "skewness": 2.0782933235168457,
        "kurtosis": 3.748574733734131,
        "entropy": 4.726646340750836,
        "energy": 18.653402987134427,
        "gradient_mean": 0.5742217898368835,
        "gradient_std": 0.8767097592353821
    },
    "segmentation_analysis": {
        "ground_truth_area": 0,
        "predicted_area": 0,
        "difference": 0,
        "area_percentage": 0.0,
        "dice": 0.0,
        "iou": 0.0,
        "precision": 0.0,
        "recall": 0.0,
        "specificity": 0.9999999999989999,
        "sensitivity": 0.0,
        "accuracy": 0.9999999999989999,
        "f1_score": 0.0,
        "average_probability": 4.3743635615101084e-05,
        "maximum_probability": 0.01481036376208067,
        "minimum_probability": 1.4145790316888451e-08
    },
    "shape_analysis": {
        "connected_components": 0,
        "largest_component": 0,
        "smallest_component": 0,
        "average_component_area": 0.0,
        "perimeter": 0.0,
        "bounding_box": [
            0,
            0,
            0,
            0
        ],
        "centroid": [
            0,
            0
        ],
        "convex_area": 0.0,
        "solidity": 0.0,
        "aspect_ratio": 0.0,
        "circularity": 0.0,
        "shape_complexity": 0.0
    },
    "confidence_analysis": {
        "average_probability": 4.3743635615101084e-05,
        "maximum_probability": 0.01481036376208067,
        "minimum_probability": 1.4145790316888451e-08,
        "confidence_variance": 1.919984953246967e-07,
        "confidence_entropy": -2041.7228534155608
    },
    "severity_assessment": {
        "severity_index": 0.2603604840000895,
        "risk_level": "Low",
        "confidence_level": "Low"
    },
    "file_paths": {
        "prediction": "predictions/sample_00684.png",
        "heatmap": "heatmaps/sample_00684.png",
        "overlay": "overlays/sample_00684.png"
    }
}