{
    "sample_index": 1903,
    "sample_id": "sample_01903",
    "dataset_index": 10006,
    "image_id": "200_83",
    "image_name": "200_83.tif",
    "region": "OutsideTheBox",
    "temporal_baseline": "18days",
    "patch_number": "coherence",
    "coherence_path": "/kaggle/input/datasets/rishikeshgopal45/landslide-insar-isslide/ReadyToBeUsedDataset/18days/OutsideTheBox/24Sep2018_12Oct2018/coherence/200_83.tif",
    "phase_path": "/kaggle/input/datasets/rishikeshgopal45/landslide-insar-isslide/ReadyToBeUsedDataset/18days/OutsideTheBox/24Sep2018_12Oct2018/phase/200_83.tif",
    "ground_truth_path": "/kaggle/input/datasets/rishikeshgopal45/landslide-insar-isslide/ReadyToBeUsedDataset/18days/OutsideTheBox/Segmentations/24Sep2018_12Oct2018/200_83.tif",
    "dataset_split": "Test",
    "analysis_date": "2026-07-06 12:43:24",
    "coherence_analysis": {
        "mean": 0.27344417572021484,
        "median": 0.2599479854106903,
        "minimum": 0.08349013328552246,
        "maximum": 0.6940467357635498,
        "std": 0.08067108690738678,
        "variance": 0.006507824640721083,
        "range": 0.6105566024780273,
        "q25": 0.2154272347688675,
        "q50": 0.2599479854106903,
        "q75": 0.31691235303878784,
        "skewness": 0.9287669658660889,
        "kurtosis": 1.0942163467407227,
        "low_coherence_percentage": 68.75,
        "medium_coherence_percentage": 31.25,
        "high_coherence_percentage": 0.0
    },
    "phase_analysis": {
        "mean": -0.2700675129890442,
        "median": -0.4908490478992462,
        "minimum": -3.136444568634033,
        "maximum": 3.1278107166290283,
        "std": 1.6317006349563599,
        "variance": 2.662446975708008,
        "range": 6.264255523681641,
        "skewness": 0.3225003778934479,
        "kurtosis": -0.8640263080596924,
        "entropy": 5.447157532995103,
        "energy": 7.848706698459928,
        "gradient_mean": 1.1386374235153198,
        "gradient_std": 0.8763940334320068
    },
    "segmentation_analysis": {
        "ground_truth_area": 0,
        "predicted_area": 0,
        "difference": 0,
        "area_percentage": 0.0,
        "dice": 0.0,
        "iou": 0.0,
        "precision": 0.0,
        "recall": 0.0,
        "specificity": 0.9999999999989999,
        "sensitivity": 0.0,
        "accuracy": 0.9999999999989999,
        "f1_score": 0.0,
        "average_probability": 9.703692740004044e-06,
        "maximum_probability": 0.00013887416571378708,
        "minimum_probability": 1.0031023833789732e-07
    },
    "shape_analysis": {
        "connected_components": 0,
        "largest_component": 0,
        "smallest_component": 0,
        "average_component_area": 0.0,
        "perimeter": 0.0,
        "bounding_box": [
            0,
            0,
            0,
            0
        ],
        "centroid": [
            0,
            0
        ],
        "convex_area": 0.0,
        "solidity": 0.0,
        "aspect_ratio": 0.0,
        "circularity": 0.0,
        "shape_complexity": 0.0
    },
    "confidence_analysis": {
        "average_probability": 9.703692740004044e-06,
        "maximum_probability": 0.00013887416571378708,
        "minimum_probability": 1.0031023833789732e-07,
        "confidence_variance": 1.590417936236932e-10,
        "confidence_entropy": -2047.9999991538523
    },
    "severity_assessment": {
        "severity_index": 0.30564247024498603,
        "risk_level": "Low",
        "confidence_level": "Low"
    },
    "file_paths": {
        "prediction": "predictions/sample_01903.png",
        "heatmap": "heatmaps/sample_01903.png",
        "overlay": "overlays/sample_01903.png"
    }
}