{
    "sample_index": 657,
    "sample_id": "sample_00657",
    "dataset_index": 11206,
    "image_id": "182_45",
    "image_name": "182_45.tif",
    "region": "QueyrasPark",
    "temporal_baseline": "18days",
    "patch_number": "coherence",
    "coherence_path": "/kaggle/input/datasets/rishikeshgopal45/landslide-insar-isslide/ReadyToBeUsedDataset/18days/QueyrasPark/31Aug2018_18Sep2018/coherence/182_45.tif",
    "phase_path": "/kaggle/input/datasets/rishikeshgopal45/landslide-insar-isslide/ReadyToBeUsedDataset/18days/QueyrasPark/31Aug2018_18Sep2018/phase/182_45.tif",
    "ground_truth_path": "/kaggle/input/datasets/rishikeshgopal45/landslide-insar-isslide/ReadyToBeUsedDataset/18days/QueyrasPark/Segmentations/31Aug2018_18Sep2018/182_45.tif",
    "dataset_split": "Test",
    "analysis_date": "2026-07-06 12:43:24",
    "coherence_analysis": {
        "mean": 0.5243657231330872,
        "median": 0.5615832805633545,
        "minimum": 0.11279088258743286,
        "maximum": 0.9139993190765381,
        "std": 0.18517878651618958,
        "variance": 0.034291185438632965,
        "range": 0.8012084364891052,
        "q25": 0.3788961172103882,
        "q50": 0.5615832805633545,
        "q75": 0.6720547676086426,
        "skewness": -0.3751262128353119,
        "kurtosis": -0.9004688262939453,
        "low_coherence_percentage": 16.33,
        "medium_coherence_percentage": 65.07,
        "high_coherence_percentage": 18.6
    },
    "phase_analysis": {
        "mean": 1.5326515436172485,
        "median": 2.2810542583465576,
        "minimum": -3.140230655670166,
        "maximum": 3.1414239406585693,
        "std": 1.837151288986206,
        "variance": 3.37512469291687,
        "range": 6.281654357910156,
        "skewness": -1.7001938819885254,
        "kurtosis": 1.3647189140319824,
        "entropy": 4.647730481124048,
        "energy": 22.313774329119674,
        "gradient_mean": 0.5546125769615173,
        "gradient_std": 1.0027451515197754
    },
    "segmentation_analysis": {
        "ground_truth_area": 0,
        "predicted_area": 0,
        "difference": 0,
        "area_percentage": 0.0,
        "dice": 0.0,
        "iou": 0.0,
        "precision": 0.0,
        "recall": 0.0,
        "specificity": 0.9999999999989999,
        "sensitivity": 0.0,
        "accuracy": 0.9999999999989999,
        "f1_score": 0.0,
        "average_probability": 0.00013779893924947828,
        "maximum_probability": 0.014175010845065117,
        "minimum_probability": 4.8418175024878e-10
    },
    "shape_analysis": {
        "connected_components": 0,
        "largest_component": 0,
        "smallest_component": 0,
        "average_component_area": 0.0,
        "perimeter": 0.0,
        "bounding_box": [
            0,
            0,
            0,
            0
        ],
        "centroid": [
            0,
            0
        ],
        "convex_area": 0.0,
        "solidity": 0.0,
        "aspect_ratio": 0.0,
        "circularity": 0.0,
        "shape_complexity": 0.0
    },
    "confidence_analysis": {
        "average_probability": 0.00013779893924947828,
        "maximum_probability": 0.014175010845065117,
        "minimum_probability": 4.8418175024878e-10,
        "confidence_variance": 8.350725124728342e-07,
        "confidence_entropy": -2017.5275911022093
    },
    "severity_assessment": {
        "severity_index": 0.24841532453978832,
        "risk_level": "Low",
        "confidence_level": "Low"
    },
    "file_paths": {
        "prediction": "predictions/sample_00657.png",
        "heatmap": "heatmaps/sample_00657.png",
        "overlay": "overlays/sample_00657.png"
    }
}