{
    "sample_index": 562,
    "sample_id": "sample_00562",
    "dataset_index": 3364,
    "image_id": "197_38",
    "image_name": "197_38.tif",
    "region": "QueyrasPark",
    "temporal_baseline": "6days",
    "patch_number": "coherence",
    "coherence_path": "/kaggle/input/datasets/rishikeshgopal45/landslide-insar-isslide/ReadyToBeUsedDataset/6days/QueyrasPark/07Aug2018_13Aug2018/coherence/197_38.tif",
    "phase_path": "/kaggle/input/datasets/rishikeshgopal45/landslide-insar-isslide/ReadyToBeUsedDataset/6days/QueyrasPark/07Aug2018_13Aug2018/phase/197_38.tif",
    "ground_truth_path": "/kaggle/input/datasets/rishikeshgopal45/landslide-insar-isslide/ReadyToBeUsedDataset/6days/QueyrasPark/Segmentations/07Aug2018_13Aug2018/197_38.tif",
    "dataset_split": "Test",
    "analysis_date": "2026-07-06 12:43:24",
    "coherence_analysis": {
        "mean": 0.6249134540557861,
        "median": 0.6420090198516846,
        "minimum": 0.14112061262130737,
        "maximum": 0.9129933714866638,
        "std": 0.13281825184822083,
        "variance": 0.01764068938791752,
        "range": 0.7718727588653564,
        "q25": 0.5468500852584839,
        "q50": 0.6420090198516846,
        "q75": 0.7176904678344727,
        "skewness": -0.6181384325027466,
        "kurtosis": 0.22118735313415527,
        "low_coherence_percentage": 2.0,
        "medium_coherence_percentage": 67.55,
        "high_coherence_percentage": 30.45
    },
    "phase_analysis": {
        "mean": -1.6449702978134155,
        "median": -1.7336217164993286,
        "minimum": -2.5448577404022217,
        "maximum": 0.3161158263683319,
        "std": 0.3984251320362091,
        "variance": 0.15874257683753967,
        "range": 2.860973596572876,
        "skewness": 0.9074599146842957,
        "kurtosis": 1.503319263458252,
        "entropy": 4.831402290460277,
        "energy": 77.68514240402313,
        "gradient_mean": 0.07335840165615082,
        "gradient_std": 0.08709917217493057
    },
    "segmentation_analysis": {
        "ground_truth_area": 229,
        "predicted_area": 350,
        "difference": 121,
        "area_percentage": 3.5000000000000004,
        "dice": 0.6873920552558309,
        "iou": 0.5236842105125347,
        "precision": 0.5685714285551836,
        "recall": 0.8689956331498255,
        "specificity": 0.9845461058223471,
        "sensitivity": 0.8689956331498255,
        "accuracy": 0.981899999999018,
        "f1_score": 0.6873920552558309,
        "average_probability": 0.0353081189095974,
        "maximum_probability": 0.9999998807907104,
        "minimum_probability": 4.016829837499847e-12
    },
    "shape_analysis": {
        "connected_components": 2,
        "largest_component": 248,
        "smallest_component": 102,
        "average_component_area": 175.0,
        "perimeter": 59.21320307254791,
        "bounding_box": [
            39,
            44,
            22,
            14
        ],
        "centroid": [
            49.528225806451616,
            51.266129032258064
        ],
        "convex_area": 227.0,
        "solidity": 0.9713656387237284,
        "aspect_ratio": 1.5714285703061224,
        "circularity": 0.7902806511868884,
        "shape_complexity": 15.9011492877632
    },
    "confidence_analysis": {
        "average_probability": 0.0353081189095974,
        "maximum_probability": 0.9999998807907104,
        "minimum_probability": 4.016829837499847e-12,
        "confidence_variance": 0.030375661328434944,
        "confidence_entropy": -1893.3272698631451
    },
    "severity_assessment": {
        "severity_index": 0.21126118992303003,
        "risk_level": "Low",
        "confidence_level": "Low"
    },
    "file_paths": {
        "prediction": "predictions/sample_00562.png",
        "heatmap": "heatmaps/sample_00562.png",
        "overlay": "overlays/sample_00562.png"
    }
}