{
    "sample_index": 1774,
    "sample_id": "sample_01774",
    "dataset_index": 11107,
    "image_id": "157_61",
    "image_name": "157_61.tif",
    "region": "QueyrasPark",
    "temporal_baseline": "18days",
    "patch_number": "coherence",
    "coherence_path": "/kaggle/input/datasets/rishikeshgopal45/landslide-insar-isslide/ReadyToBeUsedDataset/18days/QueyrasPark/01Aug2018_19Aug2018/coherence/157_61.tif",
    "phase_path": "/kaggle/input/datasets/rishikeshgopal45/landslide-insar-isslide/ReadyToBeUsedDataset/18days/QueyrasPark/01Aug2018_19Aug2018/phase/157_61.tif",
    "ground_truth_path": "/kaggle/input/datasets/rishikeshgopal45/landslide-insar-isslide/ReadyToBeUsedDataset/18days/QueyrasPark/Segmentations/01Aug2018_19Aug2018/157_61.tif",
    "dataset_split": "Test",
    "analysis_date": "2026-07-06 12:43:24",
    "coherence_analysis": {
        "mean": 0.6663321256637573,
        "median": 0.6840343475341797,
        "minimum": 0.13026262819766998,
        "maximum": 0.9461700916290283,
        "std": 0.1400693953037262,
        "variance": 0.01961943693459034,
        "range": 0.8159074783325195,
        "q25": 0.5781015157699585,
        "q50": 0.6840343475341797,
        "q75": 0.7748427987098694,
        "skewness": -0.6549081802368164,
        "kurtosis": 0.0683596134185791,
        "low_coherence_percentage": 1.34,
        "medium_coherence_percentage": 53.010000000000005,
        "high_coherence_percentage": 45.65
    },
    "phase_analysis": {
        "mean": 2.114015817642212,
        "median": 2.138852119445801,
        "minimum": -3.1010537147521973,
        "maximum": 3.1376020908355713,
        "std": 0.32101261615753174,
        "variance": 0.10304910689592361,
        "range": 6.238656044006348,
        "skewness": -5.680750846862793,
        "kurtosis": 87.53413391113281,
        "entropy": 3.71416568159992,
        "energy": 46.10706281678354,
        "gradient_mean": 0.05875581502914429,
        "gradient_std": 0.176078662276268
    },
    "segmentation_analysis": {
        "ground_truth_area": 109,
        "predicted_area": 85,
        "difference": 24,
        "area_percentage": 0.8500000000000001,
        "dice": 0.7835051545987883,
        "iou": 0.6440677965555875,
        "precision": 0.8941176469536333,
        "recall": 0.6972477063580507,
        "specificity": 0.9990900818916195,
        "sensitivity": 0.6972477063580507,
        "accuracy": 0.9957999999990041,
        "f1_score": 0.7835051545987883,
        "average_probability": 0.008844409137964249,
        "maximum_probability": 0.9999698400497437,
        "minimum_probability": 1.690584894298297e-10
    },
    "shape_analysis": {
        "connected_components": 1,
        "largest_component": 85,
        "smallest_component": 85,
        "average_component_area": 85.0,
        "perimeter": 32.14213538169861,
        "bounding_box": [
            37,
            63,
            11,
            10
        ],
        "centroid": [
            42.10588235294118,
            68.01176470588236
        ],
        "convex_area": 73.0,
        "solidity": 0.9589041094576845,
        "aspect_ratio": 1.0999999989,
        "circularity": 0.8514486319829427,
        "shape_complexity": 14.758812382112191
    },
    "confidence_analysis": {
        "average_probability": 0.008844409137964249,
        "maximum_probability": 0.9999698400497437,
        "minimum_probability": 1.690584894298297e-10,
        "confidence_variance": 0.007599492557346821,
        "confidence_entropy": -1980.915566031019
    },
    "severity_assessment": {
        "severity_index": 0.18057382209588915,
        "risk_level": "Very Low",
        "confidence_level": "Low"
    },
    "file_paths": {
        "prediction": "predictions/sample_01774.png",
        "heatmap": "heatmaps/sample_01774.png",
        "overlay": "overlays/sample_01774.png"
    }
}