{
    "sample_index": 1540,
    "sample_id": "sample_01540",
    "dataset_index": 5970,
    "image_id": "47_48",
    "image_name": "47_48.tif",
    "region": "OutsideTheBox",
    "temporal_baseline": "12days",
    "patch_number": "coherence",
    "coherence_path": "/kaggle/input/datasets/rishikeshgopal45/landslide-insar-isslide/ReadyToBeUsedDataset/12days/OutsideTheBox/01Aug2018_13Aug2018/coherence/47_48.tif",
    "phase_path": "/kaggle/input/datasets/rishikeshgopal45/landslide-insar-isslide/ReadyToBeUsedDataset/12days/OutsideTheBox/01Aug2018_13Aug2018/phase/47_48.tif",
    "ground_truth_path": "/kaggle/input/datasets/rishikeshgopal45/landslide-insar-isslide/ReadyToBeUsedDataset/12days/OutsideTheBox/Segmentations/01Aug2018_13Aug2018/47_48.tif",
    "dataset_split": "Test",
    "analysis_date": "2026-07-06 12:43:24",
    "coherence_analysis": {
        "mean": 0.6566926836967468,
        "median": 0.6933324337005615,
        "minimum": 0.138975128531456,
        "maximum": 0.9478050470352173,
        "std": 0.17748232185840607,
        "variance": 0.03149997442960739,
        "range": 0.8088299036026001,
        "q25": 0.5431559085845947,
        "q50": 0.6933324337005615,
        "q75": 0.7965986728668213,
        "skewness": -0.6545061469078064,
        "kurtosis": -0.4180424213409424,
        "low_coherence_percentage": 4.71,
        "medium_coherence_percentage": 46.68,
        "high_coherence_percentage": 48.61
    },
    "phase_analysis": {
        "mean": 0.6167903542518616,
        "median": 0.523329496383667,
        "minimum": -0.4968552589416504,
        "maximum": 2.5024867057800293,
        "std": 0.527226448059082,
        "variance": 0.27796775102615356,
        "range": 2.9993419647216797,
        "skewness": 0.4554145634174347,
        "kurtosis": -0.058690547943115234,
        "entropy": 5.058260734528556,
        "energy": 54.72762371730323,
        "gradient_mean": 0.08500915765762329,
        "gradient_std": 0.10206614434719086
    },
    "segmentation_analysis": {
        "ground_truth_area": 0,
        "predicted_area": 0,
        "difference": 0,
        "area_percentage": 0.0,
        "dice": 0.0,
        "iou": 0.0,
        "precision": 0.0,
        "recall": 0.0,
        "specificity": 0.9999999999989999,
        "sensitivity": 0.0,
        "accuracy": 0.9999999999989999,
        "f1_score": 0.0,
        "average_probability": 2.2881749828229658e-05,
        "maximum_probability": 0.0014830875443294644,
        "minimum_probability": 1.7156994713829476e-09
    },
    "shape_analysis": {
        "connected_components": 0,
        "largest_component": 0,
        "smallest_component": 0,
        "average_component_area": 0.0,
        "perimeter": 0.0,
        "bounding_box": [
            0,
            0,
            0,
            0
        ],
        "centroid": [
            0,
            0
        ],
        "convex_area": 0.0,
        "solidity": 0.0,
        "aspect_ratio": 0.0,
        "circularity": 0.0,
        "shape_complexity": 0.0
    },
    "confidence_analysis": {
        "average_probability": 2.2881749828229658e-05,
        "maximum_probability": 0.0014830875443294644,
        "minimum_probability": 1.7156994713829476e-09,
        "confidence_variance": 7.502925392088855e-09,
        "confidence_entropy": -2047.9999991538523
    },
    "severity_assessment": {
        "severity_index": 0.1548704799016777,
        "risk_level": "Very Low",
        "confidence_level": "Low"
    },
    "file_paths": {
        "prediction": "predictions/sample_01540.png",
        "heatmap": "heatmaps/sample_01540.png",
        "overlay": "overlays/sample_01540.png"
    }
}