{
    "sample_index": 1474,
    "sample_id": "sample_01474",
    "dataset_index": 3373,
    "image_id": "147_7",
    "image_name": "147_7.tif",
    "region": "QueyrasPark",
    "temporal_baseline": "6days",
    "patch_number": "coherence",
    "coherence_path": "/kaggle/input/datasets/rishikeshgopal45/landslide-insar-isslide/ReadyToBeUsedDataset/6days/QueyrasPark/06Sep2018_12Sep2018/coherence/147_7.tif",
    "phase_path": "/kaggle/input/datasets/rishikeshgopal45/landslide-insar-isslide/ReadyToBeUsedDataset/6days/QueyrasPark/06Sep2018_12Sep2018/phase/147_7.tif",
    "ground_truth_path": "/kaggle/input/datasets/rishikeshgopal45/landslide-insar-isslide/ReadyToBeUsedDataset/6days/QueyrasPark/Segmentations/06Sep2018_12Sep2018/147_7.tif",
    "dataset_split": "Test",
    "analysis_date": "2026-07-06 12:43:24",
    "coherence_analysis": {
        "mean": 0.6520766615867615,
        "median": 0.6723840236663818,
        "minimum": 0.1436009705066681,
        "maximum": 0.9378060698509216,
        "std": 0.12612508237361908,
        "variance": 0.015907535329461098,
        "range": 0.7942050695419312,
        "q25": 0.5827937722206116,
        "q50": 0.6723840236663818,
        "q75": 0.7385478019714355,
        "skewness": -0.7379953861236572,
        "kurtosis": 0.6015152931213379,
        "low_coherence_percentage": 1.3599999999999999,
        "medium_coherence_percentage": 59.72,
        "high_coherence_percentage": 38.92
    },
    "phase_analysis": {
        "mean": 0.9291697144508362,
        "median": 0.8886501789093018,
        "minimum": 0.07872401922941208,
        "maximum": 2.029752254486084,
        "std": 0.406757116317749,
        "variance": 0.16545136272907257,
        "range": 1.9510282278060913,
        "skewness": 0.4683469533920288,
        "kurtosis": -0.6012160778045654,
        "entropy": 5.22935282935715,
        "energy": 105.2385183561426,
        "gradient_mean": 0.05118507519364357,
        "gradient_std": 0.04012150317430496
    },
    "segmentation_analysis": {
        "ground_truth_area": 0,
        "predicted_area": 0,
        "difference": 0,
        "area_percentage": 0.0,
        "dice": 0.0,
        "iou": 0.0,
        "precision": 0.0,
        "recall": 0.0,
        "specificity": 0.9999999999989999,
        "sensitivity": 0.0,
        "accuracy": 0.9999999999989999,
        "f1_score": 0.0,
        "average_probability": 2.1966616259305738e-05,
        "maximum_probability": 0.0028874988202005625,
        "minimum_probability": 5.432768013236e-09
    },
    "shape_analysis": {
        "connected_components": 0,
        "largest_component": 0,
        "smallest_component": 0,
        "average_component_area": 0.0,
        "perimeter": 0.0,
        "bounding_box": [
            0,
            0,
            0,
            0
        ],
        "centroid": [
            0,
            0
        ],
        "convex_area": 0.0,
        "solidity": 0.0,
        "aspect_ratio": 0.0,
        "circularity": 0.0,
        "shape_complexity": 0.0
    },
    "confidence_analysis": {
        "average_probability": 2.1966616259305738e-05,
        "maximum_probability": 0.0028874988202005625,
        "minimum_probability": 5.432768013236e-09,
        "confidence_variance": 1.0165584818366824e-08,
        "confidence_entropy": -2047.9999991538523
    },
    "severity_assessment": {
        "severity_index": 0.14480988150835808,
        "risk_level": "Very Low",
        "confidence_level": "Low"
    },
    "file_paths": {
        "prediction": "predictions/sample_01474.png",
        "heatmap": "heatmaps/sample_01474.png",
        "overlay": "overlays/sample_01474.png"
    }
}