{
    "sample_index": 1278,
    "sample_id": "sample_01278",
    "dataset_index": 11082,
    "image_id": "94_72",
    "image_name": "94_72.tif",
    "region": "OutsideTheBox",
    "temporal_baseline": "18days",
    "patch_number": "coherence",
    "coherence_path": "/kaggle/input/datasets/rishikeshgopal45/landslide-insar-isslide/ReadyToBeUsedDataset/18days/OutsideTheBox/25Aug2018_12Sep2018/coherence/94_72.tif",
    "phase_path": "/kaggle/input/datasets/rishikeshgopal45/landslide-insar-isslide/ReadyToBeUsedDataset/18days/OutsideTheBox/25Aug2018_12Sep2018/phase/94_72.tif",
    "ground_truth_path": "/kaggle/input/datasets/rishikeshgopal45/landslide-insar-isslide/ReadyToBeUsedDataset/18days/OutsideTheBox/Segmentations/25Aug2018_12Sep2018/94_72.tif",
    "dataset_split": "Test",
    "analysis_date": "2026-07-06 12:43:24",
    "coherence_analysis": {
        "mean": 0.5915842056274414,
        "median": 0.614035964012146,
        "minimum": 0.11776680499315262,
        "maximum": 0.9387342929840088,
        "std": 0.1903574913740158,
        "variance": 0.03623597323894501,
        "range": 0.8209674954414368,
        "q25": 0.4375879764556885,
        "q50": 0.614035964012146,
        "q75": 0.7537524700164795,
        "skewness": -0.2722148299217224,
        "kurtosis": -1.0056360960006714,
        "low_coherence_percentage": 8.07,
        "medium_coherence_percentage": 56.47,
        "high_coherence_percentage": 35.46
    },
    "phase_analysis": {
        "mean": -0.8968466520309448,
        "median": -0.7781206369400024,
        "minimum": -3.1407134532928467,
        "maximum": 3.1412394046783447,
        "std": 0.8517712950706482,
        "variance": 0.72551429271698,
        "range": 6.281952857971191,
        "skewness": 0.8863319158554077,
        "kurtosis": 4.783611297607422,
        "entropy": 4.6693373947199115,
        "energy": 20.664872071343044,
        "gradient_mean": 0.19893063604831696,
        "gradient_std": 0.4833785593509674
    },
    "segmentation_analysis": {
        "ground_truth_area": 0,
        "predicted_area": 225,
        "difference": 225,
        "area_percentage": 2.25,
        "dice": 0.0,
        "iou": 0.0,
        "precision": 0.0,
        "recall": 0.0,
        "specificity": 0.9774999999990224,
        "sensitivity": 0.0,
        "accuracy": 0.9774999999990224,
        "f1_score": 0.0,
        "average_probability": 0.022923899814486504,
        "maximum_probability": 0.9999994039535522,
        "minimum_probability": 2.1675647566492675e-17
    },
    "shape_analysis": {
        "connected_components": 1,
        "largest_component": 225,
        "smallest_component": 225,
        "average_component_area": 225.0,
        "perimeter": 59.11269795894623,
        "bounding_box": [
            43,
            36,
            18,
            20
        ],
        "centroid": [
            51.29333333333334,
            45.955555555555556
        ],
        "convex_area": 210.0,
        "solidity": 0.9476190475739229,
        "aspect_ratio": 0.89999999955,
        "circularity": 0.7156511567864312,
        "shape_complexity": 17.559352059346793
    },
    "confidence_analysis": {
        "average_probability": 0.022923899814486504,
        "maximum_probability": 0.9999994039535522,
        "minimum_probability": 2.1675647566492675e-17,
        "confidence_variance": 0.02054859884083271,
        "confidence_entropy": -1924.8746053980742
    },
    "severity_assessment": {
        "severity_index": 0.25395625287977514,
        "risk_level": "Low",
        "confidence_level": "Low"
    },
    "file_paths": {
        "prediction": "predictions/sample_01278.png",
        "heatmap": "heatmaps/sample_01278.png",
        "overlay": "overlays/sample_01278.png"
    }
}