{
    "sample_index": 1513,
    "sample_id": "sample_01513",
    "dataset_index": 10018,
    "image_id": "54_74",
    "image_name": "54_74.tif",
    "region": "OutsideTheBox",
    "temporal_baseline": "18days",
    "patch_number": "coherence",
    "coherence_path": "/kaggle/input/datasets/rishikeshgopal45/landslide-insar-isslide/ReadyToBeUsedDataset/18days/OutsideTheBox/24Sep2018_12Oct2018/coherence/54_74.tif",
    "phase_path": "/kaggle/input/datasets/rishikeshgopal45/landslide-insar-isslide/ReadyToBeUsedDataset/18days/OutsideTheBox/24Sep2018_12Oct2018/phase/54_74.tif",
    "ground_truth_path": "/kaggle/input/datasets/rishikeshgopal45/landslide-insar-isslide/ReadyToBeUsedDataset/18days/OutsideTheBox/Segmentations/24Sep2018_12Oct2018/54_74.tif",
    "dataset_split": "Test",
    "analysis_date": "2026-07-06 12:43:24",
    "coherence_analysis": {
        "mean": 0.4022970199584961,
        "median": 0.3253774046897888,
        "minimum": 0.08461526781320572,
        "maximum": 0.9251755475997925,
        "std": 0.209691122174263,
        "variance": 0.043970368802547455,
        "range": 0.840560257434845,
        "q25": 0.23162974417209625,
        "q50": 0.3253774046897888,
        "q75": 0.5705653429031372,
        "skewness": 0.7166239023208618,
        "kurtosis": -0.7668881416320801,
        "low_coherence_percentage": 44.45,
        "medium_coherence_percentage": 42.11,
        "high_coherence_percentage": 13.44
    },
    "phase_analysis": {
        "mean": 0.3928716480731964,
        "median": 0.5592526793479919,
        "minimum": -3.1366522312164307,
        "maximum": 3.1339666843414307,
        "std": 1.242493987083435,
        "variance": 1.54379141330719,
        "range": 6.270618915557861,
        "skewness": -0.6262632012367249,
        "kurtosis": 0.4894134998321533,
        "entropy": 5.146672116790219,
        "energy": 13.032276672804969,
        "gradient_mean": 0.6115344762802124,
        "gradient_std": 0.7858569622039795
    },
    "segmentation_analysis": {
        "ground_truth_area": 0,
        "predicted_area": 0,
        "difference": 0,
        "area_percentage": 0.0,
        "dice": 0.0,
        "iou": 0.0,
        "precision": 0.0,
        "recall": 0.0,
        "specificity": 0.9999999999989999,
        "sensitivity": 0.0,
        "accuracy": 0.9999999999989999,
        "f1_score": 0.0,
        "average_probability": 3.4471602702979e-05,
        "maximum_probability": 0.002121251542121172,
        "minimum_probability": 6.036204175385862e-11
    },
    "shape_analysis": {
        "connected_components": 0,
        "largest_component": 0,
        "smallest_component": 0,
        "average_component_area": 0.0,
        "perimeter": 0.0,
        "bounding_box": [
            0,
            0,
            0,
            0
        ],
        "centroid": [
            0,
            0
        ],
        "convex_area": 0.0,
        "solidity": 0.0,
        "aspect_ratio": 0.0,
        "circularity": 0.0,
        "shape_complexity": 0.0
    },
    "confidence_analysis": {
        "average_probability": 3.4471602702979e-05,
        "maximum_probability": 0.002121251542121172,
        "minimum_probability": 6.036204175385862e-11,
        "confidence_variance": 1.5962649868583867e-08,
        "confidence_entropy": -2047.9999991538523
    },
    "severity_assessment": {
        "severity_index": 0.2602393297281134,
        "risk_level": "Low",
        "confidence_level": "Low"
    },
    "file_paths": {
        "prediction": "predictions/sample_01513.png",
        "heatmap": "heatmaps/sample_01513.png",
        "overlay": "overlays/sample_01513.png"
    }
}