{
    "sample_index": 340,
    "sample_id": "sample_00340",
    "dataset_index": 7508,
    "image_id": "159_48",
    "image_name": "159_48.tif",
    "region": "QueyrasPark",
    "temporal_baseline": "12days",
    "patch_number": "coherence",
    "coherence_path": "/kaggle/input/datasets/rishikeshgopal45/landslide-insar-isslide/ReadyToBeUsedDataset/12days/QueyrasPark/30Sep2018_12Oct2018/coherence/159_48.tif",
    "phase_path": "/kaggle/input/datasets/rishikeshgopal45/landslide-insar-isslide/ReadyToBeUsedDataset/12days/QueyrasPark/30Sep2018_12Oct2018/phase/159_48.tif",
    "ground_truth_path": "/kaggle/input/datasets/rishikeshgopal45/landslide-insar-isslide/ReadyToBeUsedDataset/12days/QueyrasPark/Segmentations/30Sep2018_12Oct2018/159_48.tif",
    "dataset_split": "Test",
    "analysis_date": "2026-07-06 12:43:24",
    "coherence_analysis": {
        "mean": 0.2819906771183014,
        "median": 0.25995123386383057,
        "minimum": 0.07854294031858444,
        "maximum": 0.7781671285629272,
        "std": 0.09982803463935852,
        "variance": 0.009965636767446995,
        "range": 0.6996241807937622,
        "q25": 0.2158009111881256,
        "q50": 0.25995123386383057,
        "q75": 0.3211587071418762,
        "skewness": 1.5631554126739502,
        "kurtosis": 3.1950607299804688,
        "low_coherence_percentage": 67.99,
        "medium_coherence_percentage": 31.72,
        "high_coherence_percentage": 0.29
    },
    "phase_analysis": {
        "mean": -0.4433355927467346,
        "median": -1.0501922369003296,
        "minimum": -3.141575813293457,
        "maximum": 3.1404809951782227,
        "std": 1.9045250415802002,
        "variance": 3.627215623855591,
        "range": 6.28205680847168,
        "skewness": 0.4395313262939453,
        "kurtosis": -1.2212862968444824,
        "entropy": 5.385707016991958,
        "energy": 8.750228200276368,
        "gradient_mean": 1.305692195892334,
        "gradient_std": 1.0230612754821777
    },
    "segmentation_analysis": {
        "ground_truth_area": 0,
        "predicted_area": 0,
        "difference": 0,
        "area_percentage": 0.0,
        "dice": 0.0,
        "iou": 0.0,
        "precision": 0.0,
        "recall": 0.0,
        "specificity": 0.9999999999989999,
        "sensitivity": 0.0,
        "accuracy": 0.9999999999989999,
        "f1_score": 0.0,
        "average_probability": 2.395398769294843e-05,
        "maximum_probability": 0.00024907715851441026,
        "minimum_probability": 3.946293014589486e-10
    },
    "shape_analysis": {
        "connected_components": 0,
        "largest_component": 0,
        "smallest_component": 0,
        "average_component_area": 0.0,
        "perimeter": 0.0,
        "bounding_box": [
            0,
            0,
            0,
            0
        ],
        "centroid": [
            0,
            0
        ],
        "convex_area": 0.0,
        "solidity": 0.0,
        "aspect_ratio": 0.0,
        "circularity": 0.0,
        "shape_complexity": 0.0
    },
    "confidence_analysis": {
        "average_probability": 2.395398769294843e-05,
        "maximum_probability": 0.00024907715851441026,
        "minimum_probability": 3.946293014589486e-10,
        "confidence_variance": 7.482270913961031e-10,
        "confidence_entropy": -2047.9999991538523
    },
    "severity_assessment": {
        "severity_index": 0.31064425680580265,
        "risk_level": "Low",
        "confidence_level": "Low"
    },
    "file_paths": {
        "prediction": "predictions/sample_00340.png",
        "heatmap": "heatmaps/sample_00340.png",
        "overlay": "overlays/sample_00340.png"
    }
}