{
    "sample_index": 1623,
    "sample_id": "sample_01623",
    "dataset_index": 2395,
    "image_id": "195_55",
    "image_name": "195_55.tif",
    "region": "QueyrasPark",
    "temporal_baseline": "6days",
    "patch_number": "coherence",
    "coherence_path": "/kaggle/input/datasets/rishikeshgopal45/landslide-insar-isslide/ReadyToBeUsedDataset/6days/QueyrasPark/26Jul2018_01Aug2018/coherence/195_55.tif",
    "phase_path": "/kaggle/input/datasets/rishikeshgopal45/landslide-insar-isslide/ReadyToBeUsedDataset/6days/QueyrasPark/26Jul2018_01Aug2018/phase/195_55.tif",
    "ground_truth_path": "/kaggle/input/datasets/rishikeshgopal45/landslide-insar-isslide/ReadyToBeUsedDataset/6days/QueyrasPark/Segmentations/26Jul2018_01Aug2018/195_55.tif",
    "dataset_split": "Test",
    "analysis_date": "2026-07-06 12:43:24",
    "coherence_analysis": {
        "mean": 0.7135393619537354,
        "median": 0.7548402547836304,
        "minimum": 0.12733837962150574,
        "maximum": 0.9680971503257751,
        "std": 0.16322952508926392,
        "variance": 0.02664387784898281,
        "range": 0.8407588005065918,
        "q25": 0.6342856287956238,
        "q50": 0.7548402547836304,
        "q75": 0.8308467864990234,
        "skewness": -1.0066180229187012,
        "kurtosis": 0.5158779621124268,
        "low_coherence_percentage": 2.13,
        "medium_coherence_percentage": 34.18,
        "high_coherence_percentage": 63.690000000000005
    },
    "phase_analysis": {
        "mean": -1.2313495874404907,
        "median": -1.2531808614730835,
        "minimum": -3.0320234298706055,
        "maximum": 3.101278781890869,
        "std": 0.6347147822380066,
        "variance": 0.40286287665367126,
        "range": 6.133302211761475,
        "skewness": 3.093449354171753,
        "kurtosis": 18.88648796081543,
        "entropy": 4.173486783390248,
        "energy": 33.047627996677775,
        "gradient_mean": 0.11722111701965332,
        "gradient_std": 0.3853799104690552
    },
    "segmentation_analysis": {
        "ground_truth_area": 0,
        "predicted_area": 0,
        "difference": 0,
        "area_percentage": 0.0,
        "dice": 0.0,
        "iou": 0.0,
        "precision": 0.0,
        "recall": 0.0,
        "specificity": 0.9999999999989999,
        "sensitivity": 0.0,
        "accuracy": 0.9999999999989999,
        "f1_score": 0.0,
        "average_probability": 1.1511363481986336e-05,
        "maximum_probability": 0.00028785623726435006,
        "minimum_probability": 2.5740856668399203e-10
    },
    "shape_analysis": {
        "connected_components": 0,
        "largest_component": 0,
        "smallest_component": 0,
        "average_component_area": 0.0,
        "perimeter": 0.0,
        "bounding_box": [
            0,
            0,
            0,
            0
        ],
        "centroid": [
            0,
            0
        ],
        "convex_area": 0.0,
        "solidity": 0.0,
        "aspect_ratio": 0.0,
        "circularity": 0.0,
        "shape_complexity": 0.0
    },
    "confidence_analysis": {
        "average_probability": 1.1511363481986336e-05,
        "maximum_probability": 0.00028785623726435006,
        "minimum_probability": 2.5740856668399203e-10,
        "confidence_variance": 7.772374410741634e-10,
        "confidence_entropy": -2047.9999991538523
    },
    "severity_assessment": {
        "severity_index": 0.1492696579151409,
        "risk_level": "Very Low",
        "confidence_level": "Low"
    },
    "file_paths": {
        "prediction": "predictions/sample_01623.png",
        "heatmap": "heatmaps/sample_01623.png",
        "overlay": "overlays/sample_01623.png"
    }
}