{
    "sample_index": 918,
    "sample_id": "sample_00918",
    "dataset_index": 2993,
    "image_id": "175_33",
    "image_name": "175_33.tif",
    "region": "QueyrasPark",
    "temporal_baseline": "6days",
    "patch_number": "coherence",
    "coherence_path": "/kaggle/input/datasets/rishikeshgopal45/landslide-insar-isslide/ReadyToBeUsedDataset/6days/QueyrasPark/13Aug2018_19Aug2018/coherence/175_33.tif",
    "phase_path": "/kaggle/input/datasets/rishikeshgopal45/landslide-insar-isslide/ReadyToBeUsedDataset/6days/QueyrasPark/13Aug2018_19Aug2018/phase/175_33.tif",
    "ground_truth_path": "/kaggle/input/datasets/rishikeshgopal45/landslide-insar-isslide/ReadyToBeUsedDataset/6days/QueyrasPark/Segmentations/13Aug2018_19Aug2018/175_33.tif",
    "dataset_split": "Test",
    "analysis_date": "2026-07-06 12:43:24",
    "coherence_analysis": {
        "mean": 0.5954217910766602,
        "median": 0.6492565870285034,
        "minimum": 0.10894893109798431,
        "maximum": 0.9434478282928467,
        "std": 0.22593486309051514,
        "variance": 0.05104656517505646,
        "range": 0.8344988822937012,
        "q25": 0.37799322605133057,
        "q50": 0.6492565870285034,
        "q75": 0.8022797107696533,
        "skewness": -0.31353169679641724,
        "kurtosis": -1.3363662958145142,
        "low_coherence_percentage": 14.78,
        "medium_coherence_percentage": 41.44,
        "high_coherence_percentage": 43.78
    },
    "phase_analysis": {
        "mean": -1.5716938972473145,
        "median": -1.888656735420227,
        "minimum": -3.1364901065826416,
        "maximum": 3.1312365531921387,
        "std": 1.24668550491333,
        "variance": 1.5542246103286743,
        "range": 6.267726898193359,
        "skewness": 2.441667318344116,
        "kurtosis": 5.325442314147949,
        "entropy": 4.346828796215604,
        "energy": 29.836329018937686,
        "gradient_mean": 0.42699095606803894,
        "gradient_std": 0.8188051581382751
    },
    "segmentation_analysis": {
        "ground_truth_area": 0,
        "predicted_area": 0,
        "difference": 0,
        "area_percentage": 0.0,
        "dice": 0.0,
        "iou": 0.0,
        "precision": 0.0,
        "recall": 0.0,
        "specificity": 0.9999999999989999,
        "sensitivity": 0.0,
        "accuracy": 0.9999999999989999,
        "f1_score": 0.0,
        "average_probability": 4.326179805502761e-06,
        "maximum_probability": 0.00014677573926746845,
        "minimum_probability": 3.4415781335894735e-10
    },
    "shape_analysis": {
        "connected_components": 0,
        "largest_component": 0,
        "smallest_component": 0,
        "average_component_area": 0.0,
        "perimeter": 0.0,
        "bounding_box": [
            0,
            0,
            0,
            0
        ],
        "centroid": [
            0,
            0
        ],
        "convex_area": 0.0,
        "solidity": 0.0,
        "aspect_ratio": 0.0,
        "circularity": 0.0,
        "shape_complexity": 0.0
    },
    "confidence_analysis": {
        "average_probability": 4.326179805502761e-06,
        "maximum_probability": 0.00014677573926746845,
        "minimum_probability": 3.4415781335894735e-10,
        "confidence_variance": 1.1118147374977738e-10,
        "confidence_entropy": -2047.9999991538523
    },
    "severity_assessment": {
        "severity_index": 0.2121245271482788,
        "risk_level": "Low",
        "confidence_level": "Low"
    },
    "file_paths": {
        "prediction": "predictions/sample_00918.png",
        "heatmap": "heatmaps/sample_00918.png",
        "overlay": "overlays/sample_00918.png"
    }
}