{
    "sample_index": 482,
    "sample_id": "sample_00482",
    "dataset_index": 1037,
    "image_id": "66_44",
    "image_name": "66_44.tif",
    "region": "OutsideTheBox",
    "temporal_baseline": "6days",
    "patch_number": "coherence",
    "coherence_path": "/kaggle/input/datasets/rishikeshgopal45/landslide-insar-isslide/ReadyToBeUsedDataset/6days/OutsideTheBox/01Aug2018_07Aug2018/coherence/66_44.tif",
    "phase_path": "/kaggle/input/datasets/rishikeshgopal45/landslide-insar-isslide/ReadyToBeUsedDataset/6days/OutsideTheBox/01Aug2018_07Aug2018/phase/66_44.tif",
    "ground_truth_path": "/kaggle/input/datasets/rishikeshgopal45/landslide-insar-isslide/ReadyToBeUsedDataset/6days/OutsideTheBox/Segmentations/01Aug2018_07Aug2018/66_44.tif",
    "dataset_split": "Test",
    "analysis_date": "2026-07-06 12:43:24",
    "coherence_analysis": {
        "mean": 0.5284752249717712,
        "median": 0.527559220790863,
        "minimum": 0.11740413308143616,
        "maximum": 0.9057117104530334,
        "std": 0.13348975777626038,
        "variance": 0.017819514498114586,
        "range": 0.7883075475692749,
        "q25": 0.44327130913734436,
        "q50": 0.527559220790863,
        "q75": 0.6121687889099121,
        "skewness": 0.0378967747092247,
        "kurtosis": -0.02859210968017578,
        "low_coherence_percentage": 4.5600000000000005,
        "medium_coherence_percentage": 85.18,
        "high_coherence_percentage": 10.26
    },
    "phase_analysis": {
        "mean": -0.5209360122680664,
        "median": -0.5282670259475708,
        "minimum": -2.1052310466766357,
        "maximum": 2.6960153579711914,
        "std": 0.31344637274742126,
        "variance": 0.09824862331151962,
        "range": 4.801246643066406,
        "skewness": 0.7305675745010376,
        "kurtosis": 7.720813751220703,
        "entropy": 4.090347809584962,
        "energy": 56.767567467185856,
        "gradient_mean": 0.09667402505874634,
        "gradient_std": 0.13572554290294647
    },
    "segmentation_analysis": {
        "ground_truth_area": 0,
        "predicted_area": 0,
        "difference": 0,
        "area_percentage": 0.0,
        "dice": 0.0,
        "iou": 0.0,
        "precision": 0.0,
        "recall": 0.0,
        "specificity": 0.9999999999989999,
        "sensitivity": 0.0,
        "accuracy": 0.9999999999989999,
        "f1_score": 0.0,
        "average_probability": 1.0842940355360042e-05,
        "maximum_probability": 0.0011473988415673375,
        "minimum_probability": 2.824429357062286e-09
    },
    "shape_analysis": {
        "connected_components": 0,
        "largest_component": 0,
        "smallest_component": 0,
        "average_component_area": 0.0,
        "perimeter": 0.0,
        "bounding_box": [
            0,
            0,
            0,
            0
        ],
        "centroid": [
            0,
            0
        ],
        "convex_area": 0.0,
        "solidity": 0.0,
        "aspect_ratio": 0.0,
        "circularity": 0.0,
        "shape_complexity": 0.0
    },
    "confidence_analysis": {
        "average_probability": 1.0842940355360042e-05,
        "maximum_probability": 0.0011473988415673375,
        "minimum_probability": 2.824429357062286e-09,
        "confidence_variance": 1.5289446375632565e-09,
        "confidence_entropy": -2047.9999991538523
    },
    "severity_assessment": {
        "severity_index": 0.16561003587061301,
        "risk_level": "Very Low",
        "confidence_level": "Low"
    },
    "file_paths": {
        "prediction": "predictions/sample_00482.png",
        "heatmap": "heatmaps/sample_00482.png",
        "overlay": "overlays/sample_00482.png"
    }
}