{
    "sample_index": 195,
    "sample_id": "sample_00195",
    "dataset_index": 4347,
    "image_id": "33_14",
    "image_name": "33_14.tif",
    "region": "Vanoise",
    "temporal_baseline": "6days",
    "patch_number": "coherence",
    "coherence_path": "/kaggle/input/datasets/rishikeshgopal45/landslide-insar-isslide/ReadyToBeUsedDataset/6days/Vanoise/14Jul2018_20Jul2018/coherence/33_14.tif",
    "phase_path": "/kaggle/input/datasets/rishikeshgopal45/landslide-insar-isslide/ReadyToBeUsedDataset/6days/Vanoise/14Jul2018_20Jul2018/phase/33_14.tif",
    "ground_truth_path": "/kaggle/input/datasets/rishikeshgopal45/landslide-insar-isslide/ReadyToBeUsedDataset/6days/Vanoise/Segmentations/14Jul2018_20Jul2018/33_14.tif",
    "dataset_split": "Test",
    "analysis_date": "2026-07-06 12:43:24",
    "coherence_analysis": {
        "mean": 0.5083715319633484,
        "median": 0.5158867239952087,
        "minimum": 0.11201156675815582,
        "maximum": 0.9012597799301147,
        "std": 0.17420290410518646,
        "variance": 0.03034665249288082,
        "range": 0.7892482280731201,
        "q25": 0.36274078488349915,
        "q50": 0.5158867239952087,
        "q75": 0.6516491770744324,
        "skewness": -0.04354521259665489,
        "kurtosis": -1.0438930988311768,
        "low_coherence_percentage": 15.040000000000001,
        "medium_coherence_percentage": 68.56,
        "high_coherence_percentage": 16.400000000000002
    },
    "phase_analysis": {
        "mean": -0.9007629156112671,
        "median": -0.8522700071334839,
        "minimum": -3.1266980171203613,
        "maximum": 3.0207912921905518,
        "std": 0.5976642966270447,
        "variance": 0.3572026193141937,
        "range": 6.147489547729492,
        "skewness": 0.8975498080253601,
        "kurtosis": 6.462492942810059,
        "entropy": 4.391954168872087,
        "energy": 28.77995819046797,
        "gradient_mean": 0.18233557045459747,
        "gradient_std": 0.33800774812698364
    },
    "segmentation_analysis": {
        "ground_truth_area": 5,
        "predicted_area": 0,
        "difference": 5,
        "area_percentage": 0.0,
        "dice": 0.0,
        "iou": 0.0,
        "precision": 0.0,
        "recall": 0.0,
        "specificity": 0.9999999999989995,
        "sensitivity": 0.0,
        "accuracy": 0.9994999999990004,
        "f1_score": 0.0,
        "average_probability": 1.605804754944984e-05,
        "maximum_probability": 0.00154159648809582,
        "minimum_probability": 1.2868163479229366e-10
    },
    "shape_analysis": {
        "connected_components": 0,
        "largest_component": 0,
        "smallest_component": 0,
        "average_component_area": 0.0,
        "perimeter": 0.0,
        "bounding_box": [
            0,
            0,
            0,
            0
        ],
        "centroid": [
            0,
            0
        ],
        "convex_area": 0.0,
        "solidity": 0.0,
        "aspect_ratio": 0.0,
        "circularity": 0.0,
        "shape_complexity": 0.0
    },
    "confidence_analysis": {
        "average_probability": 1.605804754944984e-05,
        "maximum_probability": 0.00154159648809582,
        "minimum_probability": 1.2868163479229366e-10,
        "confidence_variance": 4.907600104075982e-09,
        "confidence_entropy": -2047.9999991538523
    },
    "severity_assessment": {
        "severity_index": 0.1977243734113772,
        "risk_level": "Very Low",
        "confidence_level": "Low"
    },
    "file_paths": {
        "prediction": "predictions/sample_00195.png",
        "heatmap": "heatmaps/sample_00195.png",
        "overlay": "overlays/sample_00195.png"
    }
}