{
    "sample_index": 1982,
    "sample_id": "sample_01982",
    "dataset_index": 10429,
    "image_id": "47_48",
    "image_name": "47_48.tif",
    "region": "OutsideTheBox",
    "temporal_baseline": "18days",
    "patch_number": "coherence",
    "coherence_path": "/kaggle/input/datasets/rishikeshgopal45/landslide-insar-isslide/ReadyToBeUsedDataset/18days/OutsideTheBox/20Jul2018_07Aug2018/coherence/47_48.tif",
    "phase_path": "/kaggle/input/datasets/rishikeshgopal45/landslide-insar-isslide/ReadyToBeUsedDataset/18days/OutsideTheBox/20Jul2018_07Aug2018/phase/47_48.tif",
    "ground_truth_path": "/kaggle/input/datasets/rishikeshgopal45/landslide-insar-isslide/ReadyToBeUsedDataset/18days/OutsideTheBox/Segmentations/20Jul2018_07Aug2018/47_48.tif",
    "dataset_split": "Test",
    "analysis_date": "2026-07-06 12:43:24",
    "coherence_analysis": {
        "mean": 0.5256078243255615,
        "median": 0.5341112017631531,
        "minimum": 0.11480259895324707,
        "maximum": 0.8975099921226501,
        "std": 0.13102401793003082,
        "variance": 0.017167292535305023,
        "range": 0.7827073931694031,
        "q25": 0.4343957304954529,
        "q50": 0.5341112017631531,
        "q75": 0.6221707463264465,
        "skewness": -0.2202339470386505,
        "kurtosis": -0.4806222915649414,
        "low_coherence_percentage": 5.27,
        "medium_coherence_percentage": 86.31,
        "high_coherence_percentage": 8.42
    },
    "phase_analysis": {
        "mean": -0.8369801640510559,
        "median": -0.8469035625457764,
        "minimum": -1.9998582601547241,
        "maximum": 0.28434041142463684,
        "std": 0.3382273316383362,
        "variance": 0.11439772695302963,
        "range": 2.284198760986328,
        "skewness": 0.13647513091564178,
        "kurtosis": -0.2667832374572754,
        "entropy": 4.971860557558547,
        "energy": 100.30400384913855,
        "gradient_mean": 0.10622863471508026,
        "gradient_std": 0.09177038073539734
    },
    "segmentation_analysis": {
        "ground_truth_area": 0,
        "predicted_area": 0,
        "difference": 0,
        "area_percentage": 0.0,
        "dice": 0.0,
        "iou": 0.0,
        "precision": 0.0,
        "recall": 0.0,
        "specificity": 0.9999999999989999,
        "sensitivity": 0.0,
        "accuracy": 0.9999999999989999,
        "f1_score": 0.0,
        "average_probability": 3.3820200769696385e-05,
        "maximum_probability": 0.00209618522785604,
        "minimum_probability": 4.371375705858327e-09
    },
    "shape_analysis": {
        "connected_components": 0,
        "largest_component": 0,
        "smallest_component": 0,
        "average_component_area": 0.0,
        "perimeter": 0.0,
        "bounding_box": [
            0,
            0,
            0,
            0
        ],
        "centroid": [
            0,
            0
        ],
        "convex_area": 0.0,
        "solidity": 0.0,
        "aspect_ratio": 0.0,
        "circularity": 0.0,
        "shape_complexity": 0.0
    },
    "confidence_analysis": {
        "average_probability": 3.3820200769696385e-05,
        "maximum_probability": 0.00209618522785604,
        "minimum_probability": 4.371375705858327e-09,
        "confidence_variance": 1.2494481005376201e-08,
        "confidence_entropy": -2047.9999991538523
    },
    "severity_assessment": {
        "severity_index": 0.16914660523431052,
        "risk_level": "Very Low",
        "confidence_level": "Low"
    },
    "file_paths": {
        "prediction": "predictions/sample_01982.png",
        "heatmap": "heatmaps/sample_01982.png",
        "overlay": "overlays/sample_01982.png"
    }
}