{
    "sample_index": 689,
    "sample_id": "sample_00689",
    "dataset_index": 8554,
    "image_id": "12_20",
    "image_name": "12_20.tif",
    "region": "Vanoise",
    "temporal_baseline": "12days",
    "patch_number": "coherence",
    "coherence_path": "/kaggle/input/datasets/rishikeshgopal45/landslide-insar-isslide/ReadyToBeUsedDataset/12days/Vanoise/31Aug2018_12Sep2018/coherence/12_20.tif",
    "phase_path": "/kaggle/input/datasets/rishikeshgopal45/landslide-insar-isslide/ReadyToBeUsedDataset/12days/Vanoise/31Aug2018_12Sep2018/phase/12_20.tif",
    "ground_truth_path": "/kaggle/input/datasets/rishikeshgopal45/landslide-insar-isslide/ReadyToBeUsedDataset/12days/Vanoise/Segmentations/31Aug2018_12Sep2018/12_20.tif",
    "dataset_split": "Test",
    "analysis_date": "2026-07-06 12:43:24",
    "coherence_analysis": {
        "mean": 0.6941052675247192,
        "median": 0.7394366264343262,
        "minimum": 0.12660592794418335,
        "maximum": 0.951655924320221,
        "std": 0.1657043844461441,
        "variance": 0.027457943186163902,
        "range": 0.8250499963760376,
        "q25": 0.6008002758026123,
        "q50": 0.7394366264343262,
        "q75": 0.8231797218322754,
        "skewness": -0.9479074478149414,
        "kurtosis": 0.21418070793151855,
        "low_coherence_percentage": 2.64,
        "medium_coherence_percentage": 38.64,
        "high_coherence_percentage": 58.720000000000006
    },
    "phase_analysis": {
        "mean": 1.4553720951080322,
        "median": 1.9548144340515137,
        "minimum": -3.1404824256896973,
        "maximum": 3.1395223140716553,
        "std": 1.577120065689087,
        "variance": 2.4873077869415283,
        "range": 6.280004501342773,
        "skewness": -1.741495966911316,
        "kurtosis": 2.1231775283813477,
        "entropy": 4.906807333264364,
        "energy": 14.815437877270371,
        "gradient_mean": 0.29975324869155884,
        "gradient_std": 0.7043802738189697
    },
    "segmentation_analysis": {
        "ground_truth_area": 1201,
        "predicted_area": 1305,
        "difference": 104,
        "area_percentage": 13.05,
        "dice": 0.8619313647212213,
        "iou": 0.7573632538516315,
        "precision": 0.8275862068902101,
        "recall": 0.8992506244721129,
        "specificity": 0.9744289123752989,
        "sensitivity": 0.8992506244721129,
        "accuracy": 0.9653999999990345,
        "f1_score": 0.8619313647212213,
        "average_probability": 0.1297331303358078,
        "maximum_probability": 1.0,
        "minimum_probability": 2.3817312116259945e-24
    },
    "shape_analysis": {
        "connected_components": 2,
        "largest_component": 1154,
        "smallest_component": 151,
        "average_component_area": 652.5,
        "perimeter": 191.6812388896942,
        "bounding_box": [
            41,
            25,
            59,
            42
        ],
        "centroid": [
            71.80329289428076,
            47.182842287694974
        ],
        "convex_area": 1514.0,
        "solidity": 0.7067371202066927,
        "aspect_ratio": 1.4047619044274375,
        "circularity": 0.36596068037077056,
        "shape_complexity": 34.338034899013685
    },
    "confidence_analysis": {
        "average_probability": 0.1297331303358078,
        "maximum_probability": 1.0,
        "minimum_probability": 2.3817312116259945e-24,
        "confidence_variance": 0.10522902756929398,
        "confidence_entropy": -1687.3624802660288
    },
    "severity_assessment": {
        "severity_index": 0.3259722104673263,
        "risk_level": "Low",
        "confidence_level": "Low"
    },
    "file_paths": {
        "prediction": "predictions/sample_00689.png",
        "heatmap": "heatmaps/sample_00689.png",
        "overlay": "overlays/sample_00689.png"
    }
}