{
    "sample_index": 1515,
    "sample_id": "sample_01515",
    "dataset_index": 8480,
    "image_id": "39_42",
    "image_name": "39_42.tif",
    "region": "Vanoise",
    "temporal_baseline": "12days",
    "patch_number": "coherence",
    "coherence_path": "/kaggle/input/datasets/rishikeshgopal45/landslide-insar-isslide/ReadyToBeUsedDataset/12days/Vanoise/06Oct2018_18Oct2018/coherence/39_42.tif",
    "phase_path": "/kaggle/input/datasets/rishikeshgopal45/landslide-insar-isslide/ReadyToBeUsedDataset/12days/Vanoise/06Oct2018_18Oct2018/phase/39_42.tif",
    "ground_truth_path": "/kaggle/input/datasets/rishikeshgopal45/landslide-insar-isslide/ReadyToBeUsedDataset/12days/Vanoise/Segmentations/06Oct2018_18Oct2018/39_42.tif",
    "dataset_split": "Test",
    "analysis_date": "2026-07-06 12:43:24",
    "coherence_analysis": {
        "mean": 0.5911184549331665,
        "median": 0.6218583583831787,
        "minimum": 0.1101623997092247,
        "maximum": 0.9183556437492371,
        "std": 0.16824664175510406,
        "variance": 0.028306933119893074,
        "range": 0.8081932663917542,
        "q25": 0.47303470969200134,
        "q50": 0.6218583583831787,
        "q75": 0.7232389450073242,
        "skewness": -0.5195981860160828,
        "kurtosis": -0.6215171813964844,
        "low_coherence_percentage": 7.13,
        "medium_coherence_percentage": 61.7,
        "high_coherence_percentage": 31.169999999999998
    },
    "phase_analysis": {
        "mean": -2.422142505645752,
        "median": -2.656101942062378,
        "minimum": -3.135174512863159,
        "maximum": 3.141340732574463,
        "std": 1.1087325811386108,
        "variance": 1.22928786277771,
        "range": 6.276515007019043,
        "skewness": 4.292891979217529,
        "kurtosis": 17.880895614624023,
        "entropy": 3.849946344382791,
        "energy": 44.537848482349766,
        "gradient_mean": 0.3118276000022888,
        "gradient_std": 0.8177706003189087
    },
    "segmentation_analysis": {
        "ground_truth_area": 347,
        "predicted_area": 265,
        "difference": 82,
        "area_percentage": 2.65,
        "dice": 0.8071895424704707,
        "iou": 0.6767123287485832,
        "precision": 0.9320754716629405,
        "recall": 0.7118155619391408,
        "specificity": 0.9981352947259937,
        "sensitivity": 0.7118155619391408,
        "accuracy": 0.9881999999990118,
        "f1_score": 0.8071895424704707,
        "average_probability": 0.02653014473617077,
        "maximum_probability": 0.9999997615814209,
        "minimum_probability": 2.076275609774747e-11
    },
    "shape_analysis": {
        "connected_components": 1,
        "largest_component": 265,
        "smallest_component": 265,
        "average_component_area": 265.0,
        "perimeter": 61.455843448638916,
        "bounding_box": [
            25,
            38,
            22,
            16
        ],
        "centroid": [
            34.72075471698113,
            45.90188679245283
        ],
        "convex_area": 249.0,
        "solidity": 0.9518072288774374,
        "aspect_ratio": 1.374999999140625,
        "circularity": 0.7885547334400829,
        "shape_complexity": 15.935952294617111
    },
    "confidence_analysis": {
        "average_probability": 0.02653014473617077,
        "maximum_probability": 0.9999997615814209,
        "minimum_probability": 2.076275609774747e-11,
        "confidence_variance": 0.022908983752131462,
        "confidence_entropy": -1915.4720518013103
    },
    "severity_assessment": {
        "severity_index": 0.2649893587741454,
        "risk_level": "Low",
        "confidence_level": "Low"
    },
    "file_paths": {
        "prediction": "predictions/sample_01515.png",
        "heatmap": "heatmaps/sample_01515.png",
        "overlay": "overlays/sample_01515.png"
    }
}