{
    "sample_index": 982,
    "sample_id": "sample_00982",
    "dataset_index": 7553,
    "image_id": "196_21",
    "image_name": "196_21.tif",
    "region": "QueyrasPark",
    "temporal_baseline": "12days",
    "patch_number": "coherence",
    "coherence_path": "/kaggle/input/datasets/rishikeshgopal45/landslide-insar-isslide/ReadyToBeUsedDataset/12days/QueyrasPark/30Sep2018_12Oct2018/coherence/196_21.tif",
    "phase_path": "/kaggle/input/datasets/rishikeshgopal45/landslide-insar-isslide/ReadyToBeUsedDataset/12days/QueyrasPark/30Sep2018_12Oct2018/phase/196_21.tif",
    "ground_truth_path": "/kaggle/input/datasets/rishikeshgopal45/landslide-insar-isslide/ReadyToBeUsedDataset/12days/QueyrasPark/Segmentations/30Sep2018_12Oct2018/196_21.tif",
    "dataset_split": "Test",
    "analysis_date": "2026-07-06 12:43:24",
    "coherence_analysis": {
        "mean": 0.3414771854877472,
        "median": 0.2812061905860901,
        "minimum": 0.08515117317438126,
        "maximum": 0.8710348010063171,
        "std": 0.16497917473316193,
        "variance": 0.027218127623200417,
        "range": 0.7858836054801941,
        "q25": 0.22499215602874756,
        "q50": 0.2812061905860901,
        "q75": 0.4100759029388428,
        "skewness": 1.1903656721115112,
        "kurtosis": 0.40226054191589355,
        "low_coherence_percentage": 56.58,
        "medium_coherence_percentage": 38.43,
        "high_coherence_percentage": 4.99
    },
    "phase_analysis": {
        "mean": 0.3681601881980896,
        "median": 1.1081690788269043,
        "minimum": -3.139399290084839,
        "maximum": 3.1413116455078125,
        "std": 2.3477799892425537,
        "variance": 5.512071132659912,
        "range": 6.2807111740112305,
        "skewness": -0.29132795333862305,
        "kurtosis": -1.5691570043563843,
        "entropy": 5.149210400569314,
        "energy": 13.239926897843977,
        "gradient_mean": 1.2972023487091064,
        "gradient_std": 1.251851201057434
    },
    "segmentation_analysis": {
        "ground_truth_area": 0,
        "predicted_area": 0,
        "difference": 0,
        "area_percentage": 0.0,
        "dice": 0.0,
        "iou": 0.0,
        "precision": 0.0,
        "recall": 0.0,
        "specificity": 0.9999999999989999,
        "sensitivity": 0.0,
        "accuracy": 0.9999999999989999,
        "f1_score": 0.0,
        "average_probability": 1.608087040949613e-05,
        "maximum_probability": 0.00025449827080592513,
        "minimum_probability": 2.9923843403167893e-09
    },
    "shape_analysis": {
        "connected_components": 0,
        "largest_component": 0,
        "smallest_component": 0,
        "average_component_area": 0.0,
        "perimeter": 0.0,
        "bounding_box": [
            0,
            0,
            0,
            0
        ],
        "centroid": [
            0,
            0
        ],
        "convex_area": 0.0,
        "solidity": 0.0,
        "aspect_ratio": 0.0,
        "circularity": 0.0,
        "shape_complexity": 0.0
    },
    "confidence_analysis": {
        "average_probability": 1.608087040949613e-05,
        "maximum_probability": 0.00025449827080592513,
        "minimum_probability": 2.9923843403167893e-09,
        "confidence_variance": 7.321716011254864e-10,
        "confidence_entropy": -2047.9999991538523
    },
    "severity_assessment": {
        "severity_index": 0.3048896212861347,
        "risk_level": "Low",
        "confidence_level": "Low"
    },
    "file_paths": {
        "prediction": "predictions/sample_00982.png",
        "heatmap": "heatmaps/sample_00982.png",
        "overlay": "overlays/sample_00982.png"
    }
}