{
    "sample_index": 1779,
    "sample_id": "sample_01779",
    "dataset_index": 5904,
    "image_id": "61_33",
    "image_name": "61_33.tif",
    "region": "OutsideTheBox",
    "temporal_baseline": "12days",
    "patch_number": "coherence",
    "coherence_path": "/kaggle/input/datasets/rishikeshgopal45/landslide-insar-isslide/ReadyToBeUsedDataset/12days/OutsideTheBox/06Oct2018_18Oct2018/coherence/61_33.tif",
    "phase_path": "/kaggle/input/datasets/rishikeshgopal45/landslide-insar-isslide/ReadyToBeUsedDataset/12days/OutsideTheBox/06Oct2018_18Oct2018/phase/61_33.tif",
    "ground_truth_path": "/kaggle/input/datasets/rishikeshgopal45/landslide-insar-isslide/ReadyToBeUsedDataset/12days/OutsideTheBox/Segmentations/06Oct2018_18Oct2018/61_33.tif",
    "dataset_split": "Test",
    "analysis_date": "2026-07-06 12:43:24",
    "coherence_analysis": {
        "mean": 0.5939878225326538,
        "median": 0.6126090288162231,
        "minimum": 0.10912220925092697,
        "maximum": 0.9373632073402405,
        "std": 0.1634853631258011,
        "variance": 0.0267274621874094,
        "range": 0.8282409906387329,
        "q25": 0.4839089512825012,
        "q50": 0.6126090288162231,
        "q75": 0.7184746265411377,
        "skewness": -0.3700118660926819,
        "kurtosis": -0.5674605369567871,
        "low_coherence_percentage": 5.41,
        "medium_coherence_percentage": 64.88000000000001,
        "high_coherence_percentage": 29.709999999999997
    },
    "phase_analysis": {
        "mean": 2.2855193614959717,
        "median": 2.775569438934326,
        "minimum": -3.1408193111419678,
        "maximum": 3.1415786743164062,
        "std": 1.5899953842163086,
        "variance": 2.528085231781006,
        "range": 6.282398223876953,
        "skewness": -2.9288933277130127,
        "kurtosis": 6.7858076095581055,
        "entropy": 3.6835018382422815,
        "energy": 54.44068165632543,
        "gradient_mean": 0.41562142968177795,
        "gradient_std": 1.0056818723678589
    },
    "segmentation_analysis": {
        "ground_truth_area": 0,
        "predicted_area": 0,
        "difference": 0,
        "area_percentage": 0.0,
        "dice": 0.0,
        "iou": 0.0,
        "precision": 0.0,
        "recall": 0.0,
        "specificity": 0.9999999999989999,
        "sensitivity": 0.0,
        "accuracy": 0.9999999999989999,
        "f1_score": 0.0,
        "average_probability": 2.7296719053993e-05,
        "maximum_probability": 0.0012541440082713962,
        "minimum_probability": 3.05715786019789e-10
    },
    "shape_analysis": {
        "connected_components": 0,
        "largest_component": 0,
        "smallest_component": 0,
        "average_component_area": 0.0,
        "perimeter": 0.0,
        "bounding_box": [
            0,
            0,
            0,
            0
        ],
        "centroid": [
            0,
            0
        ],
        "convex_area": 0.0,
        "solidity": 0.0,
        "aspect_ratio": 0.0,
        "circularity": 0.0,
        "shape_complexity": 0.0
    },
    "confidence_analysis": {
        "average_probability": 2.7296719053993e-05,
        "maximum_probability": 0.0012541440082713962,
        "minimum_probability": 3.05715786019789e-10,
        "confidence_variance": 5.80678927164513e-09,
        "confidence_entropy": -2047.9999991538523
    },
    "severity_assessment": {
        "severity_index": 0.22428282952830053,
        "risk_level": "Low",
        "confidence_level": "Low"
    },
    "file_paths": {
        "prediction": "predictions/sample_01779.png",
        "heatmap": "heatmaps/sample_01779.png",
        "overlay": "overlays/sample_01779.png"
    }
}