{
    "sample_index": 559,
    "sample_id": "sample_00559",
    "dataset_index": 477,
    "image_id": "126_26",
    "image_name": "126_26.tif",
    "region": "EcrinPark",
    "temporal_baseline": "6days",
    "patch_number": "coherence",
    "coherence_path": "/kaggle/input/datasets/rishikeshgopal45/landslide-insar-isslide/ReadyToBeUsedDataset/6days/EcrinPark/14Jul2018_20Jul2018/coherence/126_26.tif",
    "phase_path": "/kaggle/input/datasets/rishikeshgopal45/landslide-insar-isslide/ReadyToBeUsedDataset/6days/EcrinPark/14Jul2018_20Jul2018/phase/126_26.tif",
    "ground_truth_path": "/kaggle/input/datasets/rishikeshgopal45/landslide-insar-isslide/ReadyToBeUsedDataset/6days/EcrinPark/Segmentations/14Jul2018_20Jul2018/126_26.tif",
    "dataset_split": "Test",
    "analysis_date": "2026-07-06 12:43:24",
    "coherence_analysis": {
        "mean": 0.5852664709091187,
        "median": 0.6271959543228149,
        "minimum": 0.10417770594358444,
        "maximum": 0.889177143573761,
        "std": 0.1762414574623108,
        "variance": 0.03106105327606201,
        "range": 0.784999430179596,
        "q25": 0.47708216309547424,
        "q50": 0.6271959543228149,
        "q75": 0.7235527634620667,
        "skewness": -0.7247183322906494,
        "kurtosis": -0.426527738571167,
        "low_coherence_percentage": 10.32,
        "medium_coherence_percentage": 57.940000000000005,
        "high_coherence_percentage": 31.740000000000002
    },
    "phase_analysis": {
        "mean": 2.085219621658325,
        "median": 2.2912347316741943,
        "minimum": -3.1402359008789062,
        "maximum": 3.1362180709838867,
        "std": 0.98792964220047,
        "variance": 0.976004958152771,
        "range": 6.276453971862793,
        "skewness": -3.7756409645080566,
        "kurtosis": 16.208284378051758,
        "entropy": 4.330215660836046,
        "energy": 26.85827824849784,
        "gradient_mean": 0.27172550559043884,
        "gradient_std": 0.6844945549964905
    },
    "segmentation_analysis": {
        "ground_truth_area": 0,
        "predicted_area": 0,
        "difference": 0,
        "area_percentage": 0.0,
        "dice": 0.0,
        "iou": 0.0,
        "precision": 0.0,
        "recall": 0.0,
        "specificity": 0.9999999999989999,
        "sensitivity": 0.0,
        "accuracy": 0.9999999999989999,
        "f1_score": 0.0,
        "average_probability": 1.2347169104032218e-05,
        "maximum_probability": 0.00090682232985273,
        "minimum_probability": 1.0792212679078261e-09
    },
    "shape_analysis": {
        "connected_components": 0,
        "largest_component": 0,
        "smallest_component": 0,
        "average_component_area": 0.0,
        "perimeter": 0.0,
        "bounding_box": [
            0,
            0,
            0,
            0
        ],
        "centroid": [
            0,
            0
        ],
        "convex_area": 0.0,
        "solidity": 0.0,
        "aspect_ratio": 0.0,
        "circularity": 0.0,
        "shape_complexity": 0.0
    },
    "confidence_analysis": {
        "average_probability": 1.2347169104032218e-05,
        "maximum_probability": 0.00090682232985273,
        "minimum_probability": 1.0792212679078261e-09,
        "confidence_variance": 1.219027767618286e-09,
        "confidence_entropy": -2047.9999991538523
    },
    "severity_assessment": {
        "severity_index": 0.20307619992867273,
        "risk_level": "Low",
        "confidence_level": "Low"
    },
    "file_paths": {
        "prediction": "predictions/sample_00559.png",
        "heatmap": "heatmaps/sample_00559.png",
        "overlay": "overlays/sample_00559.png"
    }
}