{
    "sample_index": 566,
    "sample_id": "sample_00566",
    "dataset_index": 4332,
    "image_id": "22_17",
    "image_name": "22_17.tif",
    "region": "Vanoise",
    "temporal_baseline": "6days",
    "patch_number": "coherence",
    "coherence_path": "/kaggle/input/datasets/rishikeshgopal45/landslide-insar-isslide/ReadyToBeUsedDataset/6days/Vanoise/14Jul2018_20Jul2018/coherence/22_17.tif",
    "phase_path": "/kaggle/input/datasets/rishikeshgopal45/landslide-insar-isslide/ReadyToBeUsedDataset/6days/Vanoise/14Jul2018_20Jul2018/phase/22_17.tif",
    "ground_truth_path": "/kaggle/input/datasets/rishikeshgopal45/landslide-insar-isslide/ReadyToBeUsedDataset/6days/Vanoise/Segmentations/14Jul2018_20Jul2018/22_17.tif",
    "dataset_split": "Test",
    "analysis_date": "2026-07-06 12:43:24",
    "coherence_analysis": {
        "mean": 0.6375170946121216,
        "median": 0.6637861132621765,
        "minimum": 0.13746634125709534,
        "maximum": 0.9107612371444702,
        "std": 0.14341631531715393,
        "variance": 0.0205682385712862,
        "range": 0.7732949256896973,
        "q25": 0.5480690002441406,
        "q50": 0.6637861132621765,
        "q75": 0.7493061423301697,
        "skewness": -0.6685703992843628,
        "kurtosis": -0.12416625022888184,
        "low_coherence_percentage": 2.0500000000000003,
        "medium_coherence_percentage": 58.53,
        "high_coherence_percentage": 39.42
    },
    "phase_analysis": {
        "mean": -0.714156985282898,
        "median": -0.6924880743026733,
        "minimum": -1.8198273181915283,
        "maximum": 0.15994952619075775,
        "std": 0.2984912097454071,
        "variance": 0.08909700065851212,
        "range": 1.9797768592834473,
        "skewness": -0.6592475771903992,
        "kurtosis": 0.9932563304901123,
        "entropy": 4.936088445307813,
        "energy": 144.51533269677492,
        "gradient_mean": 0.06487811356782913,
        "gradient_std": 0.0557381696999073
    },
    "segmentation_analysis": {
        "ground_truth_area": 0,
        "predicted_area": 0,
        "difference": 0,
        "area_percentage": 0.0,
        "dice": 0.0,
        "iou": 0.0,
        "precision": 0.0,
        "recall": 0.0,
        "specificity": 0.9999999999989999,
        "sensitivity": 0.0,
        "accuracy": 0.9999999999989999,
        "f1_score": 0.0,
        "average_probability": 6.543421477545053e-05,
        "maximum_probability": 0.012962921522557735,
        "minimum_probability": 6.04133587600586e-09
    },
    "shape_analysis": {
        "connected_components": 0,
        "largest_component": 0,
        "smallest_component": 0,
        "average_component_area": 0.0,
        "perimeter": 0.0,
        "bounding_box": [
            0,
            0,
            0,
            0
        ],
        "centroid": [
            0,
            0
        ],
        "convex_area": 0.0,
        "solidity": 0.0,
        "aspect_ratio": 0.0,
        "circularity": 0.0,
        "shape_complexity": 0.0
    },
    "confidence_analysis": {
        "average_probability": 6.543421477545053e-05,
        "maximum_probability": 0.012962921522557735,
        "minimum_probability": 6.04133587600586e-09,
        "confidence_variance": 1.7512057581825502e-07,
        "confidence_entropy": -2041.4905124790455
    },
    "severity_assessment": {
        "severity_index": 0.1365958099678948,
        "risk_level": "Very Low",
        "confidence_level": "Low"
    },
    "file_paths": {
        "prediction": "predictions/sample_00566.png",
        "heatmap": "heatmaps/sample_00566.png",
        "overlay": "overlays/sample_00566.png"
    }
}