{
    "sample_index": 1588,
    "sample_id": "sample_01588",
    "dataset_index": 5901,
    "image_id": "58_38",
    "image_name": "58_38.tif",
    "region": "OutsideTheBox",
    "temporal_baseline": "12days",
    "patch_number": "coherence",
    "coherence_path": "/kaggle/input/datasets/rishikeshgopal45/landslide-insar-isslide/ReadyToBeUsedDataset/12days/OutsideTheBox/06Oct2018_18Oct2018/coherence/58_38.tif",
    "phase_path": "/kaggle/input/datasets/rishikeshgopal45/landslide-insar-isslide/ReadyToBeUsedDataset/12days/OutsideTheBox/06Oct2018_18Oct2018/phase/58_38.tif",
    "ground_truth_path": "/kaggle/input/datasets/rishikeshgopal45/landslide-insar-isslide/ReadyToBeUsedDataset/12days/OutsideTheBox/Segmentations/06Oct2018_18Oct2018/58_38.tif",
    "dataset_split": "Test",
    "analysis_date": "2026-07-06 12:43:24",
    "coherence_analysis": {
        "mean": 0.5126712918281555,
        "median": 0.5185283422470093,
        "minimum": 0.10097755491733551,
        "maximum": 0.9447073936462402,
        "std": 0.20378680527210236,
        "variance": 0.04152906313538551,
        "range": 0.8437298536300659,
        "q25": 0.3351266384124756,
        "q50": 0.5185283422470093,
        "q75": 0.6807523965835571,
        "skewness": 0.04038282856345177,
        "kurtosis": -1.0544066429138184,
        "low_coherence_percentage": 20.61,
        "medium_coherence_percentage": 57.699999999999996,
        "high_coherence_percentage": 21.69
    },
    "phase_analysis": {
        "mean": -0.1772383451461792,
        "median": -0.28562697768211365,
        "minimum": -3.124677896499634,
        "maximum": 3.0209341049194336,
        "std": 0.7861624360084534,
        "variance": 0.6180513501167297,
        "range": 6.145611763000488,
        "skewness": 0.2988249957561493,
        "kurtosis": 2.586958408355713,
        "entropy": 4.632278391908152,
        "energy": 23.287276660803713,
        "gradient_mean": 0.29463478922843933,
        "gradient_std": 0.4328628480434418
    },
    "segmentation_analysis": {
        "ground_truth_area": 0,
        "predicted_area": 0,
        "difference": 0,
        "area_percentage": 0.0,
        "dice": 0.0,
        "iou": 0.0,
        "precision": 0.0,
        "recall": 0.0,
        "specificity": 0.9999999999989999,
        "sensitivity": 0.0,
        "accuracy": 0.9999999999989999,
        "f1_score": 0.0,
        "average_probability": 1.603087002877146e-05,
        "maximum_probability": 0.0009559750906191766,
        "minimum_probability": 4.759947436205891e-10
    },
    "shape_analysis": {
        "connected_components": 0,
        "largest_component": 0,
        "smallest_component": 0,
        "average_component_area": 0.0,
        "perimeter": 0.0,
        "bounding_box": [
            0,
            0,
            0,
            0
        ],
        "centroid": [
            0,
            0
        ],
        "convex_area": 0.0,
        "solidity": 0.0,
        "aspect_ratio": 0.0,
        "circularity": 0.0,
        "shape_complexity": 0.0
    },
    "confidence_analysis": {
        "average_probability": 1.603087002877146e-05,
        "maximum_probability": 0.0009559750906191766,
        "minimum_probability": 4.759947436205891e-10,
        "confidence_variance": 2.2264696752927193e-09,
        "confidence_entropy": -2047.9999991538523
    },
    "severity_assessment": {
        "severity_index": 0.20986027797708384,
        "risk_level": "Low",
        "confidence_level": "Low"
    },
    "file_paths": {
        "prediction": "predictions/sample_01588.png",
        "heatmap": "heatmaps/sample_01588.png",
        "overlay": "overlays/sample_01588.png"
    }
}