{
    "sample_index": 1180,
    "sample_id": "sample_01180",
    "dataset_index": 5543,
    "image_id": "105_71",
    "image_name": "105_71.tif",
    "region": "OutsideTheBox",
    "temporal_baseline": "12days",
    "patch_number": "coherence",
    "coherence_path": "/kaggle/input/datasets/rishikeshgopal45/landslide-insar-isslide/ReadyToBeUsedDataset/12days/OutsideTheBox/12Sep2018_24Sep2018/coherence/105_71.tif",
    "phase_path": "/kaggle/input/datasets/rishikeshgopal45/landslide-insar-isslide/ReadyToBeUsedDataset/12days/OutsideTheBox/12Sep2018_24Sep2018/phase/105_71.tif",
    "ground_truth_path": "/kaggle/input/datasets/rishikeshgopal45/landslide-insar-isslide/ReadyToBeUsedDataset/12days/OutsideTheBox/Segmentations/12Sep2018_24Sep2018/105_71.tif",
    "dataset_split": "Test",
    "analysis_date": "2026-07-06 12:43:24",
    "coherence_analysis": {
        "mean": 0.6394407153129578,
        "median": 0.6513918042182922,
        "minimum": 0.1380281150341034,
        "maximum": 0.950674831867218,
        "std": 0.16077089309692383,
        "variance": 0.02584727853536606,
        "range": 0.812646746635437,
        "q25": 0.5330290794372559,
        "q50": 0.6513918042182922,
        "q75": 0.7631527185440063,
        "skewness": -0.3621690273284912,
        "kurtosis": -0.5253908634185791,
        "low_coherence_percentage": 2.22,
        "medium_coherence_percentage": 59.11,
        "high_coherence_percentage": 38.67
    },
    "phase_analysis": {
        "mean": 1.6432816982269287,
        "median": 2.3937954902648926,
        "minimum": -3.137974739074707,
        "maximum": 3.1384124755859375,
        "std": 1.8179875612258911,
        "variance": 3.3050789833068848,
        "range": 6.2763872146606445,
        "skewness": -1.7606748342514038,
        "kurtosis": 1.5315771102905273,
        "entropy": 4.564115348805851,
        "energy": 21.896797681484166,
        "gradient_mean": 0.3998020589351654,
        "gradient_std": 0.9332027435302734
    },
    "segmentation_analysis": {
        "ground_truth_area": 0,
        "predicted_area": 0,
        "difference": 0,
        "area_percentage": 0.0,
        "dice": 0.0,
        "iou": 0.0,
        "precision": 0.0,
        "recall": 0.0,
        "specificity": 0.9999999999989999,
        "sensitivity": 0.0,
        "accuracy": 0.9999999999989999,
        "f1_score": 0.0,
        "average_probability": 1.2719427104457282e-05,
        "maximum_probability": 0.0009874945972114801,
        "minimum_probability": 5.607198594326235e-10
    },
    "shape_analysis": {
        "connected_components": 0,
        "largest_component": 0,
        "smallest_component": 0,
        "average_component_area": 0.0,
        "perimeter": 0.0,
        "bounding_box": [
            0,
            0,
            0,
            0
        ],
        "centroid": [
            0,
            0
        ],
        "convex_area": 0.0,
        "solidity": 0.0,
        "aspect_ratio": 0.0,
        "circularity": 0.0,
        "shape_complexity": 0.0
    },
    "confidence_analysis": {
        "average_probability": 1.2719427104457282e-05,
        "maximum_probability": 0.0009874945972114801,
        "minimum_probability": 5.607198594326235e-10,
        "confidence_variance": 1.7834658194715303e-09,
        "confidence_entropy": -2047.9999991538523
    },
    "severity_assessment": {
        "severity_index": 0.2191671871005884,
        "risk_level": "Low",
        "confidence_level": "Low"
    },
    "file_paths": {
        "prediction": "predictions/sample_01180.png",
        "heatmap": "heatmaps/sample_01180.png",
        "overlay": "overlays/sample_01180.png"
    }
}