{
    "sample_index": 757,
    "sample_id": "sample_00757",
    "dataset_index": 187,
    "image_id": "116_33",
    "image_name": "116_33.tif",
    "region": "EcrinPark",
    "temporal_baseline": "6days",
    "patch_number": "coherence",
    "coherence_path": "/kaggle/input/datasets/rishikeshgopal45/landslide-insar-isslide/ReadyToBeUsedDataset/6days/EcrinPark/12Sep2018_18Sep2018/coherence/116_33.tif",
    "phase_path": "/kaggle/input/datasets/rishikeshgopal45/landslide-insar-isslide/ReadyToBeUsedDataset/6days/EcrinPark/12Sep2018_18Sep2018/phase/116_33.tif",
    "ground_truth_path": "/kaggle/input/datasets/rishikeshgopal45/landslide-insar-isslide/ReadyToBeUsedDataset/6days/EcrinPark/Segmentations/12Sep2018_18Sep2018/116_33.tif",
    "dataset_split": "Test",
    "analysis_date": "2026-07-06 12:43:24",
    "coherence_analysis": {
        "mean": 0.727983295917511,
        "median": 0.7533787488937378,
        "minimum": 0.13386429846286774,
        "maximum": 0.961446225643158,
        "std": 0.12894316017627716,
        "variance": 0.01662633754312992,
        "range": 0.8275819420814514,
        "q25": 0.6575878858566284,
        "q50": 0.7533787488937378,
        "q75": 0.8266951441764832,
        "skewness": -0.9497607350349426,
        "kurtosis": 0.7791299819946289,
        "low_coherence_percentage": 0.47000000000000003,
        "medium_coherence_percentage": 34.160000000000004,
        "high_coherence_percentage": 65.36999999999999
    },
    "phase_analysis": {
        "mean": -1.2261751890182495,
        "median": -1.236860752105713,
        "minimum": -2.184680938720703,
        "maximum": 0.28719499707221985,
        "std": 0.3565573990345001,
        "variance": 0.12713317573070526,
        "range": 2.4718759059906006,
        "skewness": 0.4092157185077667,
        "kurtosis": 0.4534602165222168,
        "entropy": 4.94549793425656,
        "energy": 90.11629699332927,
        "gradient_mean": 0.05869836360216141,
        "gradient_std": 0.06567549705505371
    },
    "segmentation_analysis": {
        "ground_truth_area": 0,
        "predicted_area": 0,
        "difference": 0,
        "area_percentage": 0.0,
        "dice": 0.0,
        "iou": 0.0,
        "precision": 0.0,
        "recall": 0.0,
        "specificity": 0.9999999999989999,
        "sensitivity": 0.0,
        "accuracy": 0.9999999999989999,
        "f1_score": 0.0,
        "average_probability": 7.82752176746726e-05,
        "maximum_probability": 0.0038048664573580027,
        "minimum_probability": 8.22473733563811e-09
    },
    "shape_analysis": {
        "connected_components": 0,
        "largest_component": 0,
        "smallest_component": 0,
        "average_component_area": 0.0,
        "perimeter": 0.0,
        "bounding_box": [
            0,
            0,
            0,
            0
        ],
        "centroid": [
            0,
            0
        ],
        "convex_area": 0.0,
        "solidity": 0.0,
        "aspect_ratio": 0.0,
        "circularity": 0.0,
        "shape_complexity": 0.0
    },
    "confidence_analysis": {
        "average_probability": 7.82752176746726e-05,
        "maximum_probability": 0.0038048664573580027,
        "minimum_probability": 8.22473733563811e-09,
        "confidence_variance": 9.772564624199731e-08,
        "confidence_entropy": -2047.9999991538523
    },
    "severity_assessment": {
        "severity_index": 0.12057215424082465,
        "risk_level": "Very Low",
        "confidence_level": "Low"
    },
    "file_paths": {
        "prediction": "predictions/sample_00757.png",
        "heatmap": "heatmaps/sample_00757.png",
        "overlay": "overlays/sample_00757.png"
    }
}