{
    "sample_index": 1202,
    "sample_id": "sample_01202",
    "dataset_index": 11623,
    "image_id": "185_5",
    "image_name": "185_5.tif",
    "region": "QueyrasPark",
    "temporal_baseline": "18days",
    "patch_number": "coherence",
    "coherence_path": "/kaggle/input/datasets/rishikeshgopal45/landslide-insar-isslide/ReadyToBeUsedDataset/18days/QueyrasPark/30Sep2018_18Oct2018/coherence/185_5.tif",
    "phase_path": "/kaggle/input/datasets/rishikeshgopal45/landslide-insar-isslide/ReadyToBeUsedDataset/18days/QueyrasPark/30Sep2018_18Oct2018/phase/185_5.tif",
    "ground_truth_path": "/kaggle/input/datasets/rishikeshgopal45/landslide-insar-isslide/ReadyToBeUsedDataset/18days/QueyrasPark/Segmentations/30Sep2018_18Oct2018/185_5.tif",
    "dataset_split": "Test",
    "analysis_date": "2026-07-06 12:43:24",
    "coherence_analysis": {
        "mean": 0.467311829328537,
        "median": 0.46327492594718933,
        "minimum": 0.11367650330066681,
        "maximum": 0.9021369218826294,
        "std": 0.16093838214874268,
        "variance": 0.02590116299688816,
        "range": 0.7884604334831238,
        "q25": 0.3373056650161743,
        "q50": 0.46327492594718933,
        "q75": 0.5928348302841187,
        "skewness": 0.12710806727409363,
        "kurtosis": -0.8485469818115234,
        "low_coherence_percentage": 17.83,
        "medium_coherence_percentage": 74.11999999999999,
        "high_coherence_percentage": 8.05
    },
    "phase_analysis": {
        "mean": -0.8145867586135864,
        "median": -0.8604092597961426,
        "minimum": -3.100654363632202,
        "maximum": 3.1348540782928467,
        "std": 0.5998026132583618,
        "variance": 0.35976314544677734,
        "range": 6.235508441925049,
        "skewness": 1.4595292806625366,
        "kurtosis": 9.31628704071045,
        "entropy": 4.337640960473143,
        "energy": 27.794328145737357,
        "gradient_mean": 0.18772758543491364,
        "gradient_std": 0.347642719745636
    },
    "segmentation_analysis": {
        "ground_truth_area": 0,
        "predicted_area": 0,
        "difference": 0,
        "area_percentage": 0.0,
        "dice": 0.0,
        "iou": 0.0,
        "precision": 0.0,
        "recall": 0.0,
        "specificity": 0.9999999999989999,
        "sensitivity": 0.0,
        "accuracy": 0.9999999999989999,
        "f1_score": 0.0,
        "average_probability": 7.733744496363215e-06,
        "maximum_probability": 0.0014767613029107451,
        "minimum_probability": 2.886228200882357e-10
    },
    "shape_analysis": {
        "connected_components": 0,
        "largest_component": 0,
        "smallest_component": 0,
        "average_component_area": 0.0,
        "perimeter": 0.0,
        "bounding_box": [
            0,
            0,
            0,
            0
        ],
        "centroid": [
            0,
            0
        ],
        "convex_area": 0.0,
        "solidity": 0.0,
        "aspect_ratio": 0.0,
        "circularity": 0.0,
        "shape_complexity": 0.0
    },
    "confidence_analysis": {
        "average_probability": 7.733744496363215e-06,
        "maximum_probability": 0.0014767613029107451,
        "minimum_probability": 2.886228200882357e-10,
        "confidence_variance": 1.7150796338682994e-09,
        "confidence_entropy": -2047.9999991538523
    },
    "severity_assessment": {
        "severity_index": 0.2081566199260223,
        "risk_level": "Low",
        "confidence_level": "Low"
    },
    "file_paths": {
        "prediction": "predictions/sample_01202.png",
        "heatmap": "heatmaps/sample_01202.png",
        "overlay": "overlays/sample_01202.png"
    }
}