{
    "sample_index": 1255,
    "sample_id": "sample_01255",
    "dataset_index": 13158,
    "image_id": "39_42",
    "image_name": "39_42.tif",
    "region": "Vanoise",
    "temporal_baseline": "18days",
    "patch_number": "coherence",
    "coherence_path": "/kaggle/input/datasets/rishikeshgopal45/landslide-insar-isslide/ReadyToBeUsedDataset/18days/Vanoise/08Jul2018_26Jul2018/coherence/39_42.tif",
    "phase_path": "/kaggle/input/datasets/rishikeshgopal45/landslide-insar-isslide/ReadyToBeUsedDataset/18days/Vanoise/08Jul2018_26Jul2018/phase/39_42.tif",
    "ground_truth_path": "/kaggle/input/datasets/rishikeshgopal45/landslide-insar-isslide/ReadyToBeUsedDataset/18days/Vanoise/Segmentations/08Jul2018_26Jul2018/39_42.tif",
    "dataset_split": "Test",
    "analysis_date": "2026-07-06 12:43:24",
    "coherence_analysis": {
        "mean": 0.43080389499664307,
        "median": 0.4282984137535095,
        "minimum": 0.10465133935213089,
        "maximum": 0.8253296613693237,
        "std": 0.15044249594211578,
        "variance": 0.022632945328950882,
        "range": 0.7206783294677734,
        "q25": 0.3034581243991852,
        "q50": 0.4282984137535095,
        "q75": 0.5525712966918945,
        "skewness": 0.10691104829311371,
        "kurtosis": -0.9510490894317627,
        "low_coherence_percentage": 24.26,
        "medium_coherence_percentage": 72.55,
        "high_coherence_percentage": 3.19
    },
    "phase_analysis": {
        "mean": -2.135923147201538,
        "median": -2.390996217727661,
        "minimum": -3.134213447570801,
        "maximum": 3.139997959136963,
        "std": 1.1141715049743652,
        "variance": 1.2413780689239502,
        "range": 6.274211406707764,
        "skewness": 3.645648717880249,
        "kurtosis": 13.125335693359375,
        "entropy": 4.1666869359936545,
        "energy": 35.28719416973674,
        "gradient_mean": 0.42353886365890503,
        "gradient_std": 0.8258825540542603
    },
    "segmentation_analysis": {
        "ground_truth_area": 0,
        "predicted_area": 0,
        "difference": 0,
        "area_percentage": 0.0,
        "dice": 0.0,
        "iou": 0.0,
        "precision": 0.0,
        "recall": 0.0,
        "specificity": 0.9999999999989999,
        "sensitivity": 0.0,
        "accuracy": 0.9999999999989999,
        "f1_score": 0.0,
        "average_probability": 3.869447027682327e-05,
        "maximum_probability": 0.0017178580164909363,
        "minimum_probability": 3.524505132190825e-09
    },
    "shape_analysis": {
        "connected_components": 0,
        "largest_component": 0,
        "smallest_component": 0,
        "average_component_area": 0.0,
        "perimeter": 0.0,
        "bounding_box": [
            0,
            0,
            0,
            0
        ],
        "centroid": [
            0,
            0
        ],
        "convex_area": 0.0,
        "solidity": 0.0,
        "aspect_ratio": 0.0,
        "circularity": 0.0,
        "shape_complexity": 0.0
    },
    "confidence_analysis": {
        "average_probability": 3.869447027682327e-05,
        "maximum_probability": 0.0017178580164909363,
        "minimum_probability": 3.524505132190825e-09,
        "confidence_variance": 1.9978688925448296e-08,
        "confidence_entropy": -2047.9999991538523
    },
    "severity_assessment": {
        "severity_index": 0.24769932157719923,
        "risk_level": "Low",
        "confidence_level": "Low"
    },
    "file_paths": {
        "prediction": "predictions/sample_01255.png",
        "heatmap": "heatmaps/sample_01255.png",
        "overlay": "overlays/sample_01255.png"
    }
}