{
    "sample_index": 1820,
    "sample_id": "sample_01820",
    "dataset_index": 6947,
    "image_id": "151_14",
    "image_name": "151_14.tif",
    "region": "QueyrasPark",
    "temporal_baseline": "12days",
    "patch_number": "coherence",
    "coherence_path": "/kaggle/input/datasets/rishikeshgopal45/landslide-insar-isslide/ReadyToBeUsedDataset/12days/QueyrasPark/12Oct2018_24Oct2018/coherence/151_14.tif",
    "phase_path": "/kaggle/input/datasets/rishikeshgopal45/landslide-insar-isslide/ReadyToBeUsedDataset/12days/QueyrasPark/12Oct2018_24Oct2018/phase/151_14.tif",
    "ground_truth_path": "/kaggle/input/datasets/rishikeshgopal45/landslide-insar-isslide/ReadyToBeUsedDataset/12days/QueyrasPark/Segmentations/12Oct2018_24Oct2018/151_14.tif",
    "dataset_split": "Test",
    "analysis_date": "2026-07-06 12:43:24",
    "coherence_analysis": {
        "mean": 0.3018306493759155,
        "median": 0.2933461368083954,
        "minimum": 0.09771165251731873,
        "maximum": 0.6559620499610901,
        "std": 0.0869716927409172,
        "variance": 0.0075640748254954815,
        "range": 0.5582504272460938,
        "q25": 0.23724618554115295,
        "q50": 0.2933461368083954,
        "q75": 0.3613970875740051,
        "skewness": 0.41613611578941345,
        "kurtosis": -0.156782865524292,
        "low_coherence_percentage": 52.900000000000006,
        "medium_coherence_percentage": 47.099999999999994,
        "high_coherence_percentage": 0.0
    },
    "phase_analysis": {
        "mean": 0.3278569281101227,
        "median": 0.42971253395080566,
        "minimum": -3.1382031440734863,
        "maximum": 3.1372382640838623,
        "std": 1.3186776638031006,
        "variance": 1.7389107942581177,
        "range": 6.2754411697387695,
        "skewness": -0.42355382442474365,
        "kurtosis": -0.03220486640930176,
        "entropy": 5.250370314174367,
        "energy": 10.45148080677588,
        "gradient_mean": 0.7381954193115234,
        "gradient_std": 0.7253578305244446
    },
    "segmentation_analysis": {
        "ground_truth_area": 0,
        "predicted_area": 0,
        "difference": 0,
        "area_percentage": 0.0,
        "dice": 0.0,
        "iou": 0.0,
        "precision": 0.0,
        "recall": 0.0,
        "specificity": 0.9999999999989999,
        "sensitivity": 0.0,
        "accuracy": 0.9999999999989999,
        "f1_score": 0.0,
        "average_probability": 1.3870638213120401e-05,
        "maximum_probability": 0.00047188118332996964,
        "minimum_probability": 1.4653793733998555e-08
    },
    "shape_analysis": {
        "connected_components": 0,
        "largest_component": 0,
        "smallest_component": 0,
        "average_component_area": 0.0,
        "perimeter": 0.0,
        "bounding_box": [
            0,
            0,
            0,
            0
        ],
        "centroid": [
            0,
            0
        ],
        "convex_area": 0.0,
        "solidity": 0.0,
        "aspect_ratio": 0.0,
        "circularity": 0.0,
        "shape_complexity": 0.0
    },
    "confidence_analysis": {
        "average_probability": 1.3870638213120401e-05,
        "maximum_probability": 0.00047188118332996964,
        "minimum_probability": 1.4653793733998555e-08,
        "confidence_variance": 9.358268604486852e-10,
        "confidence_entropy": -2047.9999991538523
    },
    "severity_assessment": {
        "severity_index": 0.2882862775221776,
        "risk_level": "Low",
        "confidence_level": "Low"
    },
    "file_paths": {
        "prediction": "predictions/sample_01820.png",
        "heatmap": "heatmaps/sample_01820.png",
        "overlay": "overlays/sample_01820.png"
    }
}