{
    "sample_index": 598,
    "sample_id": "sample_00598",
    "dataset_index": 1122,
    "image_id": "67_39",
    "image_name": "67_39.tif",
    "region": "OutsideTheBox",
    "temporal_baseline": "6days",
    "patch_number": "coherence",
    "coherence_path": "/kaggle/input/datasets/rishikeshgopal45/landslide-insar-isslide/ReadyToBeUsedDataset/6days/OutsideTheBox/12Sep2018_18Sep2018/coherence/67_39.tif",
    "phase_path": "/kaggle/input/datasets/rishikeshgopal45/landslide-insar-isslide/ReadyToBeUsedDataset/6days/OutsideTheBox/12Sep2018_18Sep2018/phase/67_39.tif",
    "ground_truth_path": "/kaggle/input/datasets/rishikeshgopal45/landslide-insar-isslide/ReadyToBeUsedDataset/6days/OutsideTheBox/Segmentations/12Sep2018_18Sep2018/67_39.tif",
    "dataset_split": "Test",
    "analysis_date": "2026-07-06 12:43:24",
    "coherence_analysis": {
        "mean": 0.6883314251899719,
        "median": 0.7072219252586365,
        "minimum": 0.14864590764045715,
        "maximum": 0.9315636157989502,
        "std": 0.12815390527248383,
        "variance": 0.016423424705863,
        "range": 0.7829177379608154,
        "q25": 0.607180118560791,
        "q50": 0.7072219252586365,
        "q75": 0.7892626523971558,
        "skewness": -0.7166352868080139,
        "kurtosis": 0.21301603317260742,
        "low_coherence_percentage": 0.51,
        "medium_coherence_percentage": 47.46,
        "high_coherence_percentage": 52.03
    },
    "phase_analysis": {
        "mean": -1.620995283126831,
        "median": -1.6437584161758423,
        "minimum": -2.375582456588745,
        "maximum": -0.07088028639554977,
        "std": 0.27898097038269043,
        "variance": 0.07783037424087524,
        "range": 2.3047022819519043,
        "skewness": 0.41007930040359497,
        "kurtosis": 0.6658155918121338,
        "entropy": 4.77051878763615,
        "energy": 123.75601899721218,
        "gradient_mean": 0.06165964528918266,
        "gradient_std": 0.0648474246263504
    },
    "segmentation_analysis": {
        "ground_truth_area": 0,
        "predicted_area": 0,
        "difference": 0,
        "area_percentage": 0.0,
        "dice": 0.0,
        "iou": 0.0,
        "precision": 0.0,
        "recall": 0.0,
        "specificity": 0.9999999999989999,
        "sensitivity": 0.0,
        "accuracy": 0.9999999999989999,
        "f1_score": 0.0,
        "average_probability": 1.6546642655157484e-05,
        "maximum_probability": 0.0019780651200562716,
        "minimum_probability": 1.228155077637183e-11
    },
    "shape_analysis": {
        "connected_components": 0,
        "largest_component": 0,
        "smallest_component": 0,
        "average_component_area": 0.0,
        "perimeter": 0.0,
        "bounding_box": [
            0,
            0,
            0,
            0
        ],
        "centroid": [
            0,
            0
        ],
        "convex_area": 0.0,
        "solidity": 0.0,
        "aspect_ratio": 0.0,
        "circularity": 0.0,
        "shape_complexity": 0.0
    },
    "confidence_analysis": {
        "average_probability": 1.6546642655157484e-05,
        "maximum_probability": 0.0019780651200562716,
        "minimum_probability": 1.228155077637183e-11,
        "confidence_variance": 5.2512834081142046e-09,
        "confidence_entropy": -2047.9999991538523
    },
    "severity_assessment": {
        "severity_index": 0.12154265132819361,
        "risk_level": "Very Low",
        "confidence_level": "Low"
    },
    "file_paths": {
        "prediction": "predictions/sample_00598.png",
        "heatmap": "heatmaps/sample_00598.png",
        "overlay": "overlays/sample_00598.png"
    }
}