{
    "sample_index": 1742,
    "sample_id": "sample_01742",
    "dataset_index": 4691,
    "image_id": "107_20",
    "image_name": "107_20.tif",
    "region": "EcrinPark",
    "temporal_baseline": "12days",
    "patch_number": "coherence",
    "coherence_path": "/kaggle/input/datasets/rishikeshgopal45/landslide-insar-isslide/ReadyToBeUsedDataset/12days/EcrinPark/18Sep2018_30Sep2018/coherence/107_20.tif",
    "phase_path": "/kaggle/input/datasets/rishikeshgopal45/landslide-insar-isslide/ReadyToBeUsedDataset/12days/EcrinPark/18Sep2018_30Sep2018/phase/107_20.tif",
    "ground_truth_path": "/kaggle/input/datasets/rishikeshgopal45/landslide-insar-isslide/ReadyToBeUsedDataset/12days/EcrinPark/Segmentations/18Sep2018_30Sep2018/107_20.tif",
    "dataset_split": "Test",
    "analysis_date": "2026-07-06 12:43:24",
    "coherence_analysis": {
        "mean": 0.6444388628005981,
        "median": 0.6691387891769409,
        "minimum": 0.1551392376422882,
        "maximum": 0.9355452060699463,
        "std": 0.14809472858905792,
        "variance": 0.021932048723101616,
        "range": 0.7804059982299805,
        "q25": 0.5396630167961121,
        "q50": 0.6691387891769409,
        "q75": 0.7629328966140747,
        "skewness": -0.5621911287307739,
        "kurtosis": -0.38246631622314453,
        "low_coherence_percentage": 1.7500000000000002,
        "medium_coherence_percentage": 56.18,
        "high_coherence_percentage": 42.07
    },
    "phase_analysis": {
        "mean": -0.15829715132713318,
        "median": -0.14664910733699799,
        "minimum": -1.0131393671035767,
        "maximum": 1.7895209789276123,
        "std": 0.26829519867897034,
        "variance": 0.07198231667280197,
        "range": 2.8026604652404785,
        "skewness": -0.095856674015522,
        "kurtosis": 0.8840231895446777,
        "entropy": 4.517690668792246,
        "energy": 103.64342801916676,
        "gradient_mean": 0.07120954245328903,
        "gradient_std": 0.07303974777460098
    },
    "segmentation_analysis": {
        "ground_truth_area": 0,
        "predicted_area": 0,
        "difference": 0,
        "area_percentage": 0.0,
        "dice": 0.0,
        "iou": 0.0,
        "precision": 0.0,
        "recall": 0.0,
        "specificity": 0.9999999999989999,
        "sensitivity": 0.0,
        "accuracy": 0.9999999999989999,
        "f1_score": 0.0,
        "average_probability": 0.0010331436060369015,
        "maximum_probability": 0.40083372592926025,
        "minimum_probability": 2.339296811815217e-10
    },
    "shape_analysis": {
        "connected_components": 0,
        "largest_component": 0,
        "smallest_component": 0,
        "average_component_area": 0.0,
        "perimeter": 0.0,
        "bounding_box": [
            0,
            0,
            0,
            0
        ],
        "centroid": [
            0,
            0
        ],
        "convex_area": 0.0,
        "solidity": 0.0,
        "aspect_ratio": 0.0,
        "circularity": 0.0,
        "shape_complexity": 0.0
    },
    "confidence_analysis": {
        "average_probability": 0.0010331436060369015,
        "maximum_probability": 0.40083372592926025,
        "minimum_probability": 2.339296811815217e-10,
        "confidence_variance": 0.00018653091683518142,
        "confidence_entropy": -2004.2791965886179
    },
    "severity_assessment": {
        "severity_index": 0.1311982894012529,
        "risk_level": "Very Low",
        "confidence_level": "Low"
    },
    "file_paths": {
        "prediction": "predictions/sample_01742.png",
        "heatmap": "heatmaps/sample_01742.png",
        "overlay": "overlays/sample_01742.png"
    }
}