{
    "sample_index": 676,
    "sample_id": "sample_00676",
    "dataset_index": 12064,
    "image_id": "149_1",
    "image_name": "149_1.tif",
    "region": "QueyrasPark",
    "temporal_baseline": "18days",
    "patch_number": "coherence",
    "coherence_path": "/kaggle/input/datasets/rishikeshgopal45/landslide-insar-isslide/ReadyToBeUsedDataset/18days/QueyrasPark/12Sep2018_30Sep2018/coherence/149_1.tif",
    "phase_path": "/kaggle/input/datasets/rishikeshgopal45/landslide-insar-isslide/ReadyToBeUsedDataset/18days/QueyrasPark/12Sep2018_30Sep2018/phase/149_1.tif",
    "ground_truth_path": "/kaggle/input/datasets/rishikeshgopal45/landslide-insar-isslide/ReadyToBeUsedDataset/18days/QueyrasPark/Segmentations/12Sep2018_30Sep2018/149_1.tif",
    "dataset_split": "Test",
    "analysis_date": "2026-07-06 12:43:24",
    "coherence_analysis": {
        "mean": 0.6896039247512817,
        "median": 0.706792950630188,
        "minimum": 0.240632563829422,
        "maximum": 0.9457112550735474,
        "std": 0.12108585238456726,
        "variance": 0.014661784283816814,
        "range": 0.7050787210464478,
        "q25": 0.61533123254776,
        "q50": 0.706792950630188,
        "q75": 0.7807638049125671,
        "skewness": -0.6866024136543274,
        "kurtosis": 0.2531163692474365,
        "low_coherence_percentage": 0.33999999999999997,
        "medium_coherence_percentage": 47.4,
        "high_coherence_percentage": 52.26
    },
    "phase_analysis": {
        "mean": -2.275057077407837,
        "median": -2.4175517559051514,
        "minimum": -3.1399903297424316,
        "maximum": 3.138575792312622,
        "std": 0.6816648840904236,
        "variance": 0.46466705203056335,
        "range": 6.278566360473633,
        "skewness": 4.846503734588623,
        "kurtosis": 35.392459869384766,
        "entropy": 4.153232561577817,
        "energy": 30.117852245494895,
        "gradient_mean": 0.09660983085632324,
        "gradient_std": 0.3967049717903137
    },
    "segmentation_analysis": {
        "ground_truth_area": 0,
        "predicted_area": 0,
        "difference": 0,
        "area_percentage": 0.0,
        "dice": 0.0,
        "iou": 0.0,
        "precision": 0.0,
        "recall": 0.0,
        "specificity": 0.9999999999989999,
        "sensitivity": 0.0,
        "accuracy": 0.9999999999989999,
        "f1_score": 0.0,
        "average_probability": 1.5212453945423476e-05,
        "maximum_probability": 0.0012682974338531494,
        "minimum_probability": 2.6303943467809177e-09
    },
    "shape_analysis": {
        "connected_components": 0,
        "largest_component": 0,
        "smallest_component": 0,
        "average_component_area": 0.0,
        "perimeter": 0.0,
        "bounding_box": [
            0,
            0,
            0,
            0
        ],
        "centroid": [
            0,
            0
        ],
        "convex_area": 0.0,
        "solidity": 0.0,
        "aspect_ratio": 0.0,
        "circularity": 0.0,
        "shape_complexity": 0.0
    },
    "confidence_analysis": {
        "average_probability": 1.5212453945423476e-05,
        "maximum_probability": 0.0012682974338531494,
        "minimum_probability": 2.6303943467809177e-09,
        "confidence_variance": 2.9238818033405778e-09,
        "confidence_entropy": -2047.9999991538523
    },
    "severity_assessment": {
        "severity_index": 0.15866925944566007,
        "risk_level": "Very Low",
        "confidence_level": "Low"
    },
    "file_paths": {
        "prediction": "predictions/sample_00676.png",
        "heatmap": "heatmaps/sample_00676.png",
        "overlay": "overlays/sample_00676.png"
    }
}