{
    "sample_index": 11,
    "sample_id": "sample_00011",
    "dataset_index": 11507,
    "image_id": "144_58",
    "image_name": "144_58.tif",
    "region": "QueyrasPark",
    "temporal_baseline": "18days",
    "patch_number": "coherence",
    "coherence_path": "/kaggle/input/datasets/rishikeshgopal45/landslide-insar-isslide/ReadyToBeUsedDataset/18days/QueyrasPark/06Oct2018_24Oct2018/coherence/144_58.tif",
    "phase_path": "/kaggle/input/datasets/rishikeshgopal45/landslide-insar-isslide/ReadyToBeUsedDataset/18days/QueyrasPark/06Oct2018_24Oct2018/phase/144_58.tif",
    "ground_truth_path": "/kaggle/input/datasets/rishikeshgopal45/landslide-insar-isslide/ReadyToBeUsedDataset/18days/QueyrasPark/Segmentations/06Oct2018_24Oct2018/144_58.tif",
    "dataset_split": "Test",
    "analysis_date": "2026-07-06 12:43:24",
    "coherence_analysis": {
        "mean": 0.4637874364852905,
        "median": 0.473980188369751,
        "minimum": 0.08906090259552002,
        "maximum": 0.8405870199203491,
        "std": 0.14528247714042664,
        "variance": 0.02110699750483036,
        "range": 0.7515261173248291,
        "q25": 0.35068607330322266,
        "q50": 0.473980188369751,
        "q75": 0.5759515166282654,
        "skewness": -0.13181649148464203,
        "kurtosis": -0.8034133911132812,
        "low_coherence_percentage": 16.259999999999998,
        "medium_coherence_percentage": 79.75,
        "high_coherence_percentage": 3.9899999999999998
    },
    "phase_analysis": {
        "mean": 0.9632642865180969,
        "median": 2.5353758335113525,
        "minimum": -3.141223907470703,
        "maximum": 3.1412200927734375,
        "std": 2.4982926845550537,
        "variance": 6.241466045379639,
        "range": 6.282444000244141,
        "skewness": -0.738648533821106,
        "kurtosis": -1.3305859565734863,
        "entropy": 4.506606619871357,
        "energy": 24.575244964363797,
        "gradient_mean": 0.9782343506813049,
        "gradient_std": 1.3778116703033447
    },
    "segmentation_analysis": {
        "ground_truth_area": 0,
        "predicted_area": 0,
        "difference": 0,
        "area_percentage": 0.0,
        "dice": 0.0,
        "iou": 0.0,
        "precision": 0.0,
        "recall": 0.0,
        "specificity": 0.9999999999989999,
        "sensitivity": 0.0,
        "accuracy": 0.9999999999989999,
        "f1_score": 0.0,
        "average_probability": 1.4020746675669216e-05,
        "maximum_probability": 0.00034204646362923086,
        "minimum_probability": 4.995830416021363e-09
    },
    "shape_analysis": {
        "connected_components": 0,
        "largest_component": 0,
        "smallest_component": 0,
        "average_component_area": 0.0,
        "perimeter": 0.0,
        "bounding_box": [
            0,
            0,
            0,
            0
        ],
        "centroid": [
            0,
            0
        ],
        "convex_area": 0.0,
        "solidity": 0.0,
        "aspect_ratio": 0.0,
        "circularity": 0.0,
        "shape_complexity": 0.0
    },
    "confidence_analysis": {
        "average_probability": 1.4020746675669216e-05,
        "maximum_probability": 0.00034204646362923086,
        "minimum_probability": 4.995830416021363e-09,
        "confidence_variance": 8.595967271318727e-10,
        "confidence_entropy": -2047.9999991538523
    },
    "severity_assessment": {
        "severity_index": 0.27688239559398486,
        "risk_level": "Low",
        "confidence_level": "Low"
    },
    "file_paths": {
        "prediction": "predictions/sample_00011.png",
        "heatmap": "heatmaps/sample_00011.png",
        "overlay": "overlays/sample_00011.png"
    }
}