{
    "sample_index": 1723,
    "sample_id": "sample_01723",
    "dataset_index": 657,
    "image_id": "131_6",
    "image_name": "131_6.tif",
    "region": "EcrinPark",
    "temporal_baseline": "6days",
    "patch_number": "coherence",
    "coherence_path": "/kaggle/input/datasets/rishikeshgopal45/landslide-insar-isslide/ReadyToBeUsedDataset/6days/EcrinPark/19Aug2018_25Aug2018/coherence/131_6.tif",
    "phase_path": "/kaggle/input/datasets/rishikeshgopal45/landslide-insar-isslide/ReadyToBeUsedDataset/6days/EcrinPark/19Aug2018_25Aug2018/phase/131_6.tif",
    "ground_truth_path": "/kaggle/input/datasets/rishikeshgopal45/landslide-insar-isslide/ReadyToBeUsedDataset/6days/EcrinPark/Segmentations/19Aug2018_25Aug2018/131_6.tif",
    "dataset_split": "Test",
    "analysis_date": "2026-07-06 12:43:24",
    "coherence_analysis": {
        "mean": 0.5798954367637634,
        "median": 0.6270591020584106,
        "minimum": 0.09971027821302414,
        "maximum": 0.9335650205612183,
        "std": 0.20633812248706818,
        "variance": 0.042575422674417496,
        "range": 0.8338547348976135,
        "q25": 0.4075118601322174,
        "q50": 0.6270591020584106,
        "q75": 0.7543606758117676,
        "skewness": -0.435353547334671,
        "kurtosis": -1.0131678581237793,
        "low_coherence_percentage": 14.44,
        "medium_coherence_percentage": 49.47,
        "high_coherence_percentage": 36.09
    },
    "phase_analysis": {
        "mean": 1.0231202840805054,
        "median": 1.167781114578247,
        "minimum": -3.133979558944702,
        "maximum": 3.141587972640991,
        "std": 1.4374573230743408,
        "variance": 2.066283702850342,
        "range": 6.275567531585693,
        "skewness": -1.2036970853805542,
        "kurtosis": 1.2844023704528809,
        "entropy": 4.960329726498794,
        "energy": 14.139311805239954,
        "gradient_mean": 0.4149591326713562,
        "gradient_std": 0.7414278388023376
    },
    "segmentation_analysis": {
        "ground_truth_area": 310,
        "predicted_area": 86,
        "difference": 224,
        "area_percentage": 0.86,
        "dice": 0.4343434343324661,
        "iou": 0.27741935482976066,
        "precision": 0.999999999883721,
        "recall": 0.27741935482976066,
        "specificity": 0.9999999999989679,
        "sensitivity": 0.27741935482976066,
        "accuracy": 0.9775999999990224,
        "f1_score": 0.4343434343324661,
        "average_probability": 0.008791697211563587,
        "maximum_probability": 0.9832803010940552,
        "minimum_probability": 4.6936786055051805e-12
    },
    "shape_analysis": {
        "connected_components": 1,
        "largest_component": 86,
        "smallest_component": 86,
        "average_component_area": 86.0,
        "perimeter": 32.72792184352875,
        "bounding_box": [
            35,
            66,
            11,
            10
        ],
        "centroid": [
            40.54651162790697,
            70.59302325581395
        ],
        "convex_area": 74.0,
        "solidity": 0.9527027025739592,
        "aspect_ratio": 1.0999999989,
        "circularity": 0.827107811116866,
        "shape_complexity": 15.193147064456666
    },
    "confidence_analysis": {
        "average_probability": 0.008791697211563587,
        "maximum_probability": 0.9832803010940552,
        "minimum_probability": 4.6936786055051805e-12,
        "confidence_variance": 0.006312924437224865,
        "confidence_entropy": -1966.1720223315326
    },
    "severity_assessment": {
        "severity_index": 0.2725930667063999,
        "risk_level": "Low",
        "confidence_level": "Low"
    },
    "file_paths": {
        "prediction": "predictions/sample_01723.png",
        "heatmap": "heatmaps/sample_01723.png",
        "overlay": "overlays/sample_01723.png"
    }
}