{
    "sample_index": 1843,
    "sample_id": "sample_01843",
    "dataset_index": 7152,
    "image_id": "149_1",
    "image_name": "149_1.tif",
    "region": "QueyrasPark",
    "temporal_baseline": "12days",
    "patch_number": "coherence",
    "coherence_path": "/kaggle/input/datasets/rishikeshgopal45/landslide-insar-isslide/ReadyToBeUsedDataset/12days/QueyrasPark/19Aug2018_31Aug2018/coherence/149_1.tif",
    "phase_path": "/kaggle/input/datasets/rishikeshgopal45/landslide-insar-isslide/ReadyToBeUsedDataset/12days/QueyrasPark/19Aug2018_31Aug2018/phase/149_1.tif",
    "ground_truth_path": "/kaggle/input/datasets/rishikeshgopal45/landslide-insar-isslide/ReadyToBeUsedDataset/12days/QueyrasPark/Segmentations/19Aug2018_31Aug2018/149_1.tif",
    "dataset_split": "Test",
    "analysis_date": "2026-07-06 12:43:24",
    "coherence_analysis": {
        "mean": 0.5127608180046082,
        "median": 0.5070892572402954,
        "minimum": 0.11489465832710266,
        "maximum": 0.8986817002296448,
        "std": 0.16265501081943512,
        "variance": 0.026456652209162712,
        "range": 0.7837870121002197,
        "q25": 0.38647353649139404,
        "q50": 0.5070892572402954,
        "q75": 0.6378687620162964,
        "skewness": 0.07930290699005127,
        "kurtosis": -0.8255443572998047,
        "low_coherence_percentage": 10.8,
        "medium_coherence_percentage": 73.66,
        "high_coherence_percentage": 15.540000000000001
    },
    "phase_analysis": {
        "mean": -0.06305449455976486,
        "median": -0.054874349385499954,
        "minimum": -2.734987735748291,
        "maximum": 3.093404769897461,
        "std": 0.7347176671028137,
        "variance": 0.539810061454773,
        "range": 5.828392505645752,
        "skewness": 0.5216742753982544,
        "kurtosis": 3.590770721435547,
        "entropy": 4.617809802236356,
        "energy": 24.239954869370127,
        "gradient_mean": 0.1869165450334549,
        "gradient_std": 0.3444758355617523
    },
    "segmentation_analysis": {
        "ground_truth_area": 0,
        "predicted_area": 0,
        "difference": 0,
        "area_percentage": 0.0,
        "dice": 0.0,
        "iou": 0.0,
        "precision": 0.0,
        "recall": 0.0,
        "specificity": 0.9999999999989999,
        "sensitivity": 0.0,
        "accuracy": 0.9999999999989999,
        "f1_score": 0.0,
        "average_probability": 1.3252256394480355e-05,
        "maximum_probability": 0.0010329245124012232,
        "minimum_probability": 3.2352454049089374e-11
    },
    "shape_analysis": {
        "connected_components": 0,
        "largest_component": 0,
        "smallest_component": 0,
        "average_component_area": 0.0,
        "perimeter": 0.0,
        "bounding_box": [
            0,
            0,
            0,
            0
        ],
        "centroid": [
            0,
            0
        ],
        "convex_area": 0.0,
        "solidity": 0.0,
        "aspect_ratio": 0.0,
        "circularity": 0.0,
        "shape_complexity": 0.0
    },
    "confidence_analysis": {
        "average_probability": 1.3252256394480355e-05,
        "maximum_probability": 0.0010329245124012232,
        "minimum_probability": 3.2352454049089374e-11,
        "confidence_variance": 2.804764642760915e-09,
        "confidence_entropy": -2047.9999991538523
    },
    "severity_assessment": {
        "severity_index": 0.20651725897097367,
        "risk_level": "Low",
        "confidence_level": "Low"
    },
    "file_paths": {
        "prediction": "predictions/sample_01843.png",
        "heatmap": "heatmaps/sample_01843.png",
        "overlay": "overlays/sample_01843.png"
    }
}