{
    "sample_index": 1965,
    "sample_id": "sample_01965",
    "dataset_index": 11267,
    "image_id": "175_20",
    "image_name": "175_20.tif",
    "region": "QueyrasPark",
    "temporal_baseline": "18days",
    "patch_number": "coherence",
    "coherence_path": "/kaggle/input/datasets/rishikeshgopal45/landslide-insar-isslide/ReadyToBeUsedDataset/18days/QueyrasPark/02Jul2018_20Jul2018/coherence/175_20.tif",
    "phase_path": "/kaggle/input/datasets/rishikeshgopal45/landslide-insar-isslide/ReadyToBeUsedDataset/18days/QueyrasPark/02Jul2018_20Jul2018/phase/175_20.tif",
    "ground_truth_path": "/kaggle/input/datasets/rishikeshgopal45/landslide-insar-isslide/ReadyToBeUsedDataset/18days/QueyrasPark/Segmentations/02Jul2018_20Jul2018/175_20.tif",
    "dataset_split": "Test",
    "analysis_date": "2026-07-06 12:43:24",
    "coherence_analysis": {
        "mean": 0.477584570646286,
        "median": 0.44544345140457153,
        "minimum": 0.07426129281520844,
        "maximum": 0.924079179763794,
        "std": 0.20949405431747437,
        "variance": 0.04388775676488876,
        "range": 0.8498178720474243,
        "q25": 0.29241615533828735,
        "q50": 0.44544345140457153,
        "q75": 0.6661030650138855,
        "skewness": 0.2924199402332306,
        "kurtosis": -1.1782671213150024,
        "low_coherence_percentage": 26.889999999999997,
        "medium_coherence_percentage": 52.01,
        "high_coherence_percentage": 21.099999999999998
    },
    "phase_analysis": {
        "mean": -0.0555783249437809,
        "median": -0.12513050436973572,
        "minimum": -3.12790584564209,
        "maximum": 3.1265859603881836,
        "std": 1.3080816268920898,
        "variance": 1.7110776901245117,
        "range": 6.254491806030273,
        "skewness": 0.3174661695957184,
        "kurtosis": 0.21334576606750488,
        "entropy": 5.110417227563913,
        "energy": 12.31629608626237,
        "gradient_mean": 0.5548210740089417,
        "gradient_std": 0.7648068070411682
    },
    "segmentation_analysis": {
        "ground_truth_area": 0,
        "predicted_area": 0,
        "difference": 0,
        "area_percentage": 0.0,
        "dice": 0.0,
        "iou": 0.0,
        "precision": 0.0,
        "recall": 0.0,
        "specificity": 0.9999999999989999,
        "sensitivity": 0.0,
        "accuracy": 0.9999999999989999,
        "f1_score": 0.0,
        "average_probability": 1.6142172171385027e-05,
        "maximum_probability": 0.0005129084456712008,
        "minimum_probability": 4.878390136298094e-09
    },
    "shape_analysis": {
        "connected_components": 0,
        "largest_component": 0,
        "smallest_component": 0,
        "average_component_area": 0.0,
        "perimeter": 0.0,
        "bounding_box": [
            0,
            0,
            0,
            0
        ],
        "centroid": [
            0,
            0
        ],
        "convex_area": 0.0,
        "solidity": 0.0,
        "aspect_ratio": 0.0,
        "circularity": 0.0,
        "shape_complexity": 0.0
    },
    "confidence_analysis": {
        "average_probability": 1.6142172171385027e-05,
        "maximum_probability": 0.0005129084456712008,
        "minimum_probability": 4.878390136298094e-09,
        "confidence_variance": 1.3964122080878383e-09,
        "confidence_entropy": -2047.9999991538523
    },
    "severity_assessment": {
        "severity_index": 0.2439518093043619,
        "risk_level": "Low",
        "confidence_level": "Low"
    },
    "file_paths": {
        "prediction": "predictions/sample_01965.png",
        "heatmap": "heatmaps/sample_01965.png",
        "overlay": "overlays/sample_01965.png"
    }
}