{
    "sample_index": 372,
    "sample_id": "sample_00372",
    "dataset_index": 8421,
    "image_id": "38_46",
    "image_name": "38_46.tif",
    "region": "Vanoise",
    "temporal_baseline": "12days",
    "patch_number": "coherence",
    "coherence_path": "/kaggle/input/datasets/rishikeshgopal45/landslide-insar-isslide/ReadyToBeUsedDataset/12days/Vanoise/08Jul2018_20Jul2018/coherence/38_46.tif",
    "phase_path": "/kaggle/input/datasets/rishikeshgopal45/landslide-insar-isslide/ReadyToBeUsedDataset/12days/Vanoise/08Jul2018_20Jul2018/phase/38_46.tif",
    "ground_truth_path": "/kaggle/input/datasets/rishikeshgopal45/landslide-insar-isslide/ReadyToBeUsedDataset/12days/Vanoise/Segmentations/08Jul2018_20Jul2018/38_46.tif",
    "dataset_split": "Test",
    "analysis_date": "2026-07-06 12:43:24",
    "coherence_analysis": {
        "mean": 0.47852012515068054,
        "median": 0.47511839866638184,
        "minimum": 0.10905592143535614,
        "maximum": 0.9000486731529236,
        "std": 0.18307533860206604,
        "variance": 0.03351658210158348,
        "range": 0.7909927368164062,
        "q25": 0.3209022283554077,
        "q50": 0.47511839866638184,
        "q75": 0.6281400918960571,
        "skewness": 0.09521585702896118,
        "kurtosis": -1.05343496799469,
        "low_coherence_percentage": 21.59,
        "medium_coherence_percentage": 64.35,
        "high_coherence_percentage": 14.06
    },
    "phase_analysis": {
        "mean": 2.1158230304718018,
        "median": 2.3974382877349854,
        "minimum": -3.1415560245513916,
        "maximum": 3.1364381313323975,
        "std": 0.9470506310462952,
        "variance": 0.8969048857688904,
        "range": 6.277994155883789,
        "skewness": -3.094581127166748,
        "kurtosis": 13.191492080688477,
        "entropy": 4.51161313926882,
        "energy": 23.371041200815277,
        "gradient_mean": 0.215003103017807,
        "gradient_std": 0.6335383653640747
    },
    "segmentation_analysis": {
        "ground_truth_area": 0,
        "predicted_area": 0,
        "difference": 0,
        "area_percentage": 0.0,
        "dice": 0.0,
        "iou": 0.0,
        "precision": 0.0,
        "recall": 0.0,
        "specificity": 0.9999999999989999,
        "sensitivity": 0.0,
        "accuracy": 0.9999999999989999,
        "f1_score": 0.0,
        "average_probability": 4.770009400090203e-05,
        "maximum_probability": 0.008397994562983513,
        "minimum_probability": 1.7383721129249352e-09
    },
    "shape_analysis": {
        "connected_components": 0,
        "largest_component": 0,
        "smallest_component": 0,
        "average_component_area": 0.0,
        "perimeter": 0.0,
        "bounding_box": [
            0,
            0,
            0,
            0
        ],
        "centroid": [
            0,
            0
        ],
        "convex_area": 0.0,
        "solidity": 0.0,
        "aspect_ratio": 0.0,
        "circularity": 0.0,
        "shape_complexity": 0.0
    },
    "confidence_analysis": {
        "average_probability": 4.770009400090203e-05,
        "maximum_probability": 0.008397994562983513,
        "minimum_probability": 1.7383721129249352e-09,
        "confidence_variance": 9.936427147749782e-08,
        "confidence_entropy": -2042.1991390167198
    },
    "severity_assessment": {
        "severity_index": 0.2276505032752523,
        "risk_level": "Low",
        "confidence_level": "Low"
    },
    "file_paths": {
        "prediction": "predictions/sample_00372.png",
        "heatmap": "heatmaps/sample_00372.png",
        "overlay": "overlays/sample_00372.png"
    }
}