{
    "sample_index": 1875,
    "sample_id": "sample_01875",
    "dataset_index": 6176,
    "image_id": "74_27",
    "image_name": "74_27.tif",
    "region": "OutsideTheBox",
    "temporal_baseline": "12days",
    "patch_number": "coherence",
    "coherence_path": "/kaggle/input/datasets/rishikeshgopal45/landslide-insar-isslide/ReadyToBeUsedDataset/12days/OutsideTheBox/30Sep2018_12Oct2018/coherence/74_27.tif",
    "phase_path": "/kaggle/input/datasets/rishikeshgopal45/landslide-insar-isslide/ReadyToBeUsedDataset/12days/OutsideTheBox/30Sep2018_12Oct2018/phase/74_27.tif",
    "ground_truth_path": "/kaggle/input/datasets/rishikeshgopal45/landslide-insar-isslide/ReadyToBeUsedDataset/12days/OutsideTheBox/Segmentations/30Sep2018_12Oct2018/74_27.tif",
    "dataset_split": "Test",
    "analysis_date": "2026-07-06 12:43:24",
    "coherence_analysis": {
        "mean": 0.2968229353427887,
        "median": 0.2668110132217407,
        "minimum": 0.09791664034128189,
        "maximum": 0.8033690452575684,
        "std": 0.11649962514638901,
        "variance": 0.01357216201722622,
        "range": 0.7054523825645447,
        "q25": 0.21852916479110718,
        "q50": 0.2668110132217407,
        "q75": 0.3394659161567688,
        "skewness": 1.51417875289917,
        "kurtosis": 2.406968593597412,
        "low_coherence_percentage": 63.82,
        "medium_coherence_percentage": 35.36,
        "high_coherence_percentage": 0.8200000000000001
    },
    "phase_analysis": {
        "mean": 0.012250763364136219,
        "median": -0.02813887968659401,
        "minimum": -3.1382317543029785,
        "maximum": 3.1367900371551514,
        "std": 1.542028546333313,
        "variance": 2.377852201461792,
        "range": 6.275021553039551,
        "skewness": 0.07333173602819443,
        "kurtosis": -0.6648452281951904,
        "entropy": 5.392268871551943,
        "energy": 8.5881724001558,
        "gradient_mean": 1.0742276906967163,
        "gradient_std": 0.8939164280891418
    },
    "segmentation_analysis": {
        "ground_truth_area": 0,
        "predicted_area": 0,
        "difference": 0,
        "area_percentage": 0.0,
        "dice": 0.0,
        "iou": 0.0,
        "precision": 0.0,
        "recall": 0.0,
        "specificity": 0.9999999999989999,
        "sensitivity": 0.0,
        "accuracy": 0.9999999999989999,
        "f1_score": 0.0,
        "average_probability": 1.2798228453902993e-05,
        "maximum_probability": 0.0009132357081398368,
        "minimum_probability": 1.0132777950033756e-09
    },
    "shape_analysis": {
        "connected_components": 0,
        "largest_component": 0,
        "smallest_component": 0,
        "average_component_area": 0.0,
        "perimeter": 0.0,
        "bounding_box": [
            0,
            0,
            0,
            0
        ],
        "centroid": [
            0,
            0
        ],
        "convex_area": 0.0,
        "solidity": 0.0,
        "aspect_ratio": 0.0,
        "circularity": 0.0,
        "shape_complexity": 0.0
    },
    "confidence_analysis": {
        "average_probability": 1.2798228453902993e-05,
        "maximum_probability": 0.0009132357081398368,
        "minimum_probability": 1.0132777950033756e-09,
        "confidence_variance": 1.3698453482646755e-09,
        "confidence_entropy": -2047.9999991538523
    },
    "severity_assessment": {
        "severity_index": 0.2971169435636243,
        "risk_level": "Low",
        "confidence_level": "Low"
    },
    "file_paths": {
        "prediction": "predictions/sample_01875.png",
        "heatmap": "heatmaps/sample_01875.png",
        "overlay": "overlays/sample_01875.png"
    }
}