{
    "sample_index": 1633,
    "sample_id": "sample_01633",
    "dataset_index": 1919,
    "image_id": "94_72",
    "image_name": "94_72.tif",
    "region": "OutsideTheBox",
    "temporal_baseline": "6days",
    "patch_number": "coherence",
    "coherence_path": "/kaggle/input/datasets/rishikeshgopal45/landslide-insar-isslide/ReadyToBeUsedDataset/6days/OutsideTheBox/18Oct2018_24Oct2018/coherence/94_72.tif",
    "phase_path": "/kaggle/input/datasets/rishikeshgopal45/landslide-insar-isslide/ReadyToBeUsedDataset/6days/OutsideTheBox/18Oct2018_24Oct2018/phase/94_72.tif",
    "ground_truth_path": "/kaggle/input/datasets/rishikeshgopal45/landslide-insar-isslide/ReadyToBeUsedDataset/6days/OutsideTheBox/Segmentations/18Oct2018_24Oct2018/94_72.tif",
    "dataset_split": "Test",
    "analysis_date": "2026-07-06 12:43:24",
    "coherence_analysis": {
        "mean": 0.30316945910453796,
        "median": 0.2809422016143799,
        "minimum": 0.08398474752902985,
        "maximum": 0.7486558556556702,
        "std": 0.10686758905649185,
        "variance": 0.011420682072639465,
        "range": 0.6646711230278015,
        "q25": 0.22650346159934998,
        "q50": 0.2809422016143799,
        "q75": 0.3575563132762909,
        "skewness": 1.0206363201141357,
        "kurtosis": 0.9729070663452148,
        "low_coherence_percentage": 57.60999999999999,
        "medium_coherence_percentage": 42.26,
        "high_coherence_percentage": 0.13
    },
    "phase_analysis": {
        "mean": -0.6673041582107544,
        "median": -0.8200786113739014,
        "minimum": -3.137380361557007,
        "maximum": 3.1259701251983643,
        "std": 1.3405029773712158,
        "variance": 1.7969480752944946,
        "range": 6.263350486755371,
        "skewness": 0.7201950550079346,
        "kurtosis": 0.32010650634765625,
        "entropy": 5.2492931095566,
        "energy": 10.466268281931242,
        "gradient_mean": 0.8123900890350342,
        "gradient_std": 0.7867555618286133
    },
    "segmentation_analysis": {
        "ground_truth_area": 0,
        "predicted_area": 0,
        "difference": 0,
        "area_percentage": 0.0,
        "dice": 0.0,
        "iou": 0.0,
        "precision": 0.0,
        "recall": 0.0,
        "specificity": 0.9999999999989999,
        "sensitivity": 0.0,
        "accuracy": 0.9999999999989999,
        "f1_score": 0.0,
        "average_probability": 1.1194396392966155e-05,
        "maximum_probability": 0.0003255488118156791,
        "minimum_probability": 7.014838931951317e-09
    },
    "shape_analysis": {
        "connected_components": 0,
        "largest_component": 0,
        "smallest_component": 0,
        "average_component_area": 0.0,
        "perimeter": 0.0,
        "bounding_box": [
            0,
            0,
            0,
            0
        ],
        "centroid": [
            0,
            0
        ],
        "convex_area": 0.0,
        "solidity": 0.0,
        "aspect_ratio": 0.0,
        "circularity": 0.0,
        "shape_complexity": 0.0
    },
    "confidence_analysis": {
        "average_probability": 1.1194396392966155e-05,
        "maximum_probability": 0.0003255488118156791,
        "minimum_probability": 7.014838931951317e-09,
        "confidence_variance": 8.714308719071084e-10,
        "confidence_entropy": -2047.9999991538523
    },
    "severity_assessment": {
        "severity_index": 0.2887559173949764,
        "risk_level": "Low",
        "confidence_level": "Low"
    },
    "file_paths": {
        "prediction": "predictions/sample_01633.png",
        "heatmap": "heatmaps/sample_01633.png",
        "overlay": "overlays/sample_01633.png"
    }
}