{
    "sample_index": 206,
    "sample_id": "sample_00206",
    "dataset_index": 10206,
    "image_id": "69_77",
    "image_name": "69_77.tif",
    "region": "OutsideTheBox",
    "temporal_baseline": "18days",
    "patch_number": "coherence",
    "coherence_path": "/kaggle/input/datasets/rishikeshgopal45/landslide-insar-isslide/ReadyToBeUsedDataset/18days/OutsideTheBox/06Oct2018_24Oct2018/coherence/69_77.tif",
    "phase_path": "/kaggle/input/datasets/rishikeshgopal45/landslide-insar-isslide/ReadyToBeUsedDataset/18days/OutsideTheBox/06Oct2018_24Oct2018/phase/69_77.tif",
    "ground_truth_path": "/kaggle/input/datasets/rishikeshgopal45/landslide-insar-isslide/ReadyToBeUsedDataset/18days/OutsideTheBox/Segmentations/06Oct2018_24Oct2018/69_77.tif",
    "dataset_split": "Test",
    "analysis_date": "2026-07-06 12:43:24",
    "coherence_analysis": {
        "mean": 0.39806461334228516,
        "median": 0.3801118731498718,
        "minimum": 0.09516913443803787,
        "maximum": 0.8217915892601013,
        "std": 0.15615706145763397,
        "variance": 0.024385027587413788,
        "range": 0.726622462272644,
        "q25": 0.26137134432792664,
        "q50": 0.3801118731498718,
        "q75": 0.5205987691879272,
        "skewness": 0.3500362038612366,
        "kurtosis": -0.8960416316986084,
        "low_coherence_percentage": 34.67,
        "medium_coherence_percentage": 62.470000000000006,
        "high_coherence_percentage": 2.86
    },
    "phase_analysis": {
        "mean": -1.2764716148376465,
        "median": -2.293802261352539,
        "minimum": -3.1415061950683594,
        "maximum": 3.141544818878174,
        "std": 2.1334011554718018,
        "variance": 4.551400661468506,
        "range": 6.283051013946533,
        "skewness": 1.2044023275375366,
        "kurtosis": -0.23013520240783691,
        "entropy": 4.815462904044087,
        "energy": 17.67626962844734,
        "gradient_mean": 0.786012589931488,
        "gradient_std": 1.1669366359710693
    },
    "segmentation_analysis": {
        "ground_truth_area": 0,
        "predicted_area": 0,
        "difference": 0,
        "area_percentage": 0.0,
        "dice": 0.0,
        "iou": 0.0,
        "precision": 0.0,
        "recall": 0.0,
        "specificity": 0.9999999999989999,
        "sensitivity": 0.0,
        "accuracy": 0.9999999999989999,
        "f1_score": 0.0,
        "average_probability": 1.7623671737965196e-05,
        "maximum_probability": 0.0018163922941312194,
        "minimum_probability": 1.7176836619725577e-09
    },
    "shape_analysis": {
        "connected_components": 0,
        "largest_component": 0,
        "smallest_component": 0,
        "average_component_area": 0.0,
        "perimeter": 0.0,
        "bounding_box": [
            0,
            0,
            0,
            0
        ],
        "centroid": [
            0,
            0
        ],
        "convex_area": 0.0,
        "solidity": 0.0,
        "aspect_ratio": 0.0,
        "circularity": 0.0,
        "shape_complexity": 0.0
    },
    "confidence_analysis": {
        "average_probability": 1.7623671737965196e-05,
        "maximum_probability": 0.0018163922941312194,
        "minimum_probability": 1.7176836619725577e-09,
        "confidence_variance": 6.83555123615065e-09,
        "confidence_entropy": -2047.9999991538523
    },
    "severity_assessment": {
        "severity_index": 0.28665544101941787,
        "risk_level": "Low",
        "confidence_level": "Low"
    },
    "file_paths": {
        "prediction": "predictions/sample_00206.png",
        "heatmap": "heatmaps/sample_00206.png",
        "overlay": "overlays/sample_00206.png"
    }
}