{
    "sample_index": 196,
    "sample_id": "sample_00196",
    "dataset_index": 12521,
    "image_id": "31_37",
    "image_name": "31_37.tif",
    "region": "Vanoise",
    "temporal_baseline": "18days",
    "patch_number": "coherence",
    "coherence_path": "/kaggle/input/datasets/rishikeshgopal45/landslide-insar-isslide/ReadyToBeUsedDataset/18days/Vanoise/24Sep2018_12Oct2018/coherence/31_37.tif",
    "phase_path": "/kaggle/input/datasets/rishikeshgopal45/landslide-insar-isslide/ReadyToBeUsedDataset/18days/Vanoise/24Sep2018_12Oct2018/phase/31_37.tif",
    "ground_truth_path": "/kaggle/input/datasets/rishikeshgopal45/landslide-insar-isslide/ReadyToBeUsedDataset/18days/Vanoise/Segmentations/24Sep2018_12Oct2018/31_37.tif",
    "dataset_split": "Test",
    "analysis_date": "2026-07-06 12:43:24",
    "coherence_analysis": {
        "mean": 0.5817689895629883,
        "median": 0.6251322627067566,
        "minimum": 0.09906931966543198,
        "maximum": 0.9425542950630188,
        "std": 0.21437403559684753,
        "variance": 0.04595622420310974,
        "range": 0.8434849977493286,
        "q25": 0.3844057023525238,
        "q50": 0.6251322627067566,
        "q75": 0.7681674957275391,
        "skewness": -0.32656189799308777,
        "kurtosis": -1.2006940841674805,
        "low_coherence_percentage": 14.78,
        "medium_coherence_percentage": 46.63,
        "high_coherence_percentage": 38.59
    },
    "phase_analysis": {
        "mean": 1.9580029249191284,
        "median": 2.2255682945251465,
        "minimum": -3.136840343475342,
        "maximum": 3.137852907180786,
        "std": 1.1965843439102173,
        "variance": 1.4318140745162964,
        "range": 6.274693489074707,
        "skewness": -2.8824121952056885,
        "kurtosis": 8.526388168334961,
        "entropy": 4.556059078524149,
        "energy": 21.9839542665557,
        "gradient_mean": 0.3587336540222168,
        "gradient_std": 0.8168075680732727
    },
    "segmentation_analysis": {
        "ground_truth_area": 511,
        "predicted_area": 498,
        "difference": 13,
        "area_percentage": 4.9799999999999995,
        "dice": 0.8642220019735954,
        "iou": 0.7609075043497223,
        "precision": 0.8755020080145481,
        "recall": 0.8532289628013067,
        "specificity": 0.9934661186626689,
        "sensitivity": 0.8532289628013067,
        "accuracy": 0.9862999999990136,
        "f1_score": 0.8642220019735954,
        "average_probability": 0.0496804378926754,
        "maximum_probability": 1.0,
        "minimum_probability": 1.4264783926525146e-16
    },
    "shape_analysis": {
        "connected_components": 1,
        "largest_component": 498,
        "smallest_component": 498,
        "average_component_area": 498.0,
        "perimeter": 125.88224935531616,
        "bounding_box": [
            24,
            43,
            35,
            32
        ],
        "centroid": [
            40.15863453815261,
            57.55020080321285
        ],
        "convex_area": 668.0,
        "solidity": 0.6646706586726846,
        "aspect_ratio": 1.0937499996582032,
        "circularity": 0.3520982324835584,
        "shape_complexity": 35.689956536930396
    },
    "confidence_analysis": {
        "average_probability": 0.0496804378926754,
        "maximum_probability": 1.0,
        "minimum_probability": 1.4264783926525146e-16,
        "confidence_variance": 0.043696098029613495,
        "confidence_entropy": -1870.6611321606272
    },
    "severity_assessment": {
        "severity_index": 0.31423750862930044,
        "risk_level": "Low",
        "confidence_level": "Low"
    },
    "file_paths": {
        "prediction": "predictions/sample_00196.png",
        "heatmap": "heatmaps/sample_00196.png",
        "overlay": "overlays/sample_00196.png"
    }
}