{
    "sample_index": 973,
    "sample_id": "sample_00973",
    "dataset_index": 2214,
    "image_id": "67_39",
    "image_name": "67_39.tif",
    "region": "OutsideTheBox",
    "temporal_baseline": "6days",
    "patch_number": "coherence",
    "coherence_path": "/kaggle/input/datasets/rishikeshgopal45/landslide-insar-isslide/ReadyToBeUsedDataset/6days/OutsideTheBox/19Aug2018_25Aug2018/coherence/67_39.tif",
    "phase_path": "/kaggle/input/datasets/rishikeshgopal45/landslide-insar-isslide/ReadyToBeUsedDataset/6days/OutsideTheBox/19Aug2018_25Aug2018/phase/67_39.tif",
    "ground_truth_path": "/kaggle/input/datasets/rishikeshgopal45/landslide-insar-isslide/ReadyToBeUsedDataset/6days/OutsideTheBox/Segmentations/19Aug2018_25Aug2018/67_39.tif",
    "dataset_split": "Test",
    "analysis_date": "2026-07-06 12:43:24",
    "coherence_analysis": {
        "mean": 0.7343845367431641,
        "median": 0.7740616798400879,
        "minimum": 0.13048848509788513,
        "maximum": 0.9433601498603821,
        "std": 0.14161671698093414,
        "variance": 0.020055294036865234,
        "range": 0.8128716945648193,
        "q25": 0.6672903299331665,
        "q50": 0.7740616798400879,
        "q75": 0.8385897874832153,
        "skewness": -1.2638403177261353,
        "kurtosis": 1.4048051834106445,
        "low_coherence_percentage": 1.39,
        "medium_coherence_percentage": 29.29,
        "high_coherence_percentage": 69.32000000000001
    },
    "phase_analysis": {
        "mean": -0.4160875976085663,
        "median": -0.4347347021102905,
        "minimum": -1.2426860332489014,
        "maximum": 1.1789791584014893,
        "std": 0.4006388485431671,
        "variance": 0.16051147878170013,
        "range": 2.4216651916503906,
        "skewness": 0.4738871455192566,
        "kurtosis": 0.43123841285705566,
        "entropy": 5.046223635531802,
        "energy": 84.97173103024642,
        "gradient_mean": 0.05957317352294922,
        "gradient_std": 0.07341458648443222
    },
    "segmentation_analysis": {
        "ground_truth_area": 0,
        "predicted_area": 0,
        "difference": 0,
        "area_percentage": 0.0,
        "dice": 0.0,
        "iou": 0.0,
        "precision": 0.0,
        "recall": 0.0,
        "specificity": 0.9999999999989999,
        "sensitivity": 0.0,
        "accuracy": 0.9999999999989999,
        "f1_score": 0.0,
        "average_probability": 2.0780898921657354e-05,
        "maximum_probability": 0.000791689963079989,
        "minimum_probability": 3.077840482479388e-10
    },
    "shape_analysis": {
        "connected_components": 0,
        "largest_component": 0,
        "smallest_component": 0,
        "average_component_area": 0.0,
        "perimeter": 0.0,
        "bounding_box": [
            0,
            0,
            0,
            0
        ],
        "centroid": [
            0,
            0
        ],
        "convex_area": 0.0,
        "solidity": 0.0,
        "aspect_ratio": 0.0,
        "circularity": 0.0,
        "shape_complexity": 0.0
    },
    "confidence_analysis": {
        "average_probability": 2.0780898921657354e-05,
        "maximum_probability": 0.000791689963079989,
        "minimum_probability": 3.077840482479388e-10,
        "confidence_variance": 2.6117594753571893e-09,
        "confidence_entropy": -2047.9999991538523
    },
    "severity_assessment": {
        "severity_index": 0.12361188185058836,
        "risk_level": "Very Low",
        "confidence_level": "Low"
    },
    "file_paths": {
        "prediction": "predictions/sample_00973.png",
        "heatmap": "heatmaps/sample_00973.png",
        "overlay": "overlays/sample_00973.png"
    }
}