{
    "sample_index": 194,
    "sample_id": "sample_00194",
    "dataset_index": 1746,
    "image_id": "90_1",
    "image_name": "90_1.tif",
    "region": "OutsideTheBox",
    "temporal_baseline": "6days",
    "patch_number": "coherence",
    "coherence_path": "/kaggle/input/datasets/rishikeshgopal45/landslide-insar-isslide/ReadyToBeUsedDataset/6days/OutsideTheBox/30Sep2018_06Oct2018/coherence/90_1.tif",
    "phase_path": "/kaggle/input/datasets/rishikeshgopal45/landslide-insar-isslide/ReadyToBeUsedDataset/6days/OutsideTheBox/30Sep2018_06Oct2018/phase/90_1.tif",
    "ground_truth_path": "/kaggle/input/datasets/rishikeshgopal45/landslide-insar-isslide/ReadyToBeUsedDataset/6days/OutsideTheBox/Segmentations/30Sep2018_06Oct2018/90_1.tif",
    "dataset_split": "Test",
    "analysis_date": "2026-07-06 12:43:24",
    "coherence_analysis": {
        "mean": 0.49685508012771606,
        "median": 0.4977211356163025,
        "minimum": 0.12619461119174957,
        "maximum": 0.8364324569702148,
        "std": 0.10685180127620697,
        "variance": 0.011417306959629059,
        "range": 0.7102378606796265,
        "q25": 0.4232134521007538,
        "q50": 0.4977211356163025,
        "q75": 0.5718641877174377,
        "skewness": -0.03565092757344246,
        "kurtosis": -0.28128504753112793,
        "low_coherence_percentage": 3.42,
        "medium_coherence_percentage": 94.12,
        "high_coherence_percentage": 2.46
    },
    "phase_analysis": {
        "mean": 0.8236898183822632,
        "median": 0.7654223442077637,
        "minimum": -0.09424342960119247,
        "maximum": 1.9400818347930908,
        "std": 0.3583236038684845,
        "variance": 0.12839579582214355,
        "range": 2.034325361251831,
        "skewness": 0.26985180377960205,
        "kurtosis": -0.8486647605895996,
        "entropy": 5.098660524479806,
        "energy": 108.5962772090542,
        "gradient_mean": 0.07173621654510498,
        "gradient_std": 0.04593782126903534
    },
    "segmentation_analysis": {
        "ground_truth_area": 0,
        "predicted_area": 0,
        "difference": 0,
        "area_percentage": 0.0,
        "dice": 0.0,
        "iou": 0.0,
        "precision": 0.0,
        "recall": 0.0,
        "specificity": 0.9999999999989999,
        "sensitivity": 0.0,
        "accuracy": 0.9999999999989999,
        "f1_score": 0.0,
        "average_probability": 5.775033059762791e-05,
        "maximum_probability": 0.004925734829157591,
        "minimum_probability": 7.189780992788997e-10
    },
    "shape_analysis": {
        "connected_components": 0,
        "largest_component": 0,
        "smallest_component": 0,
        "average_component_area": 0.0,
        "perimeter": 0.0,
        "bounding_box": [
            0,
            0,
            0,
            0
        ],
        "centroid": [
            0,
            0
        ],
        "convex_area": 0.0,
        "solidity": 0.0,
        "aspect_ratio": 0.0,
        "circularity": 0.0,
        "shape_complexity": 0.0
    },
    "confidence_analysis": {
        "average_probability": 5.775033059762791e-05,
        "maximum_probability": 0.004925734829157591,
        "minimum_probability": 7.189780992788997e-10,
        "confidence_variance": 9.451695603956978e-08,
        "confidence_entropy": -2043.1343275323325
    },
    "severity_assessment": {
        "severity_index": 0.17854591151199534,
        "risk_level": "Very Low",
        "confidence_level": "Low"
    },
    "file_paths": {
        "prediction": "predictions/sample_00194.png",
        "heatmap": "heatmaps/sample_00194.png",
        "overlay": "overlays/sample_00194.png"
    }
}