{
    "sample_index": 1406,
    "sample_id": "sample_01406",
    "dataset_index": 6957,
    "image_id": "160_56",
    "image_name": "160_56.tif",
    "region": "QueyrasPark",
    "temporal_baseline": "12days",
    "patch_number": "coherence",
    "coherence_path": "/kaggle/input/datasets/rishikeshgopal45/landslide-insar-isslide/ReadyToBeUsedDataset/12days/QueyrasPark/12Oct2018_24Oct2018/coherence/160_56.tif",
    "phase_path": "/kaggle/input/datasets/rishikeshgopal45/landslide-insar-isslide/ReadyToBeUsedDataset/12days/QueyrasPark/12Oct2018_24Oct2018/phase/160_56.tif",
    "ground_truth_path": "/kaggle/input/datasets/rishikeshgopal45/landslide-insar-isslide/ReadyToBeUsedDataset/12days/QueyrasPark/Segmentations/12Oct2018_24Oct2018/160_56.tif",
    "dataset_split": "Test",
    "analysis_date": "2026-07-06 12:43:24",
    "coherence_analysis": {
        "mean": 0.27304893732070923,
        "median": 0.2538051903247833,
        "minimum": 0.08168281614780426,
        "maximum": 0.7855170965194702,
        "std": 0.09234174340963364,
        "variance": 0.00852699764072895,
        "range": 0.7038342952728271,
        "q25": 0.20613743364810944,
        "q50": 0.2538051903247833,
        "q75": 0.32308441400527954,
        "skewness": 1.0499022006988525,
        "kurtosis": 1.4254851341247559,
        "low_coherence_percentage": 68.26,
        "medium_coherence_percentage": 31.669999999999998,
        "high_coherence_percentage": 0.06999999999999999
    },
    "phase_analysis": {
        "mean": 0.49736425280570984,
        "median": 1.0245343446731567,
        "minimum": -3.141575574874878,
        "maximum": 3.139699697494507,
        "std": 1.8869540691375732,
        "variance": 3.560595750808716,
        "range": 6.281275272369385,
        "skewness": -0.45954975485801697,
        "kurtosis": -1.0754835605621338,
        "entropy": 5.407560555715827,
        "energy": 8.341585538907799,
        "gradient_mean": 1.2808070182800293,
        "gradient_std": 1.0338643789291382
    },
    "segmentation_analysis": {
        "ground_truth_area": 0,
        "predicted_area": 0,
        "difference": 0,
        "area_percentage": 0.0,
        "dice": 0.0,
        "iou": 0.0,
        "precision": 0.0,
        "recall": 0.0,
        "specificity": 0.9999999999989999,
        "sensitivity": 0.0,
        "accuracy": 0.9999999999989999,
        "f1_score": 0.0,
        "average_probability": 1.122257253882708e-05,
        "maximum_probability": 0.0003004097961820662,
        "minimum_probability": 1.3920214314566692e-08
    },
    "shape_analysis": {
        "connected_components": 0,
        "largest_component": 0,
        "smallest_component": 0,
        "average_component_area": 0.0,
        "perimeter": 0.0,
        "bounding_box": [
            0,
            0,
            0,
            0
        ],
        "centroid": [
            0,
            0
        ],
        "convex_area": 0.0,
        "solidity": 0.0,
        "aspect_ratio": 0.0,
        "circularity": 0.0,
        "shape_complexity": 0.0
    },
    "confidence_analysis": {
        "average_probability": 1.122257253882708e-05,
        "maximum_probability": 0.0003004097961820662,
        "minimum_probability": 1.3920214314566692e-08,
        "confidence_variance": 3.2217339906992493e-10,
        "confidence_entropy": -2047.9999991538523
    },
    "severity_assessment": {
        "severity_index": 0.3124605983819668,
        "risk_level": "Low",
        "confidence_level": "Low"
    },
    "file_paths": {
        "prediction": "predictions/sample_01406.png",
        "heatmap": "heatmaps/sample_01406.png",
        "overlay": "overlays/sample_01406.png"
    }
}