{
    "sample_index": 1893,
    "sample_id": "sample_01893",
    "dataset_index": 7429,
    "image_id": "150_65",
    "image_name": "150_65.tif",
    "region": "QueyrasPark",
    "temporal_baseline": "12days",
    "patch_number": "coherence",
    "coherence_path": "/kaggle/input/datasets/rishikeshgopal45/landslide-insar-isslide/ReadyToBeUsedDataset/12days/QueyrasPark/31Aug2018_12Sep2018/coherence/150_65.tif",
    "phase_path": "/kaggle/input/datasets/rishikeshgopal45/landslide-insar-isslide/ReadyToBeUsedDataset/12days/QueyrasPark/31Aug2018_12Sep2018/phase/150_65.tif",
    "ground_truth_path": "/kaggle/input/datasets/rishikeshgopal45/landslide-insar-isslide/ReadyToBeUsedDataset/12days/QueyrasPark/Segmentations/31Aug2018_12Sep2018/150_65.tif",
    "dataset_split": "Test",
    "analysis_date": "2026-07-06 12:43:24",
    "coherence_analysis": {
        "mean": 0.6509368419647217,
        "median": 0.6745445728302002,
        "minimum": 0.14377129077911377,
        "maximum": 0.923244059085846,
        "std": 0.14252597093582153,
        "variance": 0.020313654094934464,
        "range": 0.7794727683067322,
        "q25": 0.5671717524528503,
        "q50": 0.6745445728302002,
        "q75": 0.7609305381774902,
        "skewness": -0.7854195833206177,
        "kurtosis": 0.28209710121154785,
        "low_coherence_percentage": 2.37,
        "medium_coherence_percentage": 54.74,
        "high_coherence_percentage": 42.89
    },
    "phase_analysis": {
        "mean": -1.6080759763717651,
        "median": -1.582419753074646,
        "minimum": -3.141507625579834,
        "maximum": 3.134202480316162,
        "std": 0.8896951675415039,
        "variance": 0.7915574908256531,
        "range": 6.275710105895996,
        "skewness": 3.1879165172576904,
        "kurtosis": 14.31010627746582,
        "entropy": 4.232859264379911,
        "energy": 33.50597022655124,
        "gradient_mean": 0.2273736149072647,
        "gradient_std": 0.642653226852417
    },
    "segmentation_analysis": {
        "ground_truth_area": 90,
        "predicted_area": 79,
        "difference": 11,
        "area_percentage": 0.79,
        "dice": 0.7810650887111795,
        "iou": 0.6407766989669149,
        "precision": 0.8354430378689314,
        "recall": 0.7333333332518519,
        "specificity": 0.9986881937426854,
        "sensitivity": 0.7333333332518519,
        "accuracy": 0.9962999999990036,
        "f1_score": 0.7810650887111795,
        "average_probability": 0.008161617442965508,
        "maximum_probability": 0.9999979734420776,
        "minimum_probability": 6.734452079611685e-18
    },
    "shape_analysis": {
        "connected_components": 1,
        "largest_component": 79,
        "smallest_component": 79,
        "average_component_area": 79.0,
        "perimeter": 39.899494767189026,
        "bounding_box": [
            58,
            94,
            18,
            6
        ],
        "centroid": [
            67.11392405063292,
            97.17721518987342
        ],
        "convex_area": 64.0,
        "solidity": 0.9296874998547364,
        "aspect_ratio": 2.999999995,
        "circularity": 0.4696691524253124,
        "shape_complexity": 26.755792981670364
    },
    "confidence_analysis": {
        "average_probability": 0.008161617442965508,
        "maximum_probability": 0.9999979734420776,
        "minimum_probability": 6.734452079611685e-18,
        "confidence_variance": 0.007363453507423401,
        "confidence_entropy": -1993.1207685671332
    },
    "severity_assessment": {
        "severity_index": 0.25391028751895206,
        "risk_level": "Low",
        "confidence_level": "Low"
    },
    "file_paths": {
        "prediction": "predictions/sample_01893.png",
        "heatmap": "heatmaps/sample_01893.png",
        "overlay": "overlays/sample_01893.png"
    }
}