{
    "sample_index": 779,
    "sample_id": "sample_00779",
    "dataset_index": 4859,
    "image_id": "133_2",
    "image_name": "133_2.tif",
    "region": "EcrinPark",
    "temporal_baseline": "12days",
    "patch_number": "coherence",
    "coherence_path": "/kaggle/input/datasets/rishikeshgopal45/landslide-insar-isslide/ReadyToBeUsedDataset/12days/EcrinPark/19Aug2018_31Aug2018/coherence/133_2.tif",
    "phase_path": "/kaggle/input/datasets/rishikeshgopal45/landslide-insar-isslide/ReadyToBeUsedDataset/12days/EcrinPark/19Aug2018_31Aug2018/phase/133_2.tif",
    "ground_truth_path": "/kaggle/input/datasets/rishikeshgopal45/landslide-insar-isslide/ReadyToBeUsedDataset/12days/EcrinPark/Segmentations/19Aug2018_31Aug2018/133_2.tif",
    "dataset_split": "Test",
    "analysis_date": "2026-07-06 12:43:24",
    "coherence_analysis": {
        "mean": 0.5441250801086426,
        "median": 0.5724000930786133,
        "minimum": 0.12810930609703064,
        "maximum": 0.912120521068573,
        "std": 0.1971794217824936,
        "variance": 0.038879722356796265,
        "range": 0.7840112447738647,
        "q25": 0.36431485414505005,
        "q50": 0.5724000930786133,
        "q75": 0.7148529887199402,
        "skewness": -0.18553966283798218,
        "kurtosis": -1.2075563669204712,
        "low_coherence_percentage": 15.590000000000002,
        "medium_coherence_percentage": 56.43,
        "high_coherence_percentage": 27.98
    },
    "phase_analysis": {
        "mean": 1.5874396562576294,
        "median": 1.8188674449920654,
        "minimum": -3.132798671722412,
        "maximum": 3.1339211463928223,
        "std": 1.0770273208618164,
        "variance": 1.1599879264831543,
        "range": 6.266719818115234,
        "skewness": -2.885505437850952,
        "kurtosis": 9.06490421295166,
        "entropy": 4.389629698074292,
        "energy": 26.032493746759386,
        "gradient_mean": 0.36261236667633057,
        "gradient_std": 0.7166709899902344
    },
    "segmentation_analysis": {
        "ground_truth_area": 0,
        "predicted_area": 0,
        "difference": 0,
        "area_percentage": 0.0,
        "dice": 0.0,
        "iou": 0.0,
        "precision": 0.0,
        "recall": 0.0,
        "specificity": 0.9999999999989999,
        "sensitivity": 0.0,
        "accuracy": 0.9999999999989999,
        "f1_score": 0.0,
        "average_probability": 2.337601108592935e-05,
        "maximum_probability": 0.0018006362952291965,
        "minimum_probability": 9.808234086028378e-11
    },
    "shape_analysis": {
        "connected_components": 0,
        "largest_component": 0,
        "smallest_component": 0,
        "average_component_area": 0.0,
        "perimeter": 0.0,
        "bounding_box": [
            0,
            0,
            0,
            0
        ],
        "centroid": [
            0,
            0
        ],
        "convex_area": 0.0,
        "solidity": 0.0,
        "aspect_ratio": 0.0,
        "circularity": 0.0,
        "shape_complexity": 0.0
    },
    "confidence_analysis": {
        "average_probability": 2.337601108592935e-05,
        "maximum_probability": 0.0018006362952291965,
        "minimum_probability": 9.808234086028378e-11,
        "confidence_variance": 8.491673142430045e-09,
        "confidence_entropy": -2047.9999991538523
    },
    "severity_assessment": {
        "severity_index": 0.21767726669203163,
        "risk_level": "Low",
        "confidence_level": "Low"
    },
    "file_paths": {
        "prediction": "predictions/sample_00779.png",
        "heatmap": "heatmaps/sample_00779.png",
        "overlay": "overlays/sample_00779.png"
    }
}