{
    "sample_index": 848,
    "sample_id": "sample_00848",
    "dataset_index": 10729,
    "image_id": "81_35",
    "image_name": "81_35.tif",
    "region": "OutsideTheBox",
    "temporal_baseline": "18days",
    "patch_number": "coherence",
    "coherence_path": "/kaggle/input/datasets/rishikeshgopal45/landslide-insar-isslide/ReadyToBeUsedDataset/18days/OutsideTheBox/19Aug2018_06Sep2018/coherence/81_35.tif",
    "phase_path": "/kaggle/input/datasets/rishikeshgopal45/landslide-insar-isslide/ReadyToBeUsedDataset/18days/OutsideTheBox/19Aug2018_06Sep2018/phase/81_35.tif",
    "ground_truth_path": "/kaggle/input/datasets/rishikeshgopal45/landslide-insar-isslide/ReadyToBeUsedDataset/18days/OutsideTheBox/Segmentations/19Aug2018_06Sep2018/81_35.tif",
    "dataset_split": "Test",
    "analysis_date": "2026-07-06 12:43:24",
    "coherence_analysis": {
        "mean": 0.5679954290390015,
        "median": 0.5812332630157471,
        "minimum": 0.08622482419013977,
        "maximum": 0.9284120798110962,
        "std": 0.19205118715763092,
        "variance": 0.03688365966081619,
        "range": 0.8421872854232788,
        "q25": 0.41578397154808044,
        "q50": 0.5812332630157471,
        "q75": 0.7296503782272339,
        "skewness": -0.20590798556804657,
        "kurtosis": -1.0084643363952637,
        "low_coherence_percentage": 11.219999999999999,
        "medium_coherence_percentage": 58.489999999999995,
        "high_coherence_percentage": 30.29
    },
    "phase_analysis": {
        "mean": 1.704671859741211,
        "median": 1.9353199005126953,
        "minimum": -3.138012170791626,
        "maximum": 3.104426383972168,
        "std": 0.9925976395606995,
        "variance": 0.9852501153945923,
        "range": 6.242438316345215,
        "skewness": -3.009150743484497,
        "kurtosis": 10.157715797424316,
        "entropy": 4.481109656514123,
        "energy": 25.878961906689167,
        "gradient_mean": 0.21423408389091492,
        "gradient_std": 0.5499474406242371
    },
    "segmentation_analysis": {
        "ground_truth_area": 905,
        "predicted_area": 917,
        "difference": 12,
        "area_percentage": 9.17,
        "dice": 0.9045005488424561,
        "iou": 0.8256513025969373,
        "precision": 0.8985823336870383,
        "recall": 0.910497237559,
        "specificity": 0.9897746014282685,
        "sensitivity": 0.910497237559,
        "accuracy": 0.9825999999990174,
        "f1_score": 0.9045005488424561,
        "average_probability": 0.09169460088014603,
        "maximum_probability": 1.0,
        "minimum_probability": 2.492663777303226e-17
    },
    "shape_analysis": {
        "connected_components": 2,
        "largest_component": 473,
        "smallest_component": 444,
        "average_component_area": 458.5,
        "perimeter": 92.87005722522736,
        "bounding_box": [
            0,
            62,
            21,
            32
        ],
        "centroid": [
            7.608879492600423,
            79.80126849894292
        ],
        "convex_area": 458.0,
        "solidity": 0.9377729257437167,
        "aspect_ratio": 0.6562499997949218,
        "circularity": 0.6257798947404866,
        "shape_complexity": 20.08113510783747
    },
    "confidence_analysis": {
        "average_probability": 0.09169460088014603,
        "maximum_probability": 1.0,
        "minimum_probability": 2.492663777303226e-17,
        "confidence_variance": 0.07857388257980347,
        "confidence_entropy": -1795.2288733539228
    },
    "severity_assessment": {
        "severity_index": 0.29703289705212926,
        "risk_level": "Low",
        "confidence_level": "Low"
    },
    "file_paths": {
        "prediction": "predictions/sample_00848.png",
        "heatmap": "heatmaps/sample_00848.png",
        "overlay": "overlays/sample_00848.png"
    }
}