{
    "sample_index": 262,
    "sample_id": "sample_00262",
    "dataset_index": 9673,
    "image_id": "47_48",
    "image_name": "47_48.tif",
    "region": "OutsideTheBox",
    "temporal_baseline": "18days",
    "patch_number": "coherence",
    "coherence_path": "/kaggle/input/datasets/rishikeshgopal45/landslide-insar-isslide/ReadyToBeUsedDataset/18days/OutsideTheBox/01Aug2018_19Aug2018/coherence/47_48.tif",
    "phase_path": "/kaggle/input/datasets/rishikeshgopal45/landslide-insar-isslide/ReadyToBeUsedDataset/18days/OutsideTheBox/01Aug2018_19Aug2018/phase/47_48.tif",
    "ground_truth_path": "/kaggle/input/datasets/rishikeshgopal45/landslide-insar-isslide/ReadyToBeUsedDataset/18days/OutsideTheBox/Segmentations/01Aug2018_19Aug2018/47_48.tif",
    "dataset_split": "Test",
    "analysis_date": "2026-07-06 12:43:24",
    "coherence_analysis": {
        "mean": 0.5985873937606812,
        "median": 0.61334228515625,
        "minimum": 0.13401858508586884,
        "maximum": 0.8979317545890808,
        "std": 0.13782356679439545,
        "variance": 0.018995337188243866,
        "range": 0.7639131546020508,
        "q25": 0.5084178447723389,
        "q50": 0.61334228515625,
        "q75": 0.7026017308235168,
        "skewness": -0.49170345067977905,
        "kurtosis": -0.190596342086792,
        "low_coherence_percentage": 2.48,
        "medium_coherence_percentage": 71.61999999999999,
        "high_coherence_percentage": 25.900000000000002
    },
    "phase_analysis": {
        "mean": -2.1813862323760986,
        "median": -2.1949081420898438,
        "minimum": -3.117440700531006,
        "maximum": 3.115581512451172,
        "std": 0.417805552482605,
        "variance": 0.17456147074699402,
        "range": 6.233022212982178,
        "skewness": 1.5171433687210083,
        "kurtosis": 17.333755493164062,
        "entropy": 4.147863043545764,
        "energy": 31.814966197774403,
        "gradient_mean": 0.07808580249547958,
        "gradient_std": 0.1500818282365799
    },
    "segmentation_analysis": {
        "ground_truth_area": 0,
        "predicted_area": 0,
        "difference": 0,
        "area_percentage": 0.0,
        "dice": 0.0,
        "iou": 0.0,
        "precision": 0.0,
        "recall": 0.0,
        "specificity": 0.9999999999989999,
        "sensitivity": 0.0,
        "accuracy": 0.9999999999989999,
        "f1_score": 0.0,
        "average_probability": 0.0003031155210919678,
        "maximum_probability": 0.03180588409304619,
        "minimum_probability": 1.1513538039631399e-10
    },
    "shape_analysis": {
        "connected_components": 0,
        "largest_component": 0,
        "smallest_component": 0,
        "average_component_area": 0.0,
        "perimeter": 0.0,
        "bounding_box": [
            0,
            0,
            0,
            0
        ],
        "centroid": [
            0,
            0
        ],
        "convex_area": 0.0,
        "solidity": 0.0,
        "aspect_ratio": 0.0,
        "circularity": 0.0,
        "shape_complexity": 0.0
    },
    "confidence_analysis": {
        "average_probability": 0.0003031155210919678,
        "maximum_probability": 0.03180588409304619,
        "minimum_probability": 1.1513538039631399e-10,
        "confidence_variance": 5.0575495151861105e-06,
        "confidence_entropy": -2004.6360974604884
    },
    "severity_assessment": {
        "severity_index": 0.15929008430790922,
        "risk_level": "Very Low",
        "confidence_level": "Low"
    },
    "file_paths": {
        "prediction": "predictions/sample_00262.png",
        "heatmap": "heatmaps/sample_00262.png",
        "overlay": "overlays/sample_00262.png"
    }
}