{
    "sample_index": 1080,
    "sample_id": "sample_01080",
    "dataset_index": 3083,
    "image_id": "193_49",
    "image_name": "193_49.tif",
    "region": "QueyrasPark",
    "temporal_baseline": "6days",
    "patch_number": "coherence",
    "coherence_path": "/kaggle/input/datasets/rishikeshgopal45/landslide-insar-isslide/ReadyToBeUsedDataset/6days/QueyrasPark/12Oct2018_18Oct2018/coherence/193_49.tif",
    "phase_path": "/kaggle/input/datasets/rishikeshgopal45/landslide-insar-isslide/ReadyToBeUsedDataset/6days/QueyrasPark/12Oct2018_18Oct2018/phase/193_49.tif",
    "ground_truth_path": "/kaggle/input/datasets/rishikeshgopal45/landslide-insar-isslide/ReadyToBeUsedDataset/6days/QueyrasPark/Segmentations/12Oct2018_18Oct2018/193_49.tif",
    "dataset_split": "Test",
    "analysis_date": "2026-07-06 12:43:24",
    "coherence_analysis": {
        "mean": 0.5510271191596985,
        "median": 0.5471961498260498,
        "minimum": 0.09319658577442169,
        "maximum": 0.9563345909118652,
        "std": 0.2708542048931122,
        "variance": 0.07336199283599854,
        "range": 0.8631380200386047,
        "q25": 0.28032219409942627,
        "q50": 0.5471961498260498,
        "q75": 0.829645574092865,
        "skewness": -0.017246689647436142,
        "kurtosis": -1.6843281984329224,
        "low_coherence_percentage": 29.060000000000002,
        "medium_coherence_percentage": 28.02,
        "high_coherence_percentage": 42.92
    },
    "phase_analysis": {
        "mean": 1.6019682884216309,
        "median": 2.5337069034576416,
        "minimum": -3.14155912399292,
        "maximum": 3.1412179470062256,
        "std": 2.0079123973846436,
        "variance": 4.031712532043457,
        "range": 6.282776832580566,
        "skewness": -1.5451593399047852,
        "kurtosis": 0.6662707328796387,
        "entropy": 4.401785774007092,
        "energy": 31.90018570102102,
        "gradient_mean": 0.79677414894104,
        "gradient_std": 1.238302230834961
    },
    "segmentation_analysis": {
        "ground_truth_area": 0,
        "predicted_area": 0,
        "difference": 0,
        "area_percentage": 0.0,
        "dice": 0.0,
        "iou": 0.0,
        "precision": 0.0,
        "recall": 0.0,
        "specificity": 0.9999999999989999,
        "sensitivity": 0.0,
        "accuracy": 0.9999999999989999,
        "f1_score": 0.0,
        "average_probability": 1.5387258827104233e-05,
        "maximum_probability": 0.0011933225905522704,
        "minimum_probability": 4.300781064614512e-09
    },
    "shape_analysis": {
        "connected_components": 0,
        "largest_component": 0,
        "smallest_component": 0,
        "average_component_area": 0.0,
        "perimeter": 0.0,
        "bounding_box": [
            0,
            0,
            0,
            0
        ],
        "centroid": [
            0,
            0
        ],
        "convex_area": 0.0,
        "solidity": 0.0,
        "aspect_ratio": 0.0,
        "circularity": 0.0,
        "shape_complexity": 0.0
    },
    "confidence_analysis": {
        "average_probability": 1.5387258827104233e-05,
        "maximum_probability": 0.0011933225905522704,
        "minimum_probability": 4.300781064614512e-09,
        "confidence_variance": 1.904022495224922e-09,
        "confidence_entropy": -2047.9999991538523
    },
    "severity_assessment": {
        "severity_index": 0.2457519220679159,
        "risk_level": "Low",
        "confidence_level": "Low"
    },
    "file_paths": {
        "prediction": "predictions/sample_01080.png",
        "heatmap": "heatmaps/sample_01080.png",
        "overlay": "overlays/sample_01080.png"
    }
}