{
    "sample_index": 1096,
    "sample_id": "sample_01096",
    "dataset_index": 3037,
    "image_id": "155_41",
    "image_name": "155_41.tif",
    "region": "QueyrasPark",
    "temporal_baseline": "6days",
    "patch_number": "coherence",
    "coherence_path": "/kaggle/input/datasets/rishikeshgopal45/landslide-insar-isslide/ReadyToBeUsedDataset/6days/QueyrasPark/12Oct2018_18Oct2018/coherence/155_41.tif",
    "phase_path": "/kaggle/input/datasets/rishikeshgopal45/landslide-insar-isslide/ReadyToBeUsedDataset/6days/QueyrasPark/12Oct2018_18Oct2018/phase/155_41.tif",
    "ground_truth_path": "/kaggle/input/datasets/rishikeshgopal45/landslide-insar-isslide/ReadyToBeUsedDataset/6days/QueyrasPark/Segmentations/12Oct2018_18Oct2018/155_41.tif",
    "dataset_split": "Test",
    "analysis_date": "2026-07-06 12:43:24",
    "coherence_analysis": {
        "mean": 0.4411853551864624,
        "median": 0.3639068603515625,
        "minimum": 0.10658057779073715,
        "maximum": 0.9420702457427979,
        "std": 0.2192286103963852,
        "variance": 0.04806118458509445,
        "range": 0.8354896903038025,
        "q25": 0.2616170644760132,
        "q50": 0.3639068603515625,
        "q75": 0.6422154903411865,
        "skewness": 0.6130478382110596,
        "kurtosis": -1.0282062292099,
        "low_coherence_percentage": 36.919999999999995,
        "medium_coherence_percentage": 42.78,
        "high_coherence_percentage": 20.3
    },
    "phase_analysis": {
        "mean": -0.8568222522735596,
        "median": -2.244511604309082,
        "minimum": -3.1376378536224365,
        "maximum": 3.1385610103607178,
        "std": 2.2345733642578125,
        "variance": 4.9933180809021,
        "range": 6.276198863983154,
        "skewness": 0.6534265279769897,
        "kurtosis": -1.2310278415679932,
        "entropy": 4.979894432781312,
        "energy": 16.93103989105662,
        "gradient_mean": 1.044754147529602,
        "gradient_std": 1.1907199621200562
    },
    "segmentation_analysis": {
        "ground_truth_area": 0,
        "predicted_area": 0,
        "difference": 0,
        "area_percentage": 0.0,
        "dice": 0.0,
        "iou": 0.0,
        "precision": 0.0,
        "recall": 0.0,
        "specificity": 0.9999999999989999,
        "sensitivity": 0.0,
        "accuracy": 0.9999999999989999,
        "f1_score": 0.0,
        "average_probability": 1.1083699973823968e-05,
        "maximum_probability": 0.00020055161439813673,
        "minimum_probability": 9.288208424607092e-09
    },
    "shape_analysis": {
        "connected_components": 0,
        "largest_component": 0,
        "smallest_component": 0,
        "average_component_area": 0.0,
        "perimeter": 0.0,
        "bounding_box": [
            0,
            0,
            0,
            0
        ],
        "centroid": [
            0,
            0
        ],
        "convex_area": 0.0,
        "solidity": 0.0,
        "aspect_ratio": 0.0,
        "circularity": 0.0,
        "shape_complexity": 0.0
    },
    "confidence_analysis": {
        "average_probability": 1.1083699973823968e-05,
        "maximum_probability": 0.00020055161439813673,
        "minimum_probability": 9.288208424607092e-09,
        "confidence_variance": 2.5360882838221244e-10,
        "confidence_entropy": -2047.9999991538523
    },
    "severity_assessment": {
        "severity_index": 0.27787170456576127,
        "risk_level": "Low",
        "confidence_level": "Low"
    },
    "file_paths": {
        "prediction": "predictions/sample_01096.png",
        "heatmap": "heatmaps/sample_01096.png",
        "overlay": "overlays/sample_01096.png"
    }
}