{
    "sample_index": 851,
    "sample_id": "sample_00851",
    "dataset_index": 10303,
    "image_id": "75_9",
    "image_name": "75_9.tif",
    "region": "OutsideTheBox",
    "temporal_baseline": "18days",
    "patch_number": "coherence",
    "coherence_path": "/kaggle/input/datasets/rishikeshgopal45/landslide-insar-isslide/ReadyToBeUsedDataset/18days/OutsideTheBox/30Sep2018_18Oct2018/coherence/75_9.tif",
    "phase_path": "/kaggle/input/datasets/rishikeshgopal45/landslide-insar-isslide/ReadyToBeUsedDataset/18days/OutsideTheBox/30Sep2018_18Oct2018/phase/75_9.tif",
    "ground_truth_path": "/kaggle/input/datasets/rishikeshgopal45/landslide-insar-isslide/ReadyToBeUsedDataset/18days/OutsideTheBox/Segmentations/30Sep2018_18Oct2018/75_9.tif",
    "dataset_split": "Test",
    "analysis_date": "2026-07-06 12:43:24",
    "coherence_analysis": {
        "mean": 0.3008079528808594,
        "median": 0.269143670797348,
        "minimum": 0.09126786887645721,
        "maximum": 0.8096295595169067,
        "std": 0.11852383613586426,
        "variance": 0.014047899283468723,
        "range": 0.7183616757392883,
        "q25": 0.21622124314308167,
        "q50": 0.269143670797348,
        "q75": 0.3546437919139862,
        "skewness": 1.2533413171768188,
        "kurtosis": 1.5418286323547363,
        "low_coherence_percentage": 60.980000000000004,
        "medium_coherence_percentage": 38.14,
        "high_coherence_percentage": 0.88
    },
    "phase_analysis": {
        "mean": 0.2364625483751297,
        "median": 0.4144751727581024,
        "minimum": -3.1309657096862793,
        "maximum": 3.1374409198760986,
        "std": 1.262466549873352,
        "variance": 1.5938218832015991,
        "range": 6.268406867980957,
        "skewness": -0.4647449254989624,
        "kurtosis": 0.1960766315460205,
        "entropy": 5.21236930406376,
        "energy": 11.65290038896351,
        "gradient_mean": 0.7311596274375916,
        "gradient_std": 0.7799624800682068
    },
    "segmentation_analysis": {
        "ground_truth_area": 0,
        "predicted_area": 0,
        "difference": 0,
        "area_percentage": 0.0,
        "dice": 0.0,
        "iou": 0.0,
        "precision": 0.0,
        "recall": 0.0,
        "specificity": 0.9999999999989999,
        "sensitivity": 0.0,
        "accuracy": 0.9999999999989999,
        "f1_score": 0.0,
        "average_probability": 4.7744466428412125e-05,
        "maximum_probability": 0.007684552576392889,
        "minimum_probability": 3.1669542543966145e-09
    },
    "shape_analysis": {
        "connected_components": 0,
        "largest_component": 0,
        "smallest_component": 0,
        "average_component_area": 0.0,
        "perimeter": 0.0,
        "bounding_box": [
            0,
            0,
            0,
            0
        ],
        "centroid": [
            0,
            0
        ],
        "convex_area": 0.0,
        "solidity": 0.0,
        "aspect_ratio": 0.0,
        "circularity": 0.0,
        "shape_complexity": 0.0
    },
    "confidence_analysis": {
        "average_probability": 4.7744466428412125e-05,
        "maximum_probability": 0.007684552576392889,
        "minimum_probability": 3.1669542543966145e-09,
        "confidence_variance": 8.390495054300118e-08,
        "confidence_entropy": -2044.0855392541077
    },
    "severity_assessment": {
        "severity_index": 0.2863989147804525,
        "risk_level": "Low",
        "confidence_level": "Low"
    },
    "file_paths": {
        "prediction": "predictions/sample_00851.png",
        "heatmap": "heatmaps/sample_00851.png",
        "overlay": "overlays/sample_00851.png"
    }
}