{
    "sample_index": 1821,
    "sample_id": "sample_01821",
    "dataset_index": 11064,
    "image_id": "80_78",
    "image_name": "80_78.tif",
    "region": "OutsideTheBox",
    "temporal_baseline": "18days",
    "patch_number": "coherence",
    "coherence_path": "/kaggle/input/datasets/rishikeshgopal45/landslide-insar-isslide/ReadyToBeUsedDataset/18days/OutsideTheBox/25Aug2018_12Sep2018/coherence/80_78.tif",
    "phase_path": "/kaggle/input/datasets/rishikeshgopal45/landslide-insar-isslide/ReadyToBeUsedDataset/18days/OutsideTheBox/25Aug2018_12Sep2018/phase/80_78.tif",
    "ground_truth_path": "/kaggle/input/datasets/rishikeshgopal45/landslide-insar-isslide/ReadyToBeUsedDataset/18days/OutsideTheBox/Segmentations/25Aug2018_12Sep2018/80_78.tif",
    "dataset_split": "Test",
    "analysis_date": "2026-07-06 12:43:24",
    "coherence_analysis": {
        "mean": 0.6397132873535156,
        "median": 0.6430051922798157,
        "minimum": 0.1559746116399765,
        "maximum": 0.9628794193267822,
        "std": 0.1529666781425476,
        "variance": 0.023398803547024727,
        "range": 0.8069047927856445,
        "q25": 0.5336897969245911,
        "q50": 0.6430051922798157,
        "q75": 0.7535191178321838,
        "skewness": -0.21789805591106415,
        "kurtosis": -0.44586992263793945,
        "low_coherence_percentage": 1.55,
        "medium_coherence_percentage": 62.480000000000004,
        "high_coherence_percentage": 35.97
    },
    "phase_analysis": {
        "mean": -2.1481473445892334,
        "median": -2.1260526180267334,
        "minimum": -3.138129711151123,
        "maximum": 3.1371123790740967,
        "std": 0.5609132647514343,
        "variance": 0.3146236836910248,
        "range": 6.275241851806641,
        "skewness": 5.9127631187438965,
        "kurtosis": 52.37116622924805,
        "entropy": 3.939568618274629,
        "energy": 38.877341835627256,
        "gradient_mean": 0.10363643616437912,
        "gradient_std": 0.3621929883956909
    },
    "segmentation_analysis": {
        "ground_truth_area": 0,
        "predicted_area": 0,
        "difference": 0,
        "area_percentage": 0.0,
        "dice": 0.0,
        "iou": 0.0,
        "precision": 0.0,
        "recall": 0.0,
        "specificity": 0.9999999999989999,
        "sensitivity": 0.0,
        "accuracy": 0.9999999999989999,
        "f1_score": 0.0,
        "average_probability": 1.3009251233597752e-05,
        "maximum_probability": 0.0018514584517106414,
        "minimum_probability": 1.525909953947746e-10
    },
    "shape_analysis": {
        "connected_components": 0,
        "largest_component": 0,
        "smallest_component": 0,
        "average_component_area": 0.0,
        "perimeter": 0.0,
        "bounding_box": [
            0,
            0,
            0,
            0
        ],
        "centroid": [
            0,
            0
        ],
        "convex_area": 0.0,
        "solidity": 0.0,
        "aspect_ratio": 0.0,
        "circularity": 0.0,
        "shape_complexity": 0.0
    },
    "confidence_analysis": {
        "average_probability": 1.3009251233597752e-05,
        "maximum_probability": 0.0018514584517106414,
        "minimum_probability": 1.525909953947746e-10,
        "confidence_variance": 4.175890744306798e-09,
        "confidence_entropy": -2047.9999991538523
    },
    "severity_assessment": {
        "severity_index": 0.16194156067437637,
        "risk_level": "Very Low",
        "confidence_level": "Low"
    },
    "file_paths": {
        "prediction": "predictions/sample_01821.png",
        "heatmap": "heatmaps/sample_01821.png",
        "overlay": "overlays/sample_01821.png"
    }
}