{
    "sample_index": 1725,
    "sample_id": "sample_01725",
    "dataset_index": 10765,
    "image_id": "47_48",
    "image_name": "47_48.tif",
    "region": "OutsideTheBox",
    "temporal_baseline": "18days",
    "patch_number": "coherence",
    "coherence_path": "/kaggle/input/datasets/rishikeshgopal45/landslide-insar-isslide/ReadyToBeUsedDataset/18days/OutsideTheBox/14Jul2018_01Aug2018/coherence/47_48.tif",
    "phase_path": "/kaggle/input/datasets/rishikeshgopal45/landslide-insar-isslide/ReadyToBeUsedDataset/18days/OutsideTheBox/14Jul2018_01Aug2018/phase/47_48.tif",
    "ground_truth_path": "/kaggle/input/datasets/rishikeshgopal45/landslide-insar-isslide/ReadyToBeUsedDataset/18days/OutsideTheBox/Segmentations/14Jul2018_01Aug2018/47_48.tif",
    "dataset_split": "Test",
    "analysis_date": "2026-07-06 12:43:24",
    "coherence_analysis": {
        "mean": 0.4935861825942993,
        "median": 0.500152587890625,
        "minimum": 0.09296301007270813,
        "maximum": 0.9377932548522949,
        "std": 0.172337606549263,
        "variance": 0.029700249433517456,
        "range": 0.8448302745819092,
        "q25": 0.36015230417251587,
        "q50": 0.500152587890625,
        "q75": 0.6251204013824463,
        "skewness": -0.04154187813401222,
        "kurtosis": -0.7788984775543213,
        "low_coherence_percentage": 16.28,
        "medium_coherence_percentage": 71.78999999999999,
        "high_coherence_percentage": 11.93
    },
    "phase_analysis": {
        "mean": -1.534591794013977,
        "median": -2.0953266620635986,
        "minimum": -3.1348249912261963,
        "maximum": 3.1405420303344727,
        "std": 1.757895588874817,
        "variance": 3.0901968479156494,
        "range": 6.27536678314209,
        "skewness": 1.8753212690353394,
        "kurtosis": 2.0,
        "entropy": 4.5280183159246725,
        "energy": 21.794943922221933,
        "gradient_mean": 0.5150023698806763,
        "gradient_std": 1.0073893070220947
    },
    "segmentation_analysis": {
        "ground_truth_area": 0,
        "predicted_area": 0,
        "difference": 0,
        "area_percentage": 0.0,
        "dice": 0.0,
        "iou": 0.0,
        "precision": 0.0,
        "recall": 0.0,
        "specificity": 0.9999999999989999,
        "sensitivity": 0.0,
        "accuracy": 0.9999999999989999,
        "f1_score": 0.0,
        "average_probability": 3.9261281926883385e-05,
        "maximum_probability": 0.0010722842998802662,
        "minimum_probability": 2.820847722073694e-10
    },
    "shape_analysis": {
        "connected_components": 0,
        "largest_component": 0,
        "smallest_component": 0,
        "average_component_area": 0.0,
        "perimeter": 0.0,
        "bounding_box": [
            0,
            0,
            0,
            0
        ],
        "centroid": [
            0,
            0
        ],
        "convex_area": 0.0,
        "solidity": 0.0,
        "aspect_ratio": 0.0,
        "circularity": 0.0,
        "shape_complexity": 0.0
    },
    "confidence_analysis": {
        "average_probability": 3.9261281926883385e-05,
        "maximum_probability": 0.0010722842998802662,
        "minimum_probability": 2.820847722073694e-10,
        "confidence_variance": 1.125987658667782e-08,
        "confidence_entropy": -2047.9999991538523
    },
    "severity_assessment": {
        "severity_index": 0.2540843927862275,
        "risk_level": "Low",
        "confidence_level": "Low"
    },
    "file_paths": {
        "prediction": "predictions/sample_01725.png",
        "heatmap": "heatmaps/sample_01725.png",
        "overlay": "overlays/sample_01725.png"
    }
}