{
    "sample_index": 452,
    "sample_id": "sample_00452",
    "dataset_index": 1609,
    "image_id": "53_51",
    "image_name": "53_51.tif",
    "region": "OutsideTheBox",
    "temporal_baseline": "6days",
    "patch_number": "coherence",
    "coherence_path": "/kaggle/input/datasets/rishikeshgopal45/landslide-insar-isslide/ReadyToBeUsedDataset/6days/OutsideTheBox/12Oct2018_18Oct2018/coherence/53_51.tif",
    "phase_path": "/kaggle/input/datasets/rishikeshgopal45/landslide-insar-isslide/ReadyToBeUsedDataset/6days/OutsideTheBox/12Oct2018_18Oct2018/phase/53_51.tif",
    "ground_truth_path": "/kaggle/input/datasets/rishikeshgopal45/landslide-insar-isslide/ReadyToBeUsedDataset/6days/OutsideTheBox/Segmentations/12Oct2018_18Oct2018/53_51.tif",
    "dataset_split": "Test",
    "analysis_date": "2026-07-06 12:43:24",
    "coherence_analysis": {
        "mean": 0.29864197969436646,
        "median": 0.2757679224014282,
        "minimum": 0.0907929539680481,
        "maximum": 0.7432408928871155,
        "std": 0.10360197722911835,
        "variance": 0.01073336973786354,
        "range": 0.6524479389190674,
        "q25": 0.2235170155763626,
        "q50": 0.2757679224014282,
        "q75": 0.35200124979019165,
        "skewness": 0.9740424752235413,
        "kurtosis": 0.6910820007324219,
        "low_coherence_percentage": 59.36,
        "medium_coherence_percentage": 40.58,
        "high_coherence_percentage": 0.06
    },
    "phase_analysis": {
        "mean": -0.7489237189292908,
        "median": -1.2501074075698853,
        "minimum": -3.138878107070923,
        "maximum": 3.1346142292022705,
        "std": 1.5762012004852295,
        "variance": 2.484410047531128,
        "range": 6.273492336273193,
        "skewness": 0.8698238134384155,
        "kurtosis": -0.21994328498840332,
        "entropy": 5.27967654482893,
        "energy": 10.49806099573006,
        "gradient_mean": 0.8093922138214111,
        "gradient_std": 0.8624764084815979
    },
    "segmentation_analysis": {
        "ground_truth_area": 0,
        "predicted_area": 0,
        "difference": 0,
        "area_percentage": 0.0,
        "dice": 0.0,
        "iou": 0.0,
        "precision": 0.0,
        "recall": 0.0,
        "specificity": 0.9999999999989999,
        "sensitivity": 0.0,
        "accuracy": 0.9999999999989999,
        "f1_score": 0.0,
        "average_probability": 1.4323414688988123e-05,
        "maximum_probability": 0.00027449862682260573,
        "minimum_probability": 2.2444948122313235e-09
    },
    "shape_analysis": {
        "connected_components": 0,
        "largest_component": 0,
        "smallest_component": 0,
        "average_component_area": 0.0,
        "perimeter": 0.0,
        "bounding_box": [
            0,
            0,
            0,
            0
        ],
        "centroid": [
            0,
            0
        ],
        "convex_area": 0.0,
        "solidity": 0.0,
        "aspect_ratio": 0.0,
        "circularity": 0.0,
        "shape_complexity": 0.0
    },
    "confidence_analysis": {
        "average_probability": 1.4323414688988123e-05,
        "maximum_probability": 0.00027449862682260573,
        "minimum_probability": 2.2444948122313235e-09,
        "confidence_variance": 8.477902269099502e-10,
        "confidence_entropy": -2047.9999991538523
    },
    "severity_assessment": {
        "severity_index": 0.29770581716324,
        "risk_level": "Low",
        "confidence_level": "Low"
    },
    "file_paths": {
        "prediction": "predictions/sample_00452.png",
        "heatmap": "heatmaps/sample_00452.png",
        "overlay": "overlays/sample_00452.png"
    }
}