{
    "sample_index": 956,
    "sample_id": "sample_00956",
    "dataset_index": 12217,
    "image_id": "162_57",
    "image_name": "162_57.tif",
    "region": "QueyrasPark",
    "temporal_baseline": "18days",
    "patch_number": "coherence",
    "coherence_path": "/kaggle/input/datasets/rishikeshgopal45/landslide-insar-isslide/ReadyToBeUsedDataset/18days/QueyrasPark/25Aug2018_12Sep2018/coherence/162_57.tif",
    "phase_path": "/kaggle/input/datasets/rishikeshgopal45/landslide-insar-isslide/ReadyToBeUsedDataset/18days/QueyrasPark/25Aug2018_12Sep2018/phase/162_57.tif",
    "ground_truth_path": "/kaggle/input/datasets/rishikeshgopal45/landslide-insar-isslide/ReadyToBeUsedDataset/18days/QueyrasPark/Segmentations/25Aug2018_12Sep2018/162_57.tif",
    "dataset_split": "Test",
    "analysis_date": "2026-07-06 12:43:24",
    "coherence_analysis": {
        "mean": 0.7451294660568237,
        "median": 0.7747610807418823,
        "minimum": 0.17779700458049774,
        "maximum": 0.951686441898346,
        "std": 0.11523786187171936,
        "variance": 0.013279763981699944,
        "range": 0.773889422416687,
        "q25": 0.6850225329399109,
        "q50": 0.7747610807418823,
        "q75": 0.8284657597541809,
        "skewness": -1.119014859199524,
        "kurtosis": 1.1333413124084473,
        "low_coherence_percentage": 0.16,
        "medium_coherence_percentage": 27.83,
        "high_coherence_percentage": 72.00999999999999
    },
    "phase_analysis": {
        "mean": 1.5832957029342651,
        "median": 1.559828758239746,
        "minimum": 0.58961421251297,
        "maximum": 2.856792449951172,
        "std": 0.36402830481529236,
        "variance": 0.13251660764217377,
        "range": 2.2671782970428467,
        "skewness": -0.14549696445465088,
        "kurtosis": -0.015357494354248047,
        "entropy": 4.966189682039685,
        "energy": 106.87453362410987,
        "gradient_mean": 0.05635850876569748,
        "gradient_std": 0.06171298399567604
    },
    "segmentation_analysis": {
        "ground_truth_area": 0,
        "predicted_area": 0,
        "difference": 0,
        "area_percentage": 0.0,
        "dice": 0.0,
        "iou": 0.0,
        "precision": 0.0,
        "recall": 0.0,
        "specificity": 0.9999999999989999,
        "sensitivity": 0.0,
        "accuracy": 0.9999999999989999,
        "f1_score": 0.0,
        "average_probability": 1.0209773790847976e-05,
        "maximum_probability": 0.0007807822548784316,
        "minimum_probability": 4.0644931864619593e-10
    },
    "shape_analysis": {
        "connected_components": 0,
        "largest_component": 0,
        "smallest_component": 0,
        "average_component_area": 0.0,
        "perimeter": 0.0,
        "bounding_box": [
            0,
            0,
            0,
            0
        ],
        "centroid": [
            0,
            0
        ],
        "convex_area": 0.0,
        "solidity": 0.0,
        "aspect_ratio": 0.0,
        "circularity": 0.0,
        "shape_complexity": 0.0
    },
    "confidence_analysis": {
        "average_probability": 1.0209773790847976e-05,
        "maximum_probability": 0.0007807822548784316,
        "minimum_probability": 4.0644931864619593e-10,
        "confidence_variance": 1.1788313658556149e-09,
        "confidence_entropy": -2047.9999991538523
    },
    "severity_assessment": {
        "severity_index": 0.11709311015738508,
        "risk_level": "Very Low",
        "confidence_level": "Low"
    },
    "file_paths": {
        "prediction": "predictions/sample_00956.png",
        "heatmap": "heatmaps/sample_00956.png",
        "overlay": "overlays/sample_00956.png"
    }
}