{
    "sample_index": 955,
    "sample_id": "sample_00955",
    "dataset_index": 635,
    "image_id": "109_13",
    "image_name": "109_13.tif",
    "region": "EcrinPark",
    "temporal_baseline": "6days",
    "patch_number": "coherence",
    "coherence_path": "/kaggle/input/datasets/rishikeshgopal45/landslide-insar-isslide/ReadyToBeUsedDataset/6days/EcrinPark/19Aug2018_25Aug2018/coherence/109_13.tif",
    "phase_path": "/kaggle/input/datasets/rishikeshgopal45/landslide-insar-isslide/ReadyToBeUsedDataset/6days/EcrinPark/19Aug2018_25Aug2018/phase/109_13.tif",
    "ground_truth_path": "/kaggle/input/datasets/rishikeshgopal45/landslide-insar-isslide/ReadyToBeUsedDataset/6days/EcrinPark/Segmentations/19Aug2018_25Aug2018/109_13.tif",
    "dataset_split": "Test",
    "analysis_date": "2026-07-06 12:43:24",
    "coherence_analysis": {
        "mean": 0.5869356989860535,
        "median": 0.6425185799598694,
        "minimum": 0.09641661494970322,
        "maximum": 0.9500640630722046,
        "std": 0.19786210358142853,
        "variance": 0.039149411022663116,
        "range": 0.8536474704742432,
        "q25": 0.4564472436904907,
        "q50": 0.6425185799598694,
        "q75": 0.7400499582290649,
        "skewness": -0.6761146187782288,
        "kurtosis": -0.6748719215393066,
        "low_coherence_percentage": 14.46,
        "medium_coherence_percentage": 49.61,
        "high_coherence_percentage": 35.93
    },
    "phase_analysis": {
        "mean": 2.2462284564971924,
        "median": 2.4437003135681152,
        "minimum": -3.13746976852417,
        "maximum": 3.139816999435425,
        "std": 1.1453526020050049,
        "variance": 1.3118326663970947,
        "range": 6.277286529541016,
        "skewness": -3.8944177627563477,
        "kurtosis": 14.856754302978516,
        "entropy": 4.099307172862534,
        "energy": 32.026946104026116,
        "gradient_mean": 0.2237778753042221,
        "gradient_std": 0.7153334021568298
    },
    "segmentation_analysis": {
        "ground_truth_area": 0,
        "predicted_area": 0,
        "difference": 0,
        "area_percentage": 0.0,
        "dice": 0.0,
        "iou": 0.0,
        "precision": 0.0,
        "recall": 0.0,
        "specificity": 0.9999999999989999,
        "sensitivity": 0.0,
        "accuracy": 0.9999999999989999,
        "f1_score": 0.0,
        "average_probability": 1.2927254829264712e-05,
        "maximum_probability": 0.0003384569426998496,
        "minimum_probability": 2.213686733920639e-10
    },
    "shape_analysis": {
        "connected_components": 0,
        "largest_component": 0,
        "smallest_component": 0,
        "average_component_area": 0.0,
        "perimeter": 0.0,
        "bounding_box": [
            0,
            0,
            0,
            0
        ],
        "centroid": [
            0,
            0
        ],
        "convex_area": 0.0,
        "solidity": 0.0,
        "aspect_ratio": 0.0,
        "circularity": 0.0,
        "shape_complexity": 0.0
    },
    "confidence_analysis": {
        "average_probability": 1.2927254829264712e-05,
        "maximum_probability": 0.0003384569426998496,
        "minimum_probability": 2.213686733920639e-10,
        "confidence_variance": 7.800156076598341e-10,
        "confidence_entropy": -2047.9999991538523
    },
    "severity_assessment": {
        "severity_index": 0.2100413066009659,
        "risk_level": "Low",
        "confidence_level": "Low"
    },
    "file_paths": {
        "prediction": "predictions/sample_00955.png",
        "heatmap": "heatmaps/sample_00955.png",
        "overlay": "overlays/sample_00955.png"
    }
}