{
    "sample_index": 1123,
    "sample_id": "sample_01123",
    "dataset_index": 5946,
    "image_id": "90_1",
    "image_name": "90_1.tif",
    "region": "OutsideTheBox",
    "temporal_baseline": "12days",
    "patch_number": "coherence",
    "coherence_path": "/kaggle/input/datasets/rishikeshgopal45/landslide-insar-isslide/ReadyToBeUsedDataset/12days/OutsideTheBox/06Oct2018_18Oct2018/coherence/90_1.tif",
    "phase_path": "/kaggle/input/datasets/rishikeshgopal45/landslide-insar-isslide/ReadyToBeUsedDataset/12days/OutsideTheBox/06Oct2018_18Oct2018/phase/90_1.tif",
    "ground_truth_path": "/kaggle/input/datasets/rishikeshgopal45/landslide-insar-isslide/ReadyToBeUsedDataset/12days/OutsideTheBox/Segmentations/06Oct2018_18Oct2018/90_1.tif",
    "dataset_split": "Test",
    "analysis_date": "2026-07-06 12:43:24",
    "coherence_analysis": {
        "mean": 0.6470262408256531,
        "median": 0.6597233414649963,
        "minimum": 0.1391472965478897,
        "maximum": 0.8924036622047424,
        "std": 0.10324510931968689,
        "variance": 0.010659553110599518,
        "range": 0.7532563805580139,
        "q25": 0.5864361524581909,
        "q50": 0.6597233414649963,
        "q75": 0.7199580669403076,
        "skewness": -0.7146409153938293,
        "kurtosis": 0.6642792224884033,
        "low_coherence_percentage": 0.31,
        "medium_coherence_percentage": 66.16,
        "high_coherence_percentage": 33.53
    },
    "phase_analysis": {
        "mean": -0.9793689250946045,
        "median": -1.0090014934539795,
        "minimum": -1.6382362842559814,
        "maximum": 0.045070599764585495,
        "std": 0.2659669518470764,
        "variance": 0.07073842734098434,
        "range": 1.6833069324493408,
        "skewness": 0.6906711459159851,
        "kurtosis": 0.812755823135376,
        "entropy": 5.006310670316088,
        "energy": 193.31117510894032,
        "gradient_mean": 0.04861953854560852,
        "gradient_std": 0.03671339154243469
    },
    "segmentation_analysis": {
        "ground_truth_area": 0,
        "predicted_area": 0,
        "difference": 0,
        "area_percentage": 0.0,
        "dice": 0.0,
        "iou": 0.0,
        "precision": 0.0,
        "recall": 0.0,
        "specificity": 0.9999999999989999,
        "sensitivity": 0.0,
        "accuracy": 0.9999999999989999,
        "f1_score": 0.0,
        "average_probability": 3.204129825462587e-05,
        "maximum_probability": 0.0008780850912444293,
        "minimum_probability": 2.1203614863907205e-08
    },
    "shape_analysis": {
        "connected_components": 0,
        "largest_component": 0,
        "smallest_component": 0,
        "average_component_area": 0.0,
        "perimeter": 0.0,
        "bounding_box": [
            0,
            0,
            0,
            0
        ],
        "centroid": [
            0,
            0
        ],
        "convex_area": 0.0,
        "solidity": 0.0,
        "aspect_ratio": 0.0,
        "circularity": 0.0,
        "shape_complexity": 0.0
    },
    "confidence_analysis": {
        "average_probability": 3.204129825462587e-05,
        "maximum_probability": 0.0008780850912444293,
        "minimum_probability": 2.1203614863907205e-08,
        "confidence_variance": 4.9197868001726874e-09,
        "confidence_entropy": -2047.9999991538523
    },
    "severity_assessment": {
        "severity_index": 0.13026143267389442,
        "risk_level": "Very Low",
        "confidence_level": "Low"
    },
    "file_paths": {
        "prediction": "predictions/sample_01123.png",
        "heatmap": "heatmaps/sample_01123.png",
        "overlay": "overlays/sample_01123.png"
    }
}