{
    "sample_index": 105,
    "sample_id": "sample_00105",
    "dataset_index": 5238,
    "image_id": "127_16",
    "image_name": "127_16.tif",
    "region": "EcrinPark",
    "temporal_baseline": "12days",
    "patch_number": "coherence",
    "coherence_path": "/kaggle/input/datasets/rishikeshgopal45/landslide-insar-isslide/ReadyToBeUsedDataset/12days/EcrinPark/14Jul2018_26Jul2018/coherence/127_16.tif",
    "phase_path": "/kaggle/input/datasets/rishikeshgopal45/landslide-insar-isslide/ReadyToBeUsedDataset/12days/EcrinPark/14Jul2018_26Jul2018/phase/127_16.tif",
    "ground_truth_path": "/kaggle/input/datasets/rishikeshgopal45/landslide-insar-isslide/ReadyToBeUsedDataset/12days/EcrinPark/Segmentations/14Jul2018_26Jul2018/127_16.tif",
    "dataset_split": "Test",
    "analysis_date": "2026-07-06 12:43:24",
    "coherence_analysis": {
        "mean": 0.40483152866363525,
        "median": 0.3963339924812317,
        "minimum": 0.08808740228414536,
        "maximum": 0.8516145348548889,
        "std": 0.160149484872818,
        "variance": 0.025647858157753944,
        "range": 0.7635271549224854,
        "q25": 0.2670196294784546,
        "q50": 0.3963339924812317,
        "q75": 0.5291981101036072,
        "skewness": 0.26215144991874695,
        "kurtosis": -0.8607032299041748,
        "low_coherence_percentage": 31.7,
        "medium_coherence_percentage": 64.95,
        "high_coherence_percentage": 3.35
    },
    "phase_analysis": {
        "mean": -0.1977395862340927,
        "median": -0.23680570721626282,
        "minimum": -3.0330426692962646,
        "maximum": 3.105175733566284,
        "std": 0.9373812079429626,
        "variance": 0.8786835670471191,
        "range": 6.138218402862549,
        "skewness": 0.4609956443309784,
        "kurtosis": 2.0062832832336426,
        "entropy": 4.7658619068151244,
        "energy": 19.224183931553938,
        "gradient_mean": 0.4121028184890747,
        "gradient_std": 0.5210413336753845
    },
    "segmentation_analysis": {
        "ground_truth_area": 309,
        "predicted_area": 0,
        "difference": 309,
        "area_percentage": 0.0,
        "dice": 0.0,
        "iou": 0.0,
        "precision": 0.0,
        "recall": 0.0,
        "specificity": 0.999999999998968,
        "sensitivity": 0.0,
        "accuracy": 0.9690999999990308,
        "f1_score": 0.0,
        "average_probability": 7.472103607142344e-05,
        "maximum_probability": 0.02065262384712696,
        "minimum_probability": 1.1876246513997657e-11
    },
    "shape_analysis": {
        "connected_components": 0,
        "largest_component": 0,
        "smallest_component": 0,
        "average_component_area": 0.0,
        "perimeter": 0.0,
        "bounding_box": [
            0,
            0,
            0,
            0
        ],
        "centroid": [
            0,
            0
        ],
        "convex_area": 0.0,
        "solidity": 0.0,
        "aspect_ratio": 0.0,
        "circularity": 0.0,
        "shape_complexity": 0.0
    },
    "confidence_analysis": {
        "average_probability": 7.472103607142344e-05,
        "maximum_probability": 0.02065262384712696,
        "minimum_probability": 1.1876246513997657e-11,
        "confidence_variance": 5.333405965757265e-07,
        "confidence_entropy": -2034.0357790171522
    },
    "severity_assessment": {
        "severity_index": 0.24555998201072768,
        "risk_level": "Low",
        "confidence_level": "Low"
    },
    "file_paths": {
        "prediction": "predictions/sample_00105.png",
        "heatmap": "heatmaps/sample_00105.png",
        "overlay": "overlays/sample_00105.png"
    }
}