{
    "sample_index": 1677,
    "sample_id": "sample_01677",
    "dataset_index": 3712,
    "image_id": "27_35",
    "image_name": "27_35.tif",
    "region": "Vanoise",
    "temporal_baseline": "6days",
    "patch_number": "coherence",
    "coherence_path": "/kaggle/input/datasets/rishikeshgopal45/landslide-insar-isslide/ReadyToBeUsedDataset/6days/Vanoise/25Aug2018_31Aug2018/coherence/27_35.tif",
    "phase_path": "/kaggle/input/datasets/rishikeshgopal45/landslide-insar-isslide/ReadyToBeUsedDataset/6days/Vanoise/25Aug2018_31Aug2018/phase/27_35.tif",
    "ground_truth_path": "/kaggle/input/datasets/rishikeshgopal45/landslide-insar-isslide/ReadyToBeUsedDataset/6days/Vanoise/Segmentations/25Aug2018_31Aug2018/27_35.tif",
    "dataset_split": "Test",
    "analysis_date": "2026-07-06 12:43:24",
    "coherence_analysis": {
        "mean": 0.7549020648002625,
        "median": 0.8017003536224365,
        "minimum": 0.13753709197044373,
        "maximum": 0.9527907967567444,
        "std": 0.14930635690689087,
        "variance": 0.02229238860309124,
        "range": 0.815253734588623,
        "q25": 0.6915533542633057,
        "q50": 0.8017003536224365,
        "q75": 0.8623763918876648,
        "skewness": -1.3203576803207397,
        "kurtosis": 1.2922749519348145,
        "low_coherence_percentage": 1.0699999999999998,
        "medium_coherence_percentage": 25.19,
        "high_coherence_percentage": 73.74000000000001
    },
    "phase_analysis": {
        "mean": -2.0697455406188965,
        "median": -2.142326593399048,
        "minimum": -3.130512237548828,
        "maximum": 3.132148265838623,
        "std": 0.6576385498046875,
        "variance": 0.43248847126960754,
        "range": 6.262660503387451,
        "skewness": 5.0572428703308105,
        "kurtosis": 34.83124542236328,
        "entropy": 4.077735996281939,
        "energy": 33.50065219325589,
        "gradient_mean": 0.12386081367731094,
        "gradient_std": 0.46427351236343384
    },
    "segmentation_analysis": {
        "ground_truth_area": 240,
        "predicted_area": 275,
        "difference": 35,
        "area_percentage": 2.75,
        "dice": 0.8737864077500236,
        "iou": 0.7758620689387633,
        "precision": 0.8181818181520661,
        "recall": 0.9374999999609375,
        "specificity": 0.9948770491793084,
        "sensitivity": 0.9374999999609375,
        "accuracy": 0.9934999999990064,
        "f1_score": 0.8737864077500236,
        "average_probability": 0.02821643091738224,
        "maximum_probability": 0.9999998807907104,
        "minimum_probability": 1.6948254448342714e-16
    },
    "shape_analysis": {
        "connected_components": 1,
        "largest_component": 275,
        "smallest_component": 275,
        "average_component_area": 275.0,
        "perimeter": 80.72792184352875,
        "bounding_box": [
            0,
            12,
            34,
            10
        ],
        "centroid": [
            15.541818181818181,
            15.88
        ],
        "convex_area": 265.5,
        "solidity": 0.8870056496841052,
        "aspect_ratio": 3.3999999965999996,
        "circularity": 0.45410180699031605,
        "shape_complexity": 27.67302490402614
    },
    "confidence_analysis": {
        "average_probability": 0.02821643091738224,
        "maximum_probability": 0.9999998807907104,
        "minimum_probability": 1.6948254448342714e-16,
        "confidence_variance": 0.02526756376028061,
        "confidence_entropy": -1935.5486778483094
    },
    "severity_assessment": {
        "severity_index": 0.2215010940913908,
        "risk_level": "Low",
        "confidence_level": "Low"
    },
    "file_paths": {
        "prediction": "predictions/sample_01677.png",
        "heatmap": "heatmaps/sample_01677.png",
        "overlay": "overlays/sample_01677.png"
    }
}