{
    "sample_index": 59,
    "sample_id": "sample_00059",
    "dataset_index": 10476,
    "image_id": "80_78",
    "image_name": "80_78.tif",
    "region": "OutsideTheBox",
    "temporal_baseline": "18days",
    "patch_number": "coherence",
    "coherence_path": "/kaggle/input/datasets/rishikeshgopal45/landslide-insar-isslide/ReadyToBeUsedDataset/18days/OutsideTheBox/20Jul2018_07Aug2018/coherence/80_78.tif",
    "phase_path": "/kaggle/input/datasets/rishikeshgopal45/landslide-insar-isslide/ReadyToBeUsedDataset/18days/OutsideTheBox/20Jul2018_07Aug2018/phase/80_78.tif",
    "ground_truth_path": "/kaggle/input/datasets/rishikeshgopal45/landslide-insar-isslide/ReadyToBeUsedDataset/18days/OutsideTheBox/Segmentations/20Jul2018_07Aug2018/80_78.tif",
    "dataset_split": "Test",
    "analysis_date": "2026-07-06 12:43:24",
    "coherence_analysis": {
        "mean": 0.5148203372955322,
        "median": 0.5082022547721863,
        "minimum": 0.09789056330919266,
        "maximum": 0.9039568305015564,
        "std": 0.1569603979587555,
        "variance": 0.024636566638946533,
        "range": 0.8060662746429443,
        "q25": 0.39866894483566284,
        "q50": 0.5082022547721863,
        "q75": 0.6281355619430542,
        "skewness": 0.113491490483284,
        "kurtosis": -0.627457857131958,
        "low_coherence_percentage": 8.85,
        "medium_coherence_percentage": 77.4,
        "high_coherence_percentage": 13.750000000000002
    },
    "phase_analysis": {
        "mean": 2.365886688232422,
        "median": 2.381218910217285,
        "minimum": -3.1061177253723145,
        "maximum": 3.139249563217163,
        "std": 0.443416565656662,
        "variance": 0.1966182440519333,
        "range": 6.245367050170898,
        "skewness": -6.046596527099609,
        "kurtosis": 70.84062957763672,
        "entropy": 3.9377165309191446,
        "energy": 39.55367842977802,
        "gradient_mean": 0.11285056173801422,
        "gradient_std": 0.3042200803756714
    },
    "segmentation_analysis": {
        "ground_truth_area": 0,
        "predicted_area": 0,
        "difference": 0,
        "area_percentage": 0.0,
        "dice": 0.0,
        "iou": 0.0,
        "precision": 0.0,
        "recall": 0.0,
        "specificity": 0.9999999999989999,
        "sensitivity": 0.0,
        "accuracy": 0.9999999999989999,
        "f1_score": 0.0,
        "average_probability": 2.3944177883095108e-05,
        "maximum_probability": 0.0015815610531717539,
        "minimum_probability": 8.536191309360674e-09
    },
    "shape_analysis": {
        "connected_components": 0,
        "largest_component": 0,
        "smallest_component": 0,
        "average_component_area": 0.0,
        "perimeter": 0.0,
        "bounding_box": [
            0,
            0,
            0,
            0
        ],
        "centroid": [
            0,
            0
        ],
        "convex_area": 0.0,
        "solidity": 0.0,
        "aspect_ratio": 0.0,
        "circularity": 0.0,
        "shape_complexity": 0.0
    },
    "confidence_analysis": {
        "average_probability": 2.3944177883095108e-05,
        "maximum_probability": 0.0015815610531717539,
        "minimum_probability": 8.536191309360674e-09,
        "confidence_variance": 5.1136326284506595e-09,
        "confidence_entropy": -2047.9999991538523
    },
    "severity_assessment": {
        "severity_index": 0.18273477665691923,
        "risk_level": "Very Low",
        "confidence_level": "Low"
    },
    "file_paths": {
        "prediction": "predictions/sample_00059.png",
        "heatmap": "heatmaps/sample_00059.png",
        "overlay": "overlays/sample_00059.png"
    }
}