{
    "sample_index": 1316,
    "sample_id": "sample_01316",
    "dataset_index": 1877,
    "image_id": "66_44",
    "image_name": "66_44.tif",
    "region": "OutsideTheBox",
    "temporal_baseline": "6days",
    "patch_number": "coherence",
    "coherence_path": "/kaggle/input/datasets/rishikeshgopal45/landslide-insar-isslide/ReadyToBeUsedDataset/6days/OutsideTheBox/18Oct2018_24Oct2018/coherence/66_44.tif",
    "phase_path": "/kaggle/input/datasets/rishikeshgopal45/landslide-insar-isslide/ReadyToBeUsedDataset/6days/OutsideTheBox/18Oct2018_24Oct2018/phase/66_44.tif",
    "ground_truth_path": "/kaggle/input/datasets/rishikeshgopal45/landslide-insar-isslide/ReadyToBeUsedDataset/6days/OutsideTheBox/Segmentations/18Oct2018_24Oct2018/66_44.tif",
    "dataset_split": "Test",
    "analysis_date": "2026-07-06 12:43:24",
    "coherence_analysis": {
        "mean": 0.681061327457428,
        "median": 0.7134459018707275,
        "minimum": 0.11341708898544312,
        "maximum": 0.9447157382965088,
        "std": 0.1446509063243866,
        "variance": 0.020923882722854614,
        "range": 0.8312986493110657,
        "q25": 0.6072351932525635,
        "q50": 0.7134459018707275,
        "q75": 0.7870041728019714,
        "skewness": -1.1930534839630127,
        "kurtosis": 1.5237574577331543,
        "low_coherence_percentage": 2.54,
        "medium_coherence_percentage": 43.38,
        "high_coherence_percentage": 54.08
    },
    "phase_analysis": {
        "mean": 0.14385145902633667,
        "median": 0.07650890201330185,
        "minimum": -3.125048875808716,
        "maximum": 3.0722250938415527,
        "std": 0.4748833477497101,
        "variance": 0.22551418840885162,
        "range": 6.197274208068848,
        "skewness": 1.2831342220306396,
        "kurtosis": 10.446192741394043,
        "entropy": 4.0501830866427175,
        "energy": 35.78956389990093,
        "gradient_mean": 0.09536310285329819,
        "gradient_std": 0.2345963567495346
    },
    "segmentation_analysis": {
        "ground_truth_area": 0,
        "predicted_area": 0,
        "difference": 0,
        "area_percentage": 0.0,
        "dice": 0.0,
        "iou": 0.0,
        "precision": 0.0,
        "recall": 0.0,
        "specificity": 0.9999999999989999,
        "sensitivity": 0.0,
        "accuracy": 0.9999999999989999,
        "f1_score": 0.0,
        "average_probability": 2.8049353204551153e-05,
        "maximum_probability": 0.00743075693026185,
        "minimum_probability": 8.246107963127969e-11
    },
    "shape_analysis": {
        "connected_components": 0,
        "largest_component": 0,
        "smallest_component": 0,
        "average_component_area": 0.0,
        "perimeter": 0.0,
        "bounding_box": [
            0,
            0,
            0,
            0
        ],
        "centroid": [
            0,
            0
        ],
        "convex_area": 0.0,
        "solidity": 0.0,
        "aspect_ratio": 0.0,
        "circularity": 0.0,
        "shape_complexity": 0.0
    },
    "confidence_analysis": {
        "average_probability": 2.8049353204551153e-05,
        "maximum_probability": 0.00743075693026185,
        "minimum_probability": 8.246107963127969e-11,
        "confidence_variance": 6.917098005487787e-08,
        "confidence_entropy": -2043.8441844005215
    },
    "severity_assessment": {
        "severity_index": 0.1441307233862849,
        "risk_level": "Very Low",
        "confidence_level": "Low"
    },
    "file_paths": {
        "prediction": "predictions/sample_01316.png",
        "heatmap": "heatmaps/sample_01316.png",
        "overlay": "overlays/sample_01316.png"
    }
}