{
    "sample_index": 1055,
    "sample_id": "sample_01055",
    "dataset_index": 3979,
    "image_id": "16_0",
    "image_name": "16_0.tif",
    "region": "Vanoise",
    "temporal_baseline": "6days",
    "patch_number": "coherence",
    "coherence_path": "/kaggle/input/datasets/rishikeshgopal45/landslide-insar-isslide/ReadyToBeUsedDataset/6days/Vanoise/18Sep2018_24Sep2018/coherence/16_0.tif",
    "phase_path": "/kaggle/input/datasets/rishikeshgopal45/landslide-insar-isslide/ReadyToBeUsedDataset/6days/Vanoise/18Sep2018_24Sep2018/phase/16_0.tif",
    "ground_truth_path": "/kaggle/input/datasets/rishikeshgopal45/landslide-insar-isslide/ReadyToBeUsedDataset/6days/Vanoise/Segmentations/18Sep2018_24Sep2018/16_0.tif",
    "dataset_split": "Test",
    "analysis_date": "2026-07-06 12:43:24",
    "coherence_analysis": {
        "mean": 0.7086681723594666,
        "median": 0.7187676429748535,
        "minimum": 0.30878135561943054,
        "maximum": 0.9504099488258362,
        "std": 0.09761914610862732,
        "variance": 0.009529497474431992,
        "range": 0.641628623008728,
        "q25": 0.6474331021308899,
        "q50": 0.7187676429748535,
        "q75": 0.7802157998085022,
        "skewness": -0.562920093536377,
        "kurtosis": 0.24547219276428223,
        "low_coherence_percentage": 0.0,
        "medium_coherence_percentage": 42.33,
        "high_coherence_percentage": 57.67
    },
    "phase_analysis": {
        "mean": 0.8132255673408508,
        "median": 1.482997179031372,
        "minimum": -3.1406149864196777,
        "maximum": 3.13987398147583,
        "std": 2.064699411392212,
        "variance": 4.262983322143555,
        "range": 6.280488967895508,
        "skewness": -1.023177146911621,
        "kurtosis": -0.4539632797241211,
        "entropy": 4.843350030967542,
        "energy": 14.059836591973859,
        "gradient_mean": 0.18854045867919922,
        "gradient_std": 0.669819712638855
    },
    "segmentation_analysis": {
        "ground_truth_area": 0,
        "predicted_area": 0,
        "difference": 0,
        "area_percentage": 0.0,
        "dice": 0.0,
        "iou": 0.0,
        "precision": 0.0,
        "recall": 0.0,
        "specificity": 0.9999999999989999,
        "sensitivity": 0.0,
        "accuracy": 0.9999999999989999,
        "f1_score": 0.0,
        "average_probability": 2.4846809537848458e-05,
        "maximum_probability": 0.0006686188862659037,
        "minimum_probability": 6.3340195310956915e-09
    },
    "shape_analysis": {
        "connected_components": 0,
        "largest_component": 0,
        "smallest_component": 0,
        "average_component_area": 0.0,
        "perimeter": 0.0,
        "bounding_box": [
            0,
            0,
            0,
            0
        ],
        "centroid": [
            0,
            0
        ],
        "convex_area": 0.0,
        "solidity": 0.0,
        "aspect_ratio": 0.0,
        "circularity": 0.0,
        "shape_complexity": 0.0
    },
    "confidence_analysis": {
        "average_probability": 2.4846809537848458e-05,
        "maximum_probability": 0.0006686188862659037,
        "minimum_probability": 6.3340195310956915e-09,
        "confidence_variance": 2.9384819022482134e-09,
        "confidence_entropy": -2047.9999991538523
    },
    "severity_assessment": {
        "severity_index": 0.20757370203621237,
        "risk_level": "Low",
        "confidence_level": "Low"
    },
    "file_paths": {
        "prediction": "predictions/sample_01055.png",
        "heatmap": "heatmaps/sample_01055.png",
        "overlay": "overlays/sample_01055.png"
    }
}