{
    "sample_index": 533,
    "sample_id": "sample_00533",
    "dataset_index": 2391,
    "image_id": "191_46",
    "image_name": "191_46.tif",
    "region": "QueyrasPark",
    "temporal_baseline": "6days",
    "patch_number": "coherence",
    "coherence_path": "/kaggle/input/datasets/rishikeshgopal45/landslide-insar-isslide/ReadyToBeUsedDataset/6days/QueyrasPark/26Jul2018_01Aug2018/coherence/191_46.tif",
    "phase_path": "/kaggle/input/datasets/rishikeshgopal45/landslide-insar-isslide/ReadyToBeUsedDataset/6days/QueyrasPark/26Jul2018_01Aug2018/phase/191_46.tif",
    "ground_truth_path": "/kaggle/input/datasets/rishikeshgopal45/landslide-insar-isslide/ReadyToBeUsedDataset/6days/QueyrasPark/Segmentations/26Jul2018_01Aug2018/191_46.tif",
    "dataset_split": "Test",
    "analysis_date": "2026-07-06 12:43:24",
    "coherence_analysis": {
        "mean": 0.6182994842529297,
        "median": 0.6768341660499573,
        "minimum": 0.12766753137111664,
        "maximum": 0.9259709715843201,
        "std": 0.2043544501066208,
        "variance": 0.04176073893904686,
        "range": 0.7983034253120422,
        "q25": 0.47714313864707947,
        "q50": 0.6768341660499573,
        "q75": 0.7839478850364685,
        "skewness": -0.6889315843582153,
        "kurtosis": -0.7157723903656006,
        "low_coherence_percentage": 12.04,
        "medium_coherence_percentage": 42.69,
        "high_coherence_percentage": 45.269999999999996
    },
    "phase_analysis": {
        "mean": -1.14324951171875,
        "median": -1.417049765586853,
        "minimum": -3.072938919067383,
        "maximum": 3.125089645385742,
        "std": 1.109830379486084,
        "variance": 1.2317235469818115,
        "range": 6.198028564453125,
        "skewness": 2.240053653717041,
        "kurtosis": 4.865011692047119,
        "entropy": 4.240807610669603,
        "energy": 34.8631476311051,
        "gradient_mean": 0.3260546028614044,
        "gradient_std": 0.6845697164535522
    },
    "segmentation_analysis": {
        "ground_truth_area": 0,
        "predicted_area": 0,
        "difference": 0,
        "area_percentage": 0.0,
        "dice": 0.0,
        "iou": 0.0,
        "precision": 0.0,
        "recall": 0.0,
        "specificity": 0.9999999999989999,
        "sensitivity": 0.0,
        "accuracy": 0.9999999999989999,
        "f1_score": 0.0,
        "average_probability": 3.424498572712764e-05,
        "maximum_probability": 0.005015764385461807,
        "minimum_probability": 4.269133102585698e-10
    },
    "shape_analysis": {
        "connected_components": 0,
        "largest_component": 0,
        "smallest_component": 0,
        "average_component_area": 0.0,
        "perimeter": 0.0,
        "bounding_box": [
            0,
            0,
            0,
            0
        ],
        "centroid": [
            0,
            0
        ],
        "convex_area": 0.0,
        "solidity": 0.0,
        "aspect_ratio": 0.0,
        "circularity": 0.0,
        "shape_complexity": 0.0
    },
    "confidence_analysis": {
        "average_probability": 3.424498572712764e-05,
        "maximum_probability": 0.005015764385461807,
        "minimum_probability": 4.269133102585698e-10,
        "confidence_variance": 3.9741742341448116e-08,
        "confidence_entropy": -2046.4117599772892
    },
    "severity_assessment": {
        "severity_index": 0.20063077866832735,
        "risk_level": "Low",
        "confidence_level": "Low"
    },
    "file_paths": {
        "prediction": "predictions/sample_00533.png",
        "heatmap": "heatmaps/sample_00533.png",
        "overlay": "overlays/sample_00533.png"
    }
}