{
    "sample_index": 944,
    "sample_id": "sample_00944",
    "dataset_index": 906,
    "image_id": "90_1",
    "image_name": "90_1.tif",
    "region": "OutsideTheBox",
    "temporal_baseline": "6days",
    "patch_number": "coherence",
    "coherence_path": "/kaggle/input/datasets/rishikeshgopal45/landslide-insar-isslide/ReadyToBeUsedDataset/6days/OutsideTheBox/25Aug2018_31Aug2018/coherence/90_1.tif",
    "phase_path": "/kaggle/input/datasets/rishikeshgopal45/landslide-insar-isslide/ReadyToBeUsedDataset/6days/OutsideTheBox/25Aug2018_31Aug2018/phase/90_1.tif",
    "ground_truth_path": "/kaggle/input/datasets/rishikeshgopal45/landslide-insar-isslide/ReadyToBeUsedDataset/6days/OutsideTheBox/Segmentations/25Aug2018_31Aug2018/90_1.tif",
    "dataset_split": "Test",
    "analysis_date": "2026-07-06 12:43:24",
    "coherence_analysis": {
        "mean": 0.6659110188484192,
        "median": 0.6793419122695923,
        "minimum": 0.19766290485858917,
        "maximum": 0.9298068881034851,
        "std": 0.10020490735769272,
        "variance": 0.01004102360457182,
        "range": 0.7321439981460571,
        "q25": 0.6067385673522949,
        "q50": 0.6793419122695923,
        "q75": 0.73885178565979,
        "skewness": -0.7046858668327332,
        "kurtosis": 0.5949976444244385,
        "low_coherence_percentage": 0.25,
        "medium_coherence_percentage": 58.230000000000004,
        "high_coherence_percentage": 41.52
    },
    "phase_analysis": {
        "mean": 0.5244430899620056,
        "median": 1.1355684995651245,
        "minimum": -3.1368348598480225,
        "maximum": 3.1414380073547363,
        "std": 1.804138422012329,
        "variance": 3.254915237426758,
        "range": 6.27827262878418,
        "skewness": -0.49124521017074585,
        "kurtosis": -1.051597237586975,
        "entropy": 5.39974585777931,
        "energy": 8.633282151001143,
        "gradient_mean": 0.1644999384880066,
        "gradient_std": 0.537580132484436
    },
    "segmentation_analysis": {
        "ground_truth_area": 0,
        "predicted_area": 0,
        "difference": 0,
        "area_percentage": 0.0,
        "dice": 0.0,
        "iou": 0.0,
        "precision": 0.0,
        "recall": 0.0,
        "specificity": 0.9999999999989999,
        "sensitivity": 0.0,
        "accuracy": 0.9999999999989999,
        "f1_score": 0.0,
        "average_probability": 1.6786741980467923e-05,
        "maximum_probability": 0.000985139748081565,
        "minimum_probability": 4.3708148211862863e-10
    },
    "shape_analysis": {
        "connected_components": 0,
        "largest_component": 0,
        "smallest_component": 0,
        "average_component_area": 0.0,
        "perimeter": 0.0,
        "bounding_box": [
            0,
            0,
            0,
            0
        ],
        "centroid": [
            0,
            0
        ],
        "convex_area": 0.0,
        "solidity": 0.0,
        "aspect_ratio": 0.0,
        "circularity": 0.0,
        "shape_complexity": 0.0
    },
    "confidence_analysis": {
        "average_probability": 1.6786741980467923e-05,
        "maximum_probability": 0.000985139748081565,
        "minimum_probability": 4.3708148211862863e-10,
        "confidence_variance": 1.752971323654151e-09,
        "confidence_entropy": -2047.9999991538523
    },
    "severity_assessment": {
        "severity_index": 0.2121990900434853,
        "risk_level": "Low",
        "confidence_level": "Low"
    },
    "file_paths": {
        "prediction": "predictions/sample_00944.png",
        "heatmap": "heatmaps/sample_00944.png",
        "overlay": "overlays/sample_00944.png"
    }
}