{
    "sample_index": 830,
    "sample_id": "sample_00830",
    "dataset_index": 2393,
    "image_id": "193_49",
    "image_name": "193_49.tif",
    "region": "QueyrasPark",
    "temporal_baseline": "6days",
    "patch_number": "coherence",
    "coherence_path": "/kaggle/input/datasets/rishikeshgopal45/landslide-insar-isslide/ReadyToBeUsedDataset/6days/QueyrasPark/26Jul2018_01Aug2018/coherence/193_49.tif",
    "phase_path": "/kaggle/input/datasets/rishikeshgopal45/landslide-insar-isslide/ReadyToBeUsedDataset/6days/QueyrasPark/26Jul2018_01Aug2018/phase/193_49.tif",
    "ground_truth_path": "/kaggle/input/datasets/rishikeshgopal45/landslide-insar-isslide/ReadyToBeUsedDataset/6days/QueyrasPark/Segmentations/26Jul2018_01Aug2018/193_49.tif",
    "dataset_split": "Test",
    "analysis_date": "2026-07-06 12:43:24",
    "coherence_analysis": {
        "mean": 0.7773992419242859,
        "median": 0.8201535940170288,
        "minimum": 0.19410553574562073,
        "maximum": 0.964529812335968,
        "std": 0.14944900572299957,
        "variance": 0.022335004061460495,
        "range": 0.7704242467880249,
        "q25": 0.7254295945167542,
        "q50": 0.8201535940170288,
        "q75": 0.8823754191398621,
        "skewness": -1.5402518510818481,
        "kurtosis": 2.110992908477783,
        "low_coherence_percentage": 1.2,
        "medium_coherence_percentage": 19.71,
        "high_coherence_percentage": 79.09
    },
    "phase_analysis": {
        "mean": -1.3932881355285645,
        "median": -1.4159014225006104,
        "minimum": -3.0079240798950195,
        "maximum": 3.1391990184783936,
        "std": 0.39820218086242676,
        "variance": 0.1585649698972702,
        "range": 6.147123336791992,
        "skewness": 2.3635833263397217,
        "kurtosis": 30.04403305053711,
        "entropy": 3.8975864450457403,
        "energy": 40.990281371171754,
        "gradient_mean": 0.07734519988298416,
        "gradient_std": 0.22746534645557404
    },
    "segmentation_analysis": {
        "ground_truth_area": 0,
        "predicted_area": 0,
        "difference": 0,
        "area_percentage": 0.0,
        "dice": 0.0,
        "iou": 0.0,
        "precision": 0.0,
        "recall": 0.0,
        "specificity": 0.9999999999989999,
        "sensitivity": 0.0,
        "accuracy": 0.9999999999989999,
        "f1_score": 0.0,
        "average_probability": 1.9121518562315032e-05,
        "maximum_probability": 0.0012865376193076372,
        "minimum_probability": 1.191758025598233e-09
    },
    "shape_analysis": {
        "connected_components": 0,
        "largest_component": 0,
        "smallest_component": 0,
        "average_component_area": 0.0,
        "perimeter": 0.0,
        "bounding_box": [
            0,
            0,
            0,
            0
        ],
        "centroid": [
            0,
            0
        ],
        "convex_area": 0.0,
        "solidity": 0.0,
        "aspect_ratio": 0.0,
        "circularity": 0.0,
        "shape_complexity": 0.0
    },
    "confidence_analysis": {
        "average_probability": 1.9121518562315032e-05,
        "maximum_probability": 0.0012865376193076372,
        "minimum_probability": 1.191758025598233e-09,
        "confidence_variance": 4.376167428432609e-09,
        "confidence_entropy": -2047.9999991538523
    },
    "severity_assessment": {
        "severity_index": 0.11260935984675782,
        "risk_level": "Very Low",
        "confidence_level": "Low"
    },
    "file_paths": {
        "prediction": "predictions/sample_00830.png",
        "heatmap": "heatmaps/sample_00830.png",
        "overlay": "overlays/sample_00830.png"
    }
}